{"farmer_1": {}, "farmer_2": {}, "farmer_3": {"80.0": {"profit": {"Value": -8607139.380038228, "Envir": 175661.371400885, "Vars": "[11.  3. 85.  1.  2.  2.]", "Mean": -6578599.818606576, "Nsamples": 4, "stop_bool": 0, "per_change": 0}, "envir": {"Value": 114004.2665726069, "Profit": -1223189.6335846172, "Vars": "[52. 33. 33.  2.  0.  1.]", "Mean": -6578599.818606576, "Nsamples": 4, "stop_bool": 0, "per_change": 0}}, "48.0": {"profit": {"Value": -3962828.8363158996, "Envir": 163759.46971305727, "Vars": "[97. 33. 93.  2.  0.  2.]", "Mean": -3256256.521373274, "Nsamples": 4, "stop_bool": 0, "per_change": 0}, "envir": {"Value": 104578.79391486442, "Profit": -1815474.4997141252, "Vars": "[ 6.  0. 94.  1.  0.  0.]", "Mean": -3256256.521373274, "Nsamples": 4, "stop_bool": 0, "per_change": 0}}, "94.0": {"profit": {"Value": -9428101.266814437, "Envir": 147529.0610984218, "Vars": "[50. 50. 53.  2.  0.  2.]", "Mean": -4927119.809128692, "Nsamples": 2, "stop_bool": 0, "per_change": 0}, "envir": {"Value": 77371.47148573556, "Profit": -426138.3514429478, "Vars": "[ 0. 14. 86.  1.  2.  2.]", "Mean": -4927119.809128692, "Nsamples": 2, "stop_bool": 0, "per_change": 0}}, "32.0": {"profit": {"Value": -794046.1292813028, "Envir": 86624.88012065926, "Vars": "[18. 71. 49.  1.  0.  2.]", "Mean": -455549.6314778491, "Nsamples": 2, "stop_bool": 0, "per_change": 0}, "envir": {"Value": 80882.1214742672, "Profit": -117053.13367439539, "Vars": "[ 8.  0. 92.  1.  2.  2.]", "Mean": -455549.6314778491, "Nsamples": 2, "stop_bool": 0, "per_change": 0}}, "95.0": {"profit": {"Value": -9322369.401268445, "Envir": 154982.13877784376, "Vars": "[93.  5.  1.  1.  2.  2.]", "Mean": -3155139.0846600975, "Nsamples": 4, "stop_bool": 0, "per_change": 0}, "envir": {"Value": 121163.28966574967, "Profit": -387234.6890660058, "Vars": "[74. 62. 67.  0.  2.  1.]", "Mean": -3155139.0846600975, "Nsamples": 4, "stop_bool": 0, "per_change": 0}}}}