{"farmer_1_1": {}, "farmer_1_2": {}, "farmer_1_3": {}, "farmer_2_1": {}, "farmer_2_2": {}, "farmer_2_3": {}, "farmer_3_1": {"80.0": {"profit": {"Value": -8492711.254229473, "Envir": 218132.14293842338, "Vars": "[ 7. 16. 77.  1.  1.  2.]", "Mean": -5166008.548359133, "Nsamples": 5, "stop_bool": 0, "per_change": 0}, "envir": {"Value": 100098.57142039298, "Profit": -440909.0733724494, "Vars": "[ 2. 91.  7.  2.  2.  1.]", "Mean": -5166008.548359133, "Nsamples": 5, "stop_bool": 0, "per_change": 0}}, "19.0": {"profit": {"Value": -176934.44643384372, "Envir": 148252.66266755006, "Vars": "[82.  1. 16.  0.  1.  1.]", "Mean": -75310.92882609434, "Nsamples": 7, "stop_bool": 0, "per_change": 0}, "envir": {"Value": 91268.28509128344, "Profit": -5232.816446023426, "Vars": "[ 3. 95.  2.  0.  0.  1.]", "Mean": -75310.92882609433, "Nsamples": 7, "stop_bool": 0, "per_change": 0}}, "84.0": {"profit": {"Value": -8778440.605492393, "Envir": 171882.92239541083, "Vars": "[95.  1.  3.  2.  2.  1.]", "Mean": -5768421.316587814, "Nsamples": 3, "stop_bool": 0, "per_change": 0}, "envir": {"Value": 97637.95367113336, "Profit": -448191.4351636656, "Vars": "[64. 29. 56.  0.  0.  0.]", "Mean": -5768421.316587814, "Nsamples": 3, "stop_bool": 0, "per_change": 0}}, "96.0": {"profit": {"Value": -8968309.602881039, "Envir": 175042.901142634, "Vars": "[ 9. 54. 36.  1.  2.  2.]", "Mean": -4130405.2616435373, "Nsamples": 5, "stop_bool": 0, "per_change": 0}, "envir": {"Value": 132047.19812989066, "Profit": -2476063.7038215795, "Vars": "[24. 75.  0.  1.  1.  1.]", "Mean": -4130405.2616435373, "Nsamples": 5, "stop_bool": 0, "per_change": 0}}, "78.0": {"profit": {"Value": -8888054.343398761, "Envir": 135112.35150032502, "Vars": "[15. 85.  0.  1.  2.  0.]", "Mean": -5684721.016388166, "Nsamples": 2, "stop_bool": 0, "per_change": 0}, "envir": {"Value": 105014.67261240416, "Profit": -2481387.689377571, "Vars": "[69. 74. 29.  1.  2.  2.]", "Mean": -5684721.016388166, "Nsamples": 2, "stop_bool": 0, "per_change": 0}}, "55.0": {"profit": {"Value": -4811320.4103025645, "Envir": 168696.98246287587, "Vars": "[30.  1. 68.  2.  2.  2.]", "Mean": -2764682.479095327, "Nsamples": 6, "stop_bool": 0, "per_change": 0}, "envir": {"Value": 79199.46083908394, "Profit": -375435.3813369781, "Vars": "[23.  6. 70.  1.  1.  2.]", "Mean": -2764682.479095327, "Nsamples": 6, "stop_bool": 0, "per_change": 0}}, "76.0": {"profit": {"Value": -8466726.2379412, "Envir": 115637.71817197108, "Vars": "[37. 63. 88.  0.  0.  1.]", "Mean": -8466726.2379412, "Nsamples": 1, "stop_bool": 0, "per_change": 0}, "envir": {"Value": 115637.71817197108, "Profit": -8466726.2379412, "Vars": "[37. 63. 88.  0.  0.  1.]", "Mean": -8466726.2379412, "Nsamples": 1, "stop_bool": 0, "per_change": 0}}}}