{"farmer_1_1": {}, "farmer_1_2": {}, "farmer_1_3": {}, "farmer_2_1": {}, "farmer_2_2": {}, "farmer_2_3": {}, "farmer_3_1": {}, "farmer_3_2": {"80.0": {"profit": {"Value": -7794214.786570374, "Envir": 165827.0737908039, "Vars": "[10. 83.  6.  1.  2.  1.]", "Mean": -4757521.456758062, "Nsamples": 5, "stop_bool": 0, "per_change": 0}, "envir": {"Value": 85083.45016761334, "Profit": -429512.5004340156, "Vars": "[67. 14. 75.  1.  1.  1.]", "Mean": -4757521.456758062, "Nsamples": 5, "stop_bool": 0, "per_change": 0}}, "19.0": {"profit": {"Value": -258284.84686818195, "Envir": 175935.89730791975, "Vars": "[  0.   0. 100.   1.   2.   2.]", "Mean": -212949.34448306327, "Nsamples": 4, "stop_bool": 0, "per_change": 0}, "envir": {"Value": 48836.29744114823, "Profit": -94526.94472447007, "Vars": "[ 8.  3. 88.  0.  2.  0.]", "Mean": -212949.3444830633, "Nsamples": 4, "stop_bool": 0, "per_change": 0}}, "84.0": {"profit": {"Value": -8086094.643407161, "Envir": 85436.45563570503, "Vars": "[88. 59. 10.  2.  1.  2.]", "Mean": -8086094.643407161, "Nsamples": 1, "stop_bool": 0, "per_change": 0}, "envir": {"Value": 85436.45563570503, "Profit": -8086094.643407161, "Vars": "[88. 59. 10.  2.  1.  2.]", "Mean": -8086094.643407161, "Nsamples": 1, "stop_bool": 0, "per_change": 0}}, "96.0": {"profit": {"Value": -8166355.6105442615, "Envir": 229114.84659804788, "Vars": "[95.  0.  4.  1.  0.  1.]", "Mean": -5563117.237587313, "Nsamples": 3, "stop_bool": 0, "per_change": 0}, "envir": {"Value": 97829.71970737295, "Profit": -378866.0283420594, "Vars": "[16. 84.  0.  2.  2.  1.]", "Mean": -5563117.237587314, "Nsamples": 3, "stop_bool": 0, "per_change": 0}}, "78.0": {"profit": {"Value": -7492671.547868537, "Envir": 211841.82943489842, "Vars": "[13. 82.  4.  2.  1.  2.]", "Mean": -5641732.539632963, "Nsamples": 4, "stop_bool": 0, "per_change": 0}, "envir": {"Value": 116736.84573502686, "Profit": -1138354.2513967461, "Vars": "[ 1. 90.  8.  0.  2.  0.]", "Mean": -5641732.539632963, "Nsamples": 4, "stop_bool": 0, "per_change": 0}}, "55.0": {"profit": {"Value": -3912427.1217195196, "Envir": 705057.5442986522, "Vars": "[ 8. 71. 20.  2.  2.  1.]", "Mean": -2588675.6822188376, "Nsamples": 6, "stop_bool": 0, "per_change": 0}, "envir": {"Value": 121488.73586935268, "Profit": -905153.011675892, "Vars": "[ 2. 84. 14.  2.  0.  2.]", "Mean": -2588675.682218837, "Nsamples": 6, "stop_bool": 0, "per_change": 0}}}}