{"desvar_nd": [[4.0, 62.0, 70.0], [0.0, 3.0, 60.0], [68.0, 5.0, 84.0], [56.0, 4.0, 60.0], [66.0, 1.0, 4.0], [10.0, 5.0, 92.0], [10.0, 5.0, 85.0], [33.0, 5.0, 10.0], [19.0, 3.0, 5.0], [66.0, 1.0, 95.0], [50.0, 3.0, 70.0], [10.0, 54.0, 97.0], [6.0, 3.0, 6.0], [4.0, 90.0, 68.0]], "nd_obj": [[-12722400.584183566, 157204.85952025626], [-7061779.267015704, 67712.97239050719], [-13450128.379969392, 168851.90538801916], [-10430522.940314133, 105538.57449440955], [-4357545.352820434, 65470.24140603615], [-9363515.106989749, 86477.40312287849], [-8942577.431829255, 83309.15826351682], [-1200227.2095258792, 51341.222279501635], [-274537.3081471921, 45735.35317355959], [-13782582.676535763, 193316.99513585248], [-10812152.00988788, 131512.43841559047], [-11551086.957971474, 153140.90518806136], [-10561.099937514646, 0.0], [-14889239.129448662, 196754.8201150396]]}