{"desvar_nd": [[12.0, 4.0, 17.0], [5.0, 0.0, 75.0], [36.0, 4.0, 10.0], [7.0, 5.0, 47.0], [5.0, 80.0, 75.0], [58.0, 3.0, 83.0], [6.0, 1.0, 8.0], [5.0, 80.0, 79.0], [14.0, 7.0, 89.0], [76.0, 3.0, 83.0], [68.0, 5.0, 83.0], [5.0, 81.0, 77.0], [4.0, 6.0, 57.0], [33.0, 0.0, 75.0], [4.0, 60.0, 91.0], [33.0, 0.0, 83.0], [7.0, 4.0, 50.0], [14.0, 7.0, 83.0], [55.0, 3.0, 91.0]], "nd_obj": [[-116506.98925256984, 2796.580145439755], [-8605429.729134547, 3859.0123499001693], [-1306851.2913963858, 3030.6453123095707], [-3861979.0855819047, 3274.394672328805], [-14693478.511649296, 9092.341297592917], [-12913954.577434165, 7714.660859950877], [-20968.03695383895, 0.0], [-15060104.609357165, 9994.229664263661], [-9449242.729669508, 4406.418772690919], [-13979822.524410253, 8913.146130141422], [-13927779.767475553, 8450.578815049874], [-15139883.14147254, 11157.919352490731], [-6747846.175846189, 3769.141054666721], [-9684404.506648384, 6426.073463875251], [-13066121.657862432, 8099.056039742385], [-10286414.320190525, 6625.065771004799], [-4726603.680232558, 3640.74573299738], [-9274916.857509617, 4058.0046570297172], [-12137286.609329382, 7519.4789170398235]]}