{"desvar_nd": [[68.0, 92.0, 0.0, 1.0, 1.0, 97.0, 0.0, 2.0, 15.0, 81.0, 10.0, 13.0, 17.0, 0.0, 0.0, 0.0, 0.0, 0.0, 0.0, 2.0, 0.0, 0.0, 2.0], [85.0, 37.0, 0.0, 1.0, 1.0, 97.0, 0.0, 3.0, 7.0, 81.0, 26.0, 13.0, 17.0, 0.0, 0.0, 2.0, 0.0, 0.0, 0.0, 2.0, 0.0, 1.0, 2.0], [20.0, 79.0, 0.0, 9.0, 0.0, 97.0, 1.0, 2.0, 18.0, 32.0, 17.0, 97.0, 11.0, 1.0, 1.0, 0.0, 0.0, 1.0, 0.0, 0.0, 0.0, 0.0, 0.0], [85.0, 55.0, 2.0, 1.0, 1.0, 97.0, 1.0, 1.0, 9.0, 0.0, 15.0, 5.0, 32.0, 0.0, 1.0, 0.0, 0.0, 1.0, 0.0, 0.0, 1.0, 0.0, 0.0]], "nd_obj": [[-1934064.486973366, 40000.0], [498743831.1180225, 20000.0], [499035691.2393448, 0.0], [-1996510.081403889, 249770.63402268078]]}