     1     1050      3      1      1
     2     9999      0      1      0
     3     9999      0      1      0
     4     9999      0      1      0
     5     9999      0      1      0
     6     9999      0      1      0
     7     9999      0      1      0
     8     9999      0      1      0
     9     9999      0      1      0
    10     9999      0      1      0
    11     9999      0      1      0
    12     1050      3      1      1
    12     1051      3      2      1
    13     9999      0      1      0
    14     9999      0      1      0
    15     9999      0      1      0
    16     9999      0      1      0
    17     9999      0      1      0
    18     9999      0      1      0
    19     1056      3      1    146
    20     9999      0      1      0
    21     9999      0      1      0
    22     1083      3      1      1
    23      637      3      1      1
    23     1083      3      2      1
    24     9999      0      1      0
    25     9999      0      1      0
    26     9999      0      1      0
    27     9999      0      1      0
    28     9999      0      1      0
    29     9999      0      1      0
    30     9999      0      1      0
    31     9999      0      1      0
    32     9999      0      1      0
    33     9999      0      1      0
    34     9999      0      1      0
    35     9999      0      1      0
    36     9999      0      1      0
    37     9999      0      1      0
    38     9999      0      1      0
    39     9999      0      1      0
    40     9999      0      1      0
    41     9999      0      1      0
    42     9999      0      1      0
    43     9999      0      1      0
    44     9999      0      1      0
    45     9999      0      1      0
    46     9999      0      1      0
    47     9999      0      1      0
    48     9999      0      1      0
    49     9999      0      1      0
    50     9999      0      1      0
    51     9999      0      1      0
    52     9999      0      1      0
    53     9999      0      1      0
    54     9999      0      1      0
    55     9999      0      1      0
    56     1050      3      1      1
    56     1095      3      2      1
    56     1096      3      3      1
    57     1109      3      1      1
    58     1111      3      1      1
    59     9999      0      1      0
    60     9999      0      1      0
    61     9999      0      1      0
    62     1127      3      1      1
    63     9999      0      1      0
    64     9999      0      1      0
    65     9999      0      1      0
    66     9999      0      1      0
    67     1133      3      1      1
    68     9999      0      1      0
    69      909      3      1      1
    70     1050      3      1      1
    71     9999      0      1      0
    72      909      3      1      1
    73     1026      3      1      1
    74     1145      3      1      1
    75     9999      0      1      0
    76     9999      0      1      0
    77     9999      0      1      0
    78      644      3      1      1
    78     1050      3      2      1
    79     1224      3      1      1
    80     9999      0      1      0
    81     9999      0      1      0
    82     9999      0      1      0
    83     9999      0      1      0
    84     9999      0      1      0
    85     9999      0      1      0
    86     9999      0      1      0
    87     9999      0      1      0
    88     9999      0      1      0
    89     9999      0      1      0
    90     9999      0      1      0
    91     9999      0      1      0
    92     9999      0      1      0
    93     9999      0      1      0
    94     9999      0      1      0
    95     9999      0      1      0
    96     1721      5      1      0
    97     1215      3      1      1
    98     1225      3      1      1
    99     1224      3      1      1
   100     1050      3      1      1
   100     1224      3      2      1
   101     1225      3      1      1
   102      635      3      1      1
   103      637      3      1      1
   104      637      3      1      1
   105      643      3      1      1
   106      644      3      1      1
   107      656      3      1      1
   108     1259      3      1      1
   109      661      3      1      1
   110     9999      0      1      0
   111     1050      3      1      1
   112     1225      3      1      1
   113      661      3      1      1
   113     1050      3      2      1
   113     1593      3      3      1
   114     9999      0      1      0
   115     1224      3      1      1
   116     1225      3      1      1
   117     9999      0      1      1
   118      643      3      1      1
   119     1050      3      1      1
   120      643      3      1      1
   120     1050      3      2      1
   121     1056      3      1    146
   122     1312      3      1      1
   123     1186      3      1      1
   124     1318      3      1      1
   125     1320      3      1      1
   126     1322      3      1      1
   127     1358      3      1      1
   128     1361      3      1      1
   129      635      3      1      1
   129     1364      3      2      1
   130     9999      0      1      0
   131     1224      3      1      1
   132     1050      3      1      1
   132     1224      3      2      1
   133      475      2      1    122
   134     1050      3      1      1
   134     1095      3      2      1
   135     1440      3      1    146
   136      840      3      1      1
   137     1507      3      1      1
   138      511      1      1      1
   138      512      1      2      1
   138     1495      3      3    147
   139      511      1      1      1
   139      513      1      2      1
   139     1496      3      3    147
   140      511      1      1      1
   140      514      1      2      1
   140     1495      3      3    147
   141     1255      3      1      1
   142      862      3      1      1
   143      909      3      1      1
   144      916      3      1      1
   145     1744      5      1      0
   146     9999      0      1      0
   147     9999      0      1      0
   148     1255      3      1      1
   149     1015      3      1      1
   150     1026      3      1      1
   151      661      3      1      1
   151     1593      3      2      1
   152     9999      0      1      0
   153     9999      0      1      0
   154     9999      0      1      0
   155     9999      0      1      0
   156     9999      0      1      0
   157     9999      0      1      0
   158     9999      0      1      0
   159     9999      0      1      0
   160     9999      0      1      0
   161     9999      0      1      0
   162     9999      0      1      0
   163     9999      0      1      0
   164     9999      0      1      0
   165     9999      0      1      0
   166     9999      0      1      0
   167     9999      0      1      0
   168     9999      0      1      0
   169     9999      0      1      0
   170     9999      0      1      0
   171     9999      0      1      0
   172     9999      0      1      0
   173     9999      0      1      0
   174     9999      0      1      0
   175     9999      0      1      0
   176     9999      0      1      0
   177     9999      0      1      0
   178     9999      0      1      0
   179     9999      0      1      0
   180     9999      0      1      0
   181     9999      0      1      0
   182     9999      0      1      0
   183     9999      0      1      0
   184     9999      0      1      0
   185     9999      0      1      0
   186     9999      0      1      0
   187     9999      0      1      0
   188     9999      0      1      0
   189     9999      0      1      0
   190     9999      0      1      0
   191     9999      0      1      0
   192     9999      0      1      0
   193     9999      0      1      0
   194     9999      0      1      0
   195     9999      0      1      0
   196     9999      0      1      0
   197     9999      0      1      0
   198     9999      0      1      0
   199     9999      0      1      0
   200     9999      0      1      0
   201     9999      0      1      2
   202     9999      0      1      0
   203     9999      0      1      0
   204     9999      0      1      0
   205     9999      0      1      0
   206     9999      0      1      0
   207     9999      0      1      0
   208     9999      0      1      0
   209     9999      0      1      0
   210     9999      0      1      0
   211     9999      0      1      0
   212     9999      0      1      0
   213     9999      0      1      0
   214     9999      0      1      0
   215     9999      0      1      0
   216      945      3      1      2
   217     9999      0      1      0
   218     9999      0      1      0
   219      945      3      1      2
   220     9999      0      1      0
   221     9999      0      1      0
   222     9999      0      1      0
   223     9999      0      1      0
   224     9999      0      1      0
   225     1791      5      1      0
   225     1792      5      2      0
   225     1793      5      3      0
   226     1791      5      1      0
   226     1792      5      2      0
   226     1793      5      3      0
   226     1100      3      4      3
   227     9999      0      1      0
   228     1791      5      1      0
   228     1792      5      2      0
   228     1793      5      3      0
   228     1123      3      4      3
   229     1791      5      1      0
   229     1792      5      2      0
   229     1793      5      3      0
   229     1144      3      4      3
   230     1791      5      1      0
   230     1792      5      2      0
   230     1793      5      3      0
   230     1100      3      4      3
   231     1791      5      1      0
   231     1792      5      2      0
   231     1793      5      3      0
   231     1100      3      4      3
   231     1332      3      5      3
   232     1791      5      1      0
   232     1792      5      2      0
   232     1793      5      3      0
   233     1791      5      1      0
   233     1792      5      2      0
   233     1793      5      3      0
   234     9999      0      1      0
   235     1791      5      1      0
   235     1792      5      2      0
   235     1793      5      3      0
   235     1711      3      4      3
   236     1791      5      1      0
   236     1792      5      2      0
   236     1793      5      3      0
   236     1608      3      4      3
   237     1791      5      1      0
   237     1792      5      2      0
   237     1793      5      3      0
   237     1212      3      4      3
   237     1625      3      5      3
   238     1791      5      1      0
   238     1792      5      2      0
   238     1793      5      3      0
   238     1689      3      4      3
   239     1791      5      1      0
   239     1792      5      2      0
   239     1793      5      3      0
   239     1123      3      4      3
   239     1689      3      5      3
   240     1791      5      1      0
   240     1792      5      2      0
   240     1793      5      3      0
   240     1332      3      4      3
   240     1689      3      5      3
   241     1791      5      1      0
   241     1792      5      2      0
   241     1793      5      3      0
   241     1100      3      4      3
   241     1332      3      5      3
   241     1689      3      6      3
   242     1143      3      1      3
   242     1689      3      2      3
   242     1711      3      3      3
   243     1791      5      1      0
   243     1792      5      2      0
   243     1793      5      3      0
   244     1791      5      1      0
   244     1792      5      2      0
   244     1793      5      3      0
   244     1711      3      4      3
   245     1791      5      1      0
   245     1792      5      2      0
   245     1793      5      3      0
   245     1689      3      4      3
   245     1711      3      5      3
   246     1791      5      1      0
   246     1792      5      2      0
   246     1793      5      3      0
   246     1143      3      4      3
   246     1689      3      5      3
   246     1711      3      6      3
   247     1791      5      1      0
   247     1792      5      2      0
   247     1793      5      3      0
   247     1100      3      4      3
   247     1143      3      5      3
   247     1689      3      6      3
   247     1711      3      7      3
   248     1791      5      1      0
   248     1792      5      2      0
   248     1793      5      3      0
   249     1791      5      1      0
   249     1792      5      2      0
   249     1793      5      3      0
   250     1791      5      1      0
   250     1792      5      2      0
   250     1793      5      3      0
   251     1791      5      1      0
   251     1792      5      2      0
   251     1793      5      3      0
   252     1791      5      1      0
   252     1792      5      2      0
   252     1793      5      3      0
   253     1791      5      1      0
   253     1792      5      2      0
   253     1793      5      3      0
   254     1791      5      1      0
   254     1792      5      2      0
   254     1793      5      3      0
   254      721      3      4      3
   255     1100      3      1      3
   255     1143      3      2      3
   255     1689      3      3      3
   255     1711      3      4      3
   256     9999      0      1      0
   257     9999      0      1      0
   258     9999      0      1      0
   259     9999      0      1      0
   260     9999      0      1      0
   261     9999      0      1      0
   262     9999      0      1      0
   263     9999      0      1      0
   264     9999      0      1      0
   265     9999      0      1      0
   266      154      1      1      4
   267      911      3      1      4
   268      757      3      1      4
   269      762      3      1      4
   270      762      3      1      4
   271      762      3      1      4
   272      762      3      1      4
   273      762      3      1      4
   274      762      3      1      4
   275      762      3      1      4
   276      628      3      1      4
   277      911      3      1      4
   278      911      3      1      4
   279      911      3      1      4
   280      154      1      1      4
   281     9999      0      1      0
   282     9999      0      1      0
   283     9999      0      1      0
   284     9999      0      1      0
   285     9999      0      1      0
   286     9999      0      1      0
   287     9999      0      1      0
   288     9999      0      1      0
   289     9999      0      1      0
   290     1379      3      1      4
   290     1380      3      2      4
   291     9999      0      1      0
   292     9999      0      1      0
   293     9999      0      1      0
   294     9999      0      1      0
   295     9999      0      1      0
   296     9999      0      1      0
   297     9999      0      1      0
   298     9999      0      1      0
   299     9999      0      1      0
   300     9999      0      1      0
   301     9999      0      1      0
   302     9999      0      1      0
   303      788      3      1      4
   304     1380      3      1      4
   304     1408      3      2      4
   305      691      3      1      4
   305     1408      3      2      4
   306      788      3      1      4
   307      655      3      1      4
   308      655      3      1      4
   309      655      3      1      4
   310      655      3      1      4
   311      655      3      1      4
   312     9999      0      1      0
   313     9999      0      1      0
   314     9999      0      1      0
   315     9999      0      1      0
   316     9999      0      1      0
   317      807      3      1      4
   318     9999      0      1      0
   319     9999      0      1      0
   320     9999      0      1      0
   321     9999      0      1      0
   322     9999      0      1      0
   323     9999      0      1      0
   324      157      1      1      4
   325     1380      3      1      4
   325     1408      3      2      4
   326      628      3      1      4
   327     9999      0      1      0
   328      655      3      1      4
   329      655      3      1      4
   330      655      3      1      4
   331      762      3      1      4
   332      762      3      1      4
   333      762      3      1      4
   334      762      3      1      4
   335      762      3      1      4
   336      762      3      1      4
   337      762      3      1      4
   338      762      3      1      4
   339      762      3      1      4
   340      691      3      1      4
   341     9999      0      1      0
   342      732      3      1      4
   343     9999      0      1      0
   344      756      3      1      4
   345      757      3      1      4
   346     9999      0      1      0
   347     9999      0      1      0
   348      655      3      1      4
   349      807      3      1      4
   350      732      3      1      4
   351     1379      3      1      4
   351     1380      3      2      4
   351     1408      3      3      4
   352     9999      0      1      0
   353     9999      0      1      0
   354     9999      0      1      0
   355     9999      0      1      0
   356      739      3      1      4
   357     9999      0      1      0
   358     9999      0      1      0
   359     9999      0      1      0
   360     9999      0      1      0
   361     9999      0      1      0
   362     9999      0      1      0
   363     9999      0      1      0
   364     9999      0      1      0
   365     9999      0      1      0
   366     9999      0      1      0
   367     9999      0      1      0
   368     9999      0      1      0
   369     9999      0      1      0
   370     9999      0      1      0
   371      937      3      1      4
   372      151      1      1    101
   372     1417      3      2    103
   373      152      1      1    101
   374     9999      0      1      0
   375     9999      0      1      0
   376     9999      0      1      0
   377     9999      0      1      0
   378     9999      0      1      0
   379     9999      0      1      0
   380     9999      0      1      0
   381     9999      0      1      0
   382     9999      0      1      0
   383     9999      0      1      0
   384     9999      0      1      0
   385     9999      0      1      0
   386     9999      0      1      0
   387     9999      0      1      0
   388     9999      0      1      0
   389      689      3      1      5
   389     1397      3      2      5
   390      689      3      1      5
   390     1397      3      2      5
   391      689      3      1      5
   391     1397      3      2      5
   392      689      3      1      5
   392     1397      3      2      5
   393      689      3      1      5
   393     1397      3      2      5
   394      689      3      1      5
   394     1397      3      2      5
   395      937      3      1      4
   396     9999      0      1      0
   397     9999      0      1      0
   398     9999      0      1      0
   399     9999      0      1      0
   400     9999      0      1      0
   401     9999      0      1      0
   402     9999      0      1      0
   403       77      1      1      5
   404      666      3      1      5
   405      666      3      1      5
   406      666      3      1      5
   407     9999      0      1      0
   408     9999      0      1      0
   409     9999      0      1      0
   410     9999      0      1      0
   411     9999      0      1      0
   412      689      3      1      5
   412     1397      3      2      5
   413     9999      0      1      0
   414     9999      0      1      0
   415     9999      0      1      0
   416      740      3      1      5
   417      151      1      1    101
   417     1417      3      2    103
   418      762      3      1      4
   419      762      3      1      4
   420     9999      0      1      0
   421     9999      0      1      0
   422     9999      0      1      0
   423     9999      0      1      0
   424     9999      0      1      0
   425     9999      0      1      0
   426     9999      0      1      0
   427      740      3      1      5
   428      666      3      1      5
   429      666      3      1      5
   430      666      3      1      5
   431     9999      0      1      0
   432     9999      0      1      0
   433     9999      0      1      0
   434     9999      0      1      0
   435     9999      0      1      0
   436     9999      0      1      0
   437     9999      0      1      0
   438     9999      0      1      0
   439     9999      0      1      0
   440     9999      0      1      0
   441     9999      0      1      0
   442     9999      0      1      0
   443     9999      0      1      0
   444     9999      0      1      0
   445     9999      0      1      0
   446     9999      0      1      0
   447     9999      0      1      0
   448     9999      0      1      0
   449     9999      0      1      0
   450     9999      0      1      0
   451     9999      0      1      0
   452     9999      0      1      0
   453     9999      0      1      0
   454     9999      0      1      0
   455     9999      0      1      0
   456     9999      0      1      0
   457     9999      0      1      0
   458     9999      0      1      0
   459     9999      0      1      0
   460     9999      0      1      0
   461     9999      0      1      0
   462     9999      0      1      0
   463     9999      0      1      0
   464     9999      0      1      0
   465     9999      0      1      0
   466     9999      0      1      0
   467     9999      0      1      0
   468     9999      0      1      0
   469     9999      0      1      0
   470     9999      0      1      0
   471     9999      0      1      0
   472     9999      0      1      0
   473     9999      0      1      0
   474     9999      0      1      0
   475     9999      0      1      0
   476     9999      0      1      0
   477     9999      0      1      0
   478     9999      0      1      0
   479     9999      0      1      0
   480     9999      0      1      0
   481     9999      0      1      0
   482     9999      0      1      0
   483     9999      0      1      0
   484     9999      0      1      0
   485     1152      3      1      6
   486     9999      0      1      0
   487     9999      0      1      0
   488     9999      0      1      0
   489     1306      3      1      6
   490       79      1      1      6
   491     9999      0      1      0
   492     1152      3      1      6
   493     9999      0      1      0
   494     9999      0      1      0
   495     9999      0      1      0
   496     9999      0      1      0
   497     9999      0      1      0
   498     9999      0      1      0
   499     9999      0      1      0
   500     1152      3      1      6
   501     1306      3      1      6
   502     9999      0      1      0
   503     1306      3      1      6
   504     9999      0      1      0
   505     9999      0      1      0
   506     9999      0      1      0
   507     9999      0      1      0
   508     9999      0      1      0
   509     9999      0      1      0
   510     9999      0      1      0
   511     9999      0      1      0
   512     9999      0      1      0
   513     9999      0      1      0
   514     9999      0      1      0
   515     9999      0      1      0
   516     9999      0      1      0
   517     9999      0      1      0
   518     9999      0      1      0
   519     9999      0      1      0
   520      271      1      1     91
   521      758      3      1      7
   522      758      3      1      7
   523     9999      0      1      0
   524     9999      0      1      0
   525     9999      0      1      0
   526     9999      0      1      0
   527     9999      0      1      0
   528     9999      0      1      0
   529     9999      0      1      0
   530     9999      0      1      0
   531     9999      0      1      0
   532     9999      0      1      0
   533     9999      0      1      0
   534     9999      0      1      0
   535     9999      0      1      0
   536     9999      0      1      0
   537     9999      0      1      0
   538     9999      0      1      0
   539     9999      0      1      0
   540     9999      0      1      0
   541     9999      0      1      0
   542     9999      0      1      0
   543     9999      0      1      0
   544     9999      0      1      0
   545     9999      0      1      0
   546     9999      0      1      0
   547     9999      0      1      0
   548      271      1      1     91
   549      785      3      1      7
   550      789      3      1      7
   551      171      1      1     91
   551     1422      3      2     15
   551     1425      3      3     15
   551     1472      3      4     91
   552      175      1      1     91
   552     1422      3      2     15
   552     1425      3      3     15
   553     9999      0      1      0
   554     9999      0      1      0
   555     9999      0      1      0
   556     9999      0      1      0
   557     9999      0      1      0
   558     9999      0      1      0
   559     9999      0      1      0
   560     9999      0      1      0
   561      171      1      1     91
   562      171      1      1     91
   562     1422      3      2     15
   562     1425      3      3     15
   562     1472      3      4     91
   563      175      1      1     91
   563     1422      3      2     15
   563     1425      3      3     15
   564     9999      0      1      0
   565     9999      0      1      0
   566     9999      0      1      0
   567     9999      0      1      0
   568     9999      0      1      0
   569     9999      0      1      0
   570     9999      0      1      0
   571     9999      0      1      0
   572     9999      0      1      0
   573     9999      0      1      0
   574     9999      0      1      0
   575     9999      0      1      0
   576     9999      0      1      0
   577     9999      0      1      0
   578     9999      0      1      0
   579     9999      0      1      0
   580     9999      0      1      0
   581     9999      0      1      0
   582      160      1      1      8
   583     9999      0      1      0
   584     9999      0      1      0
   585     9999      0      1      0
   586     9999      0      1      0
   587     9999      0      1      0
   588     9999      0      1      0
   589     9999      0      1      0
   590     9999      0      1      0
   591     9999      0      1      0
   592     9999      0      1      0
   593     9999      0      1      0
   594     9999      0      1      0
   595     9999      0      1      0
   596     9999      0      1      0
   597     9999      0      1      0
   598     9999      0      1      0
   599     9999      0      1      0
   600     9999      0      1      0
   601     9999      0      1      0
   602     9999      0      1      0
   603     9999      0      1      0
   604     9999      0      1      0
   605     9999      0      1      0
   606     9999      0      1      0
   607     9999      0      1      0
   608     9999      0      1      0
   609     9999      0      1      0
   610     9999      0      1      0
   611     9999      0      1      0
   612     9999      0      1      0
   613     9999      0      1      0
   614     9999      0      1      0
   615     9999      0      1      0
   616     9999      0      1      0
   617      160      1      1      8
   618     9999      0      1      0
   619     9999      0      1      0
   620     9999      0      1      0
   621     1290      3      1      8
   622     1306      3      1      6
   623     9999      0      1      0
   624     9999      0      1      0
   625     9999      0      1      0
   626     9999      0      1      0
   627     9999      0      1      0
   628     9999      0      1      0
   629     9999      0      1      0
   630     9999      0      1      0
   631     9999      0      1      0
   632     9999      0      1      0
   633     9999      0      1      0
   634     9999      0      1      0
   635     9999      0      1      0
   636     1306      3      1      6
   637     9999      0      1      0
   638     9999      0      1      0
   639     1306      3      1      6
   640     9999      0      1      0
   641      339      1      1      8
   642     9999      0      1      0
   643     9999      0      1      0
   644     9999      0      1      0
   645     9999      0      1      0
   646     9999      0      1      0
   647     9999      0      1      0
   648     9999      0      1      0
   649     9999      0      1      0
   650     9999      0      1      0
   651     9999      0      1      0
   652     9999      0      1      0
   653     9999      0      1      0
   654     9999      0      1      0
   655     9999      0      1      0
   656     9999      0      1      0
   657     9999      0      1      0
   658     9999      0      1      0
   659     9999      0      1      0
   660     9999      0      1      0
   661     9999      0      1      0
   662     9999      0      1      0
   663     9999      0      1      0
   664     9999      0      1      0
   665     9999      0      1      0
   666     9999      0      1      0
   667     9999      0      1      0
   668     9999      0      1      0
   669     9999      0      1      0
   670     9999      0      1      0
   671     9999      0      1      0
   672     9999      0      1      0
   673     9999      0      1      0
   674     9999      0      1      0
   675     9999      0      1      0
   676     9999      0      1      0
   677     9999      0      1      0
   678     9999      0      1      0
   679     9999      0      1      0
   680     9999      0      1      0
   681     9999      0      1      0
   682     9999      0      1      0
   683     9999      0      1      0
   684     9999      0      1      0
   685     9999      0      1      0
   686     9999      0      1      0
   687     9999      0      1      0
   688     9999      0      1      0
   689     9999      0      1      0
   690     9999      0      1      0
   691     9999      0      1      0
   692     9999      0      1      0
   693     9999      0      1      0
   694     9999      0      1      0
   695     9999      0      1      0
   696      665      3      1     10
   696      747      3      2     91
   697      665      3      1     10
   697      747      3      2     91
   698     9999      0      1      0
   699     9999      0      1      0
   700      302      1      1     91
   701     9999      0      1      0
   702     9999      0      1      0
   703     9999      0      1      0
   704     9999      0      1      0
   705     9999      0      1      0
   706     9999      0      1      0
   707     9999      0      1      0
   708     9999      0      1      0
   709     9999      0      1      0
   710     9999      0      1      0
   711     9999      0      1      0
   712     9999      0      1      0
   713     9999      0      1      0
   714      172      1      1     91
   714     1422      3      2     15
   714     1425      3      3     15
   714     1472      3      4     91
   715      302      1      1     91
   716     9999      0      1      0
   717     9999      0      1      0
   718     9999      0      1      0
   719     9999      0      1      0
   720     9999      0      1      0
   721     9999      0      1      0
   722     9999      0      1      0
   723      176      1      1     91
   723     1422      3      2     15
   723     1425      3      3     15
   723     1472      3      4     91
   724      665      3      1     10
   725     9999      0      1      0
   726     9999      0      1      0
   727     1454      3      1     10
   727     1455      3      2     10
   727     1456      3      3     10
   728       87      1      1     91
   728     1454      3      2     10
   729       87      1      1     91
   729     1454      3      2     10
   729     1455      3      3     10
   729     1456      3      4     10
   730      199      1      1     91
   730     1459      3      2     15
   731     1459      3      1     15
   732      665      3      1     10
   733      176      1      1     91
   733     1422      3      2     15
   733     1425      3      3     15
   733     1472      3      4     91
   734      176      1      1     91
   734     1422      3      2     15
   734     1425      3      3     15
   734     1472      3      4     91
   735      176      1      1     91
   735     1422      3      2     15
   735     1425      3      3     15
   735     1472      3      4     91
   736      176      1      1     91
   736     1422      3      2     15
   736     1425      3      3     15
   736     1472      3      4     91
   737      176      1      1     91
   737     1422      3      2     15
   737     1425      3      3     15
   737     1472      3      4     91
   738      176      1      1     91
   738     1422      3      2     15
   738     1425      3      3     15
   738     1472      3      4     91
   739      176      1      1     91
   739     1422      3      2     15
   739     1425      3      3     15
   739     1472      3      4     91
   740      176      1      1     91
   740     1422      3      2     15
   740     1425      3      3     15
   740     1472      3      4     91
   741      665      3      1     10
   741      747      3      2     91
   742     9999      0      1      0
   743      121      1      1     10
   744      172      1      1     91
   745      172      1      1     91
   745     1422      3      2     15
   745     1425      3      3     15
   745     1472      3      4     91
   746      172      1      1     91
   746     1422      3      2     15
   746     1425      3      3     15
   746     1472      3      4     91
   747      172      1      1     91
   747     1422      3      2     15
   747     1425      3      3     15
   747     1472      3      4     91
   748     9999      0      1      0
   749     9999      0      1      0
   750     9999      0      1      0
   751      199      1      1     91
   752      199      1      1     91
   752     1459      3      2     15
   753     1736      5      1      0
   753     1697      3      2     11
   754      535      1      1     11
   754     1615      3      2     11
   754     1689      3      3      3
   755     1615      3      1     11
   755     1689      3      2      3
   756     1615      3      1     11
   756     1689      3      2      3
   757     1615      3      1     11
   757     1689      3      2      3
   758     1615      3      1     11
   758     1689      3      2      3
   759     1615      3      1     11
   759     1689      3      2      3
   760     1615      3      1     11
   760     1689      3      2      3
   761     1615      3      1     11
   761     1689      3      2      3
   762      224      1      1     11
   762      348      1      2     11
   762      349      1      3     11
   763     1615      3      1     11
   763     1689      3      2      3
   764      224      1      1     11
   764     1689      3      2      3
   764     1691      3      3     11
   765      224      1      1     11
   765      348      1      2     11
   765      349      1      3     11
   765     1689      3      4      3
   765     1691      3      5     11
   766     1736      5      1      0
   766     1697      3      2     11
   767     1736      5      1      0
   767     1697      3      2     11
   768     1736      5      1      0
   768     1697      3      2     11
   769     1736      5      1      0
   769     1697      3      2     11
   770     1736      5      1      0
   770     1697      3      2     11
   771     1736      5      1      0
   771     1697      3      2     11
   772     1736      5      1      0
   772     1697      3      2     11
   773     1736      5      1      0
   773     1697      3      2     11
   774     1736      5      1      0
   774     1697      3      2     11
   775     1736      5      1      0
   775     1697      3      2     11
   776     1736      5      1      0
   776     1697      3      2     11
   777     1736      5      1      0
   777     1697      3      2     11
   778     1736      5      1      0
   778     1697      3      2     11
   779     1736      5      1      0
   779     1697      3      2     11
   780     1736      5      1      0
   780     1697      3      2     11
   781     1736      5      1      0
   781     1697      3      2     11
   782     9999      0      1      0
   783     1736      5      1      0
   783     1697      3      2     11
   784     9999      0      1      0
   785     9999      0      1      0
   786     1736      5      1      0
   786     1697      3      2     11
   787     1736      5      1      0
   788     1736      5      1      0
   788     1697      3      2     11
   789     9999      0      1      0
   790     9999      0      1      0
   791     9999      0      1      0
   792     9999      0      1      0
   793     9999      0      1      0
   794     9999      0      1      0
   795     9999      0      1      0
   796     9999      0      1      0
   797     9999      0      1      0
   798     9999      0      1      0
   799     9999      0      1      0
   800     9999      0      1      0
   801     9999      0      1      0
   802     9999      0      1      0
   803      792      3      1     11
   804      792      3      1     11
   805      792      3      1     11
   806      792      3      1     11
   807      942      3      1    112
   808     9999      0      1      0
   808     1736      5      2      0
   809     9999      0      1      0
   810     9999      0      1      0
   811     9999      0      1      0
   812     9999      0      1      0
   813     1773      5      1      0
   814     1773      5      1      0
   815     1773      5      1      0
   816     1773      5      1      0
   817     1773      5      1      0
   818     1773      5      1      0
   819     1773      5      1      0
   820     1299      3      1     11
   821     1299      3      1     11
   822     1299      3      1     11
   823     1299      3      1     11
   824     1299      3      1     11
   825     1299      3      1     11
   826     1299      3      1     11
   827     1299      3      1     11
   828     1299      3      1     11
   829     1299      3      1     11
   830     1299      3      1     11
   831     1299      3      1     11
   832     1782      5      1      0
   833     1782      5      1      0
   834     1782      5      1      0
   835     1782      5      1      0
   836     1782      5      1      0
   837     1782      5      1      0
   838     1782      5      1      0
   839     1782      5      1      0
   840     1782      5      1      0
   841     1782      5      1      0
   842     1782      5      1      0
   843     1782      5      1      0
   844     1736      5      1      0
   844     1697      3      2     11
   845     1784      5      1      0
   846     1784      5      1      0
   847     1784      5      1      0
   848     1784      5      1      0
   849     1784      5      1      0
   850     1784      5      1      0
   851     1784      5      1      0
   852     1784      5      1      0
   853     1784      5      1      0
   854     1736      5      1      0
   854     1697      3      2     11
   855      224      1      1     11
   856     1736      5      1      0
   856     1697      3      2     11
   857     1736      5      1      0
   857     1697      3      2     11
   858     1736      5      1      0
   859      942      3      1    112
   860     1697      3      1     11
   861     1736      5      1      0
   862     9999      0      1      0
   863     9999      0      1      0
   864     9999      0      1      0
   864     1697      3      2     11
   865     9999      0      1      0
   866     1697      3      1     11
   867     1697      3      1     11
   868     1736      5      1      0
   869     9999      0      1      0
   869     1697      3      2     11
   870     1615      3      1     11
   870     1689      3      2      3
   871     9999      0      1      0
   872     9999      0      1      0
   873     9999      0      1      0
   874     9999      0      1      0
   875     9999      0      1      0
   876     9999      0      1      0
   877     9999      0      1      0
   878     9999      0      1      0
   879     9999      0      1      0
   880     1299      3      1     11
   881     1736      5      1      0
   881     1697      3      2     11
   882     1299      3      1     11
   883     1689      3      1      3
   883     1691      3      2     11
   884     1736      5      1      0
   884     1697      3      2     11
   885      224      1      1     11
   885     1689      3      2      3
   885     1691      3      3     11
   886     1689      3      1      3
   886     1691      3      2     11
   887     9999      0      1     11
   888     9999      0      1      0
   889     9999      0      1      0
   890     1736      5      1      0
   890     1697      3      2     11
   891      942      3      1    112
   892     9999      0      1      0
   893     1736      5      1      0
   893     1697      3      2     11
   894     1736      5      1      0
   894     1697      3      2     11
   895     1736      5      1      0
   895     1697      3      2     11
   896     1736      5      1      0
   896     1697      3      2     11
   897     1697      3      1     11
   898     1736      5      1      0
   898     1697      3      2     11
   899     1736      5      1      0
   899     1697      3      2     11
   900     1736      5      1      0
   900     1697      3      2     11
   901     1736      5      1      0
   901     1697      3      2     11
   902     1736      5      1      0
   902     1697      3      2     11
   903     1736      5      1      0
   903     1697      3      2     11
   904     1736      5      1      0
   904     1697      3      2     11
   905     1736      5      1      0
   905     1697      3      2     11
   906     1736      5      1      0
   906     1697      3      2     11
   907     1736      5      1      0
   907     1697      3      2     11
   908     1736      5      1      0
   908     1697      3      2     11
   909     1736      5      1      0
   910     1736      5      1      0
   911     9999      0      1      0
   912     9999      0      1      0
   913     9999      0      1      0
   914     9999      0      1      0
   915     9999      0      1      0
   916     9999      0      1      0
   917     1736      5      1      0
   917     1697      3      2     11
   918     1736      5      1      0
   918     1697      3      2     11
   919     1736      5      1      0
   919     1697      3      2     11
   920     1736      5      1      0
   920     1697      3      2     11
   921     1736      5      1      0
   921     1697      3      2     11
   922     1736      5      1      0
   922     1697      3      2     11
   923     1736      5      1      0
   923     1697      3      2     11
   924     1736      5      1      0
   924     1697      3      2     11
   925      792      3      1     11
   926     1736      5      1      0
   926     1697      3      2     11
   927     9999      0      1      0
   928     9999      0      1      0
   929     9999      0      1      0
   930     9999      0      1      0
   931     9999      0      1      0
   932     9999      0      1      0
   933     9999      0      1      0
   934     9999      0      1      0
   935     9999      0      1      0
   936     9999      0      1      0
   937     9999      0      1      0
   938     9999      0      1      0
   939     9999      0      1      0
   940     9999      0      1      0
   941     9999      0      1      0
   942     9999      0      1      0
   943     9999      0      1      0
   944     1736      5      1      0
   944     1697      3      2     11
   945     9999      0      1      0
   946      792      3      1     11
   947     9999      0      1      0
   948     9999      0      1      0
   949     9999      0      1      0
   950     9999      0      1      0
   951     1176      3      1     20
   952     1177      3      1     20
   953     1295      3      1     20
   954     1176      3      1     20
   955     1296      3      1     20
   956     1176      3      1     20
   957     1296      3      1     20
   958     9999      0      1      0
   959     9999      0      1      0
   960     9999      0      1      0
   961     9999      0      1      0
   962     9999      0      1      0
   963     9999      0      1      0
   964     1176      3      1     20
   965     9999      0      1      0
   966     9999      0      1      0
   967     9999      0      1      0
   968     9999      0      1      0
   969     9999      0      1      0
   970      920      3      1     12
   971      927      3      1     12
   972     1070      3      1    100
   973     1070      3      1    100
   974     1070      3      1    100
   975     1070      3      1    100
   976     1070      3      1    100
   977     1070      3      1    100
   978     1070      3      1    100
   979     1070      3      1    100
   980     1070      3      1    100
   981     1070      3      1    100
   982     9999      0      1      0
   983     9999      0      1      0
   984     9999      0      1      0
   985     1070      3      1    100
   986     1805      5      1      0
   986     1070      3      2    100
   987     9999      0      1     12
   988     1070      3      1    100
   989     1805      5      1      0
   989     1070      3      2    100
   990     1070      3      1    100
   991     1805      5      1      0
   992     1805      5      1      0
   992     1070      3      2    100
   993     9999      0      1      0
   994     9999      0      1      0
   995     9999      0      1      0
   996     9999      0      1     12
   997     9999      0      1     12
   998     9999      0      1      0
   999     9999      0      1      0
  1000     9999      0      1      0
  1001     9999      0      1      0
  1002     1628      3      1     12
  1002     1629      3      2     12
  1003     9999      0      1      0
  1004      920      3      1     12
  1005     1149      3      1     12
  1006     1172      3      1     12
  1007     1176      3      1     20
  1008     1177      3      1     20
  1009     1659      3      1     12
  1010     9999      0      1      0
  1011     9999      0      1      0
  1012     9999      0      1      0
  1013     9999      0      1      0
  1014     9999      0      1      0
  1015     9999      0      1      0
  1016     9999      0      1      0
  1017     9999      0      1      0
  1018     9999      0      1      0
  1019     9999      0      1      0
  1020     9999      0      1      0
  1021     9999      0      1      0
  1022     9999      0      1      0
  1023     1203      3      1     12
  1024     1203      3      1     12
  1025      928      3      1     12
  1026      936      3      1     12
  1027      938      3      1     12
  1028     9999      0      1      0
  1029     1149      3      1     12
  1030     1661      3      1     12
  1031     1237      3      1     12
  1032     1203      3      1     12
  1033     9999      0      1      0
  1034     9999      0      1      0
  1035     9999      0      1      0
  1036     1628      3      1     12
  1036     1629      3      2     12
  1037     1628      3      1     12
  1037     1629      3      2     12
  1038     1628      3      1     12
  1038     1629      3      2     12
  1039     1628      3      1     12
  1039     1629      3      2     12
  1040     1628      3      1     12
  1040     1629      3      2     12
  1041     1659      3      1     12
  1042     1295      3      1     20
  1043     1661      3      1     12
  1043     1662      3      2     12
  1044     1805      5      1      0
  1045     1661      3      1     12
  1046     1296      3      1     20
  1047     1659      3      1     12
  1048     9999      0      1      0
  1049     9999      0      1      0
  1050     9999      0      1      0
  1051     9999      0      1      0
  1052     9999      0      1      0
  1053     9999      0      1      0
  1054     9999      0      1      0
  1055     1203      3      1     12
  1056     9999      0      1      0
  1057     9999      0      1      0
  1058     9999      0      1      0
  1059     9999      0      1      0
  1060      920      3      1     12
  1061      927      3      1     12
  1062      928      3      1     12
  1063      936      3      1     12
  1064      938      3      1     12
  1065     1628      3      1     12
  1065     1629      3      2     12
  1066     9999      0      1      0
  1067     9999      0      1      0
  1068     9999      0      1      0
  1069     1805      5      1      0
  1069     1070      3      2    100
  1070     1805      5      1      0
  1070     1070      3      2    100
  1071     1805      5      1      0
  1071     1070      3      2    100
  1072     1805      5      1      0
  1072     1070      3      2    100
  1073     1236      3      1     12
  1074     1172      3      1     12
  1075     9999      0      1      0
  1076     1070      3      1    100
  1077     1805      5      1      0
  1078     1805      5      1      0
  1078     1070      3      2    100
  1079     1659      3      1     12
  1079     1660      3      2     12
  1080     9999      0      1     12
  1081     1661      3      1     12
  1081     1662      3      2     12
  1082     1236      3      1     12
  1083     9999      0      1      0
  1084     9999      0      1      0
  1085     9999      0      1      0
  1086     1172      3      1     12
  1087      873      3      1     13
  1088     9999      0      1      0
  1089     9999      0      1      0
  1090     9999      0      1      0
  1091     9999      0      1      0
  1092     9999      0      1      0
  1093     9999      0      1      0
  1094     9999      0      1      0
  1095      888      3      1     98
  1096      889      3      1     98
  1097     9999      0      1      0
  1098      888      3      1     98
  1099      889      3      1     98
  1100      890      3      1     98
  1101      891      3      1     13
  1102      753      3      1     13
  1103      754      3      1     13
  1104      400      1      1     13
  1105     9999      0      1      0
  1106     9999      0      1      0
  1107     9999      0      1      0
  1108     9999      0      1      0
  1109     9999      0      1      0
  1110      262      1      1     13
  1111     1288      3      1    103
  1111     1509      3      2    103
  1112      890      3      1     98
  1113      998      3      1     98
  1114     9999      0      1      0
  1115     9999      0      1      0
  1116     9999      0      1      0
  1117     9999      0      1      0
  1118     9999      0      1      0
  1119     9999      0      1      0
  1120     9999      0      1      0
  1121     9999      0      1      0
  1122     9999      0      1      0
  1123     9999      0      1      0
  1124     9999      0      1      0
  1125     9999      0      1      0
  1126     9999      0      1      0
  1127      400      1      1     13
  1128     9999      0      1      0
  1129     1428      3      1     16
  1129     1429      3      2     13
  1130     1428      3      1     16
  1130     1429      3      2     13
  1131       59      1      1     13
  1132       59      1      1     13
  1132      692      3      2     13
  1133      170      1      1     15
  1133     1422      3      2     15
  1134     1509      3      1    103
  1135     9999      0      1      0
  1136     9999      0      1      0
  1137     9999      0      1      0
  1138     9999      0      1      0
  1139     9999      0      1      0
  1140     9999      0      1      0
  1141     9999      0      1      0
  1142     9999      0      1      0
  1143     9999      0      1      0
  1144     9999      0      1      0
  1145     9999      0      1      0
  1146     9999      0      1      0
  1147     9999      0      1      0
  1148      811      3      1     91
  1149     9999      0      1      0
  1150     9999      0      1      0
  1151     9999      0      1      0
  1152     9999      0      1      0
  1153     9999      0      1      0
  1154     9999      0      1      0
  1155     1288      3      1    103
  1155     1509      3      2    103
  1156      873      3      1     13
  1157     1428      3      1     16
  1157     1429      3      2     13
  1158     1428      3      1     16
  1158     1429      3      2     13
  1159     1428      3      1     16
  1159     1429      3      2     13
  1160     1428      3      1     16
  1160     1429      3      2     13
  1161     1428      3      1     16
  1161     1429      3      2     13
  1162     9999      0      1      0
  1163     9999      0      1     13
  1164      753      3      1     13
  1165      873      3      1     13
  1166     1288      3      1    103
  1167     9999      0      1      0
  1168     9999      0      1      0
  1169     9999      0      1      0
  1170     9999      0      1      0
  1171     9999      0      1      0
  1172     9999      0      1      0
  1173     9999      0      1      0
  1174     9999      0      1      0
  1175     9999      0      1      0
  1176     9999      0      1      0
  1177      754      3      1     13
  1178      741      3      1     91
  1179      891      3      1     13
  1180     9999      0      1      0
  1181      115      1      1     13
  1182     9999      0      1      0
  1183      753      3      1     13
  1184      753      3      1     13
  1185      754      3      1     13
  1186      873      3      1     13
  1187      115      1      1     13
  1188      753      3      1     13
  1189     9999      0      1      0
  1190      170      1      1     15
  1190     1422      3      2     15
  1191      811      3      1     91
  1192      811      3      1     91
  1193     1509      3      1    103
  1194      754      3      1     13
  1195      880      3      1     98
  1196      741      3      1     91
  1197     9999      0      1      0
  1198     9999      0      1      0
  1199     9999      0      1      0
  1200     9999      0      1      0
  1201     9999      0      1      0
  1202     9999      0      1      0
  1203     9999      0      1      0
  1204     9999      0      1      0
  1205     9999      0      1      0
  1206     9999      0      1      0
  1207     9999      0      1      0
  1208     9999      0      1      0
  1209     9999      0      1      0
  1210     9999      0      1      0
  1211     9999      0      1      0
  1212     9999      0      1      0
  1213     9999      0      1      0
  1214     9999      0      1      0
  1215     9999      0      1      0
  1216     9999      0      1      0
  1217     9999      0      1      0
  1218     9999      0      1      0
  1219     9999      0      1      0
  1220     9999      0      1      0
  1221     9999      0      1      0
  1222     9999      0      1      0
  1223     9999      0      1      0
  1224     9999      0      1      0
  1225     9999      0      1      0
  1226     9999      0      1      0
  1227     9999      0      1      0
  1228     9999      0      1      0
  1229     9999      0      1      0
  1230      684      3      1     14
  1231      684      3      1     14
  1232     9999      0      1      0
  1233     9999      0      1      0
  1234     9999      0      1      0
  1235     9999      0      1      0
  1236     9999      0      1      0
  1237     9999      0      1      0
  1238     9999      0      1      0
  1239     9999      0      1      0
  1240     9999      0      1      0
  1241     9999      0      1      0
  1242     9999      0      1      0
  1243     9999      0      1      0
  1244     9999      0      1      0
  1245     9999      0      1      0
  1246     9999      0      1      0
  1247     9999      0      1      0
  1248     9999      0      1      0
  1249     9999      0      1      0
  1250     9999      0      1      0
  1251     9999      0      1      0
  1252     9999      0      1      0
  1253     9999      0      1      0
  1254     9999      0      1      0
  1255     9999      0      1      0
  1256     9999      0      1      0
  1257      159      1      1     15
  1257     1419      3      2     15
  1258      159      1      1     15
  1258     1419      3      2     15
  1259     9999      0      1      0
  1260     9999      0      1      0
  1261     9999      0      1      0
  1262     9999      0      1      0
  1263     9999      0      1      0
  1264     9999      0      1      0
  1265     9999      0      1      0
  1266     9999      0      1      0
  1267     9999      0      1      0
  1268      758      3      1     15
  1269     9999      0      1      0
  1270     9999      0      1      0
  1271     9999      0      1      0
  1272     9999      0      1      0
  1273     9999      0      1      0
  1274     9999      0      1      0
  1275     9999      0      1      0
  1276     9999      0      1      0
  1277     9999      0      1      0
  1278      170      1      1     15
  1278     1422      3      2     15
  1279      149      1      1     15
  1280      150      1      1     15
  1281      150      1      1     15
  1282     9999      0      1      0
  1283     9999      0      1      0
  1284     9999      0      1      0
  1285     9999      0      1      0
  1286     9999      0      1      0
  1287     9999      0      1      0
  1288     9999      0      1      0
  1289     9999      0      1      0
  1290     9999      0      1      0
  1291     9999      0      1      0
  1292     9999      0      1      0
  1293     9999      0      1      0
  1294     9999      0      1      0
  1295     9999      0      1      0
  1296     9999      0      1      0
  1297     9999      0      1      0
  1298     9999      0      1      0
  1299     9999      0      1      0
  1300      159      1      1     15
  1300     1419      3      2     15
  1301      785      3      1     15
  1302      164      1      1     15
  1302     1419      3      2     15
  1303      165      1      1     15
  1303     1421      3      2     15
  1304      789      3      1     15
  1305     1419      3      1     15
  1306     9999      0      1      0
  1307     9999      0      1      0
  1308     9999      0      1      0
  1309     9999      0      1      0
  1310     9999      0      1      0
  1311     1452      3      1     15
  1312     9999      0      1      0
  1313     9999      0      1      0
  1314     9999      0      1      0
  1315     9999      0      1      0
  1316     9999      0      1      0
  1317     9999      0      1      0
  1318     9999      0      1      0
  1319     9999      0      1      0
  1320     1452      3      1     15
  1321     1419      3      1     15
  1322      193      1      1     15
  1322     1452      3      2     15
  1323     9999      0      1      0
  1324     9999      0      1      0
  1325      200      1      1     15
  1325     1461      3      2     15
  1326      201      1      1     15
  1327     9999      0      1      0
  1328      736      3      1     15
  1329      126      1      1     15
  1330     9999      0      1      0
  1331      193      1      1     15
  1331     1452      3      2     15
  1332      164      1      1     15
  1332     1419      3      2     15
  1333      165      1      1     15
  1333     1421      3      2     15
  1334      170      1      1     15
  1334     1422      3      2     15
  1335      127      1      1     15
  1335     1422      3      2     15
  1335     1425      3      3     15
  1336     9999      0      1      0
  1337     9999      0      1      0
  1338      193      1      1     15
  1338     1452      3      2     15
  1339      200      1      1     15
  1339     1461      3      2     15
  1340      201      1      1     15
  1341     9999      0      1      0
  1342     9999      0      1      0
  1343     9999      0      1      0
  1344     9999      0      1      0
  1345     9999      0      1      0
  1346     9999      0      1      0
  1347     9999      0      1      0
  1348     9999      0      1      0
  1349     9999      0      1      0
  1350     9999      0      1      0
  1351     9999      0      1      0
  1352     9999      0      1      0
  1353     9999      0      1      0
  1354     9999      0      1      0
  1355     9999      0      1      0
  1356     9999      0      1      0
  1357     1428      3      1     16
  1357     1429      3      2     13
  1358     1428      3      1     16
  1358     1429      3      2     13
  1359     9999      0      1      0
  1360     9999      0      1      0
  1361     1428      3      1     16
  1361     1429      3      2     13
  1362     1428      3      1     16
  1362     1429      3      2     13
  1363     1009      3      1     16
  1364     9999      0      1     16
  1365     9999      0      1      0
  1366     9999      0      1      0
  1367     9999      0      1      0
  1368     9999      0      1      0
  1369     9999      0      1      0
  1370     9999      0      1      0
  1371     9999      0      1      0
  1372     9999      0      1      0
  1373     9999      0      1      0
  1374     9999      0      1      0
  1375     9999      0      1      0
  1376     9999      0      1      0
  1377     9999      0      1      0
  1378     9999      0      1      0
  1379     9999      0      1      0
  1380     9999      0      1      0
  1381     9999      0      1      0
  1382     9999      0      1      0
  1383     9999      0      1      0
  1384     9999      0      1      0
  1385     9999      0      1      0
  1386     9999      0      1      0
  1387     9999      0      1      0
  1388     9999      0      1      0
  1389     9999      0      1      0
  1390     9999      0      1      0
  1391     9999      0      1      0
  1392     9999      0      1      0
  1393     9999      0      1      0
  1394      116      1      1     17
  1395     9999      0      1      0
  1396     9999      0      1      0
  1397     9999      0      1      0
  1398     9999      0      1      0
  1399     9999      0      1      0
  1400     9999      0      1      0
  1401     9999      0      1      0
  1402     9999      0      1      0
  1403     9999      0      1      0
  1404     9999      0      1      0
  1405     9999      0      1      0
  1406     9999      0      1      0
  1407     9999      0      1      0
  1408     9999      0      1      0
  1409     9999      0      1      0
  1410     9999      0      1      0
  1411     9999      0      1      0
  1412     9999      0      1      0
  1413     9999      0      1      0
  1414     9999      0      1      0
  1415     9999      0      1      0
  1416     9999      0      1      0
  1417     9999      0      1      0
  1418     9999      0      1      0
  1419     9999      0      1      0
  1420     9999      0      1      0
  1421     9999      0      1      0
  1422     9999      0      1      0
  1423     9999      0      1      0
  1424      102      1      1     17
  1425     9999      0      1      0
  1426     9999      0      1      0
  1427     9999      0      1      0
  1428     9999      0      1      0
  1429     9999      0      1      0
  1430     9999      0      1      0
  1431     9999      0      1      0
  1432     9999      0      1      0
  1433     9999      0      1      0
  1434     9999      0      1      0
  1435     9999      0      1      0
  1436     1036      3      1     32
  1437     1736      5      1      0
  1437     1697      3      2     18
  1438     1053      3      1     18
  1439     9999      0      1      0
  1440      567      1      1     32
  1441     1057      3      1     18
  1442     1036      3      1     32
  1442     1057      3      2     18
  1443      541      1      1    140
  1444      541      1      1    140
  1444     1601      3      2     32
  1445      541      1      1    140
  1445     1609      3      2     32
  1446      541      1      1    140
  1446     1609      3      2     32
  1447     1789      5      1      0
  1447     1697      3      2     18
  1448     1789      5      1      0
  1448     1697      3      2     18
  1449     9999      0      1      0
  1450     9999      0      1      0
  1451     9999      0      1      0
  1452     9999      0      1      0
  1453     9999      0      1      0
  1454     9999      0      1      0
  1455      778      3      1     28
  1455     1697      3      2     18
  1456     1601      3      1     32
  1457     1053      3      1     18
  1458     1053      3      1     18
  1459     1053      3      1     18
  1460     1053      3      1     18
  1461     9999      0      1      0
  1462     9999      0      1      0
  1463      567      1      1     32
  1464     9999      0      1      0
  1465      567      1      1     32
  1466      567      1      1     32
  1467      541      1      1    140
  1468      541      1      1    140
  1468     1601      3      2     32
  1469      541      1      1    140
  1469     1601      3      2     32
  1470      541      1      1    140
  1470     1601      3      2     32
  1471      541      1      1    140
  1471     1601      3      2     32
  1472      541      1      1    140
  1472     1601      3      2     32
  1473     9999      0      1      0
  1474     9999      0      1      0
  1475     9999      0      1      0
  1476     9999      0      1      0
  1477      567      1      1     32
  1478      567      1      1     32
  1479      567      1      1     32
  1480      567      1      1     32
  1481      567      1      1     32
  1482      567      1      1     32
  1483      567      1      1     32
  1484      567      1      1     32
  1485      567      1      1     32
  1486      567      1      1     32
  1487      567      1      1     32
  1488      567      1      1     32
  1489      567      1      1     32
  1490      567      1      1     32
  1491      567      1      1     32
  1492      567      1      1     32
  1493     1601      3      1     32
  1494     9999      0      1     18
  1495     9999      0      1     18
  1496     9999      0      1     18
  1497     9999      0      1      0
  1498     1609      3      1     32
  1499     1609      3      1     32
  1500     1609      3      1     32
  1501      778      3      1     28
  1501     1697      3      2     18
  1502     1736      5      1      0
  1502     1697      3      2     18
  1503      778      3      1     28
  1503     1697      3      2     18
  1504     1789      5      1      0
  1504      778      3      2     28
  1504     1697      3      3     18
  1505     9999      0      1      0
  1506     1736      5      1      0
  1506     1697      3      2     18
  1507     1736      5      1      0
  1507     1697      3      2     18
  1508     9999      0      1      0
  1509      567      1      1     32
  1510      567      1      1     32
  1511     1053      3      1     18
  1512     1697      3      1     18
  1513     1053      3      1     18
  1514     1789      5      1      0
  1514     1697      3      2     18
  1515      567      1      1     32
  1516     1736      5      1      0
  1516     1789      5      2      0
  1516     1697      3      3     18
  1517     1736      5      1      0
  1517     1789      5      2      0
  1517     1697      3      3     18
  1518     9999      0      1      0
  1519     9999      0      1      0
  1520     9999      0      1      0
  1521     9999      0      1      0
  1522     9999      0      1      0
  1523     9999      0      1      0
  1524     9999      0      1      0
  1525     9999      0      1      0
  1526     9999      0      1      0
  1527     9999      0      1      0
  1528     9999      0      1      0
  1529     9999      0      1      0
  1530     9999      0      1      0
  1531     9999      0      1      0
  1532     9999      0      1      0
  1533     9999      0      1      0
  1534     9999      0      1      0
  1535      567      1      1     32
  1536     9999      0      1      0
  1537     9999      0      1      0
  1538     9999      0      1      0
  1539     9999      0      1      0
  1540     9999      0      1      0
  1541     9999      0      1      0
  1542     9999      0      1      0
  1543     9999      0      1      0
  1544     9999      0      1      0
  1545     9999      0      1      0
  1546     9999      0      1      0
  1547     9999      0      1      0
  1548     1070      3      1     20
  1549     1274      3      1     20
  1550     1070      3      1     20
  1550     1274      3      2     20
  1551     1805      5      1      0
  1551     1070      3      2     20
  1552     1176      3      1     20
  1553     1296      3      1     20
  1554     9999      0      1      0
  1555     1176      3      1     20
  1556     9999      0      1      0
  1557     9999      0      1      0
  1558     9999      0      1      0
  1559     9999      0      1      0
  1560     9999      0      1      0
  1561     9999      0      1      0
  1562     9999      0      1      0
  1563     9999      0      1      0
  1564     9999      0      1      0
  1565     9999      0      1      0
  1566     9999      0      1      0
  1567     9999      0      1      0
  1568     1176      3      1     20
  1569     9999      0      1      0
  1570     1176      3      1     20
  1571     1296      3      1     20
  1572     9999      0      1      0
  1573     9999      0      1      0
  1574     9999      0      1      0
  1575     9999      0      1      0
  1576     9999      0      1      0
  1577     9999      0      1      0
  1578     9999      0      1      0
  1579     1070      3      1     20
  1580     1070      3      1     20
  1581     1070      3      1     20
  1582     1070      3      1     20
  1583     1070      3      1     20
  1584     1070      3      1     20
  1585     1070      3      1     20
  1586     1070      3      1     20
  1587     1070      3      1     20
  1588     1070      3      1     20
  1589     1070      3      1     20
  1590     9999      0      1      0
  1591     9999      0      1      0
  1592     9999      0      1      0
  1593     9999      0      1      0
  1594     9999      0      1      0
  1595     9999      0      1      0
  1596     9999      0      1      0
  1597     9999      0      1      0
  1598     9999      0      1      0
  1599     9999      0      1      0
  1600     9999      0      1      0
  1601     1070      3      1     20
  1602     1805      5      1      0
  1603     1805      5      1      0
  1603     1070      3      2     20
  1604     1805      5      1      0
  1604     1070      3      2     20
  1605     9999      0      1      0
  1606     9999      0      1      0
  1607     9999      0      1      0
  1608     9999      0      1      0
  1609     9999      0      1      0
  1610     9999      0      1      0
  1611     1070      3      1     20
  1612     1805      5      1      0
  1612     1070      3      2     20
  1613     9999      0      1      0
  1614     9999      0      1      0
  1615     9999      0      1      0
  1616     1805      5      1      0
  1616     1070      3      2     20
  1617     1805      5      1      0
  1617     1070      3      2     20
  1618     1805      5      1      0
  1618     1070      3      2     20
  1619     1805      5      1      0
  1619     1070      3      2     20
  1620     1805      5      1      0
  1620     1070      3      2     20
  1621     1805      5      1      0
  1621     1070      3      2     20
  1622     1805      5      1      0
  1622     1070      3      2     20
  1623     1805      5      1      0
  1623     1070      3      2     20
  1624     1805      5      1      0
  1624     1070      3      2     20
  1625     1805      5      1      0
  1625     1070      3      2     20
  1626     1805      5      1      0
  1626     1070      3      2     20
  1627     1805      5      1      0
  1627     1070      3      2     20
  1628     9999      0      1      0
  1629     9999      0      1      0
  1630     9999      0      1      0
  1631     9999      0      1      0
  1632     9999      0      1      0
  1633     9999      0      1      0
  1634      632      3      1     20
  1635      682      3      1     20
  1636     9999      0      1      0
  1637     1070      3      1     20
  1638     1805      5      1      0
  1638     1070      3      2     20
  1639     9999      0      1     20
  1640     1176      3      1     20
  1641     1177      3      1     20
  1642     9999      0      1      0
  1643     9999      0      1      0
  1644     9999      0      1      0
  1645     9999      0      1      0
  1646     9999      0      1      0
  1647     9999      0      1      0
  1648     9999      0      1      0
  1649     9999      0      1      0
  1650     9999      0      1      0
  1651     9999      0      1      0
  1652      632      3      1     20
  1653     1070      3      1     20
  1654     9999      0      1      0
  1655     9999      0      1      0
  1656     9999      0      1      0
  1657     1274      3      1     20
  1658     1070      3      1     20
  1658     1274      3      2     20
  1659      682      3      1     20
  1660     9999      0      1      0
  1661     1296      3      1     20
  1662     1350      3      1     20
  1663     1353      3      1     20
  1664     1359      3      1     20
  1665     1359      3      1     20
  1666     1359      3      1     20
  1667     9999      0      1      0
  1668     9999      0      1      0
  1669     1805      5      1      0
  1669     1070      3      2     20
  1670     1805      5      1      0
  1670     1070      3      2     20
  1671     1805      5      1      0
  1671     1070      3      2     20
  1672     1805      5      1      0
  1672     1070      3      2     20
  1673     9999      0      1      0
  1674     9999      0      1      0
  1675     9999      0      1      0
  1676     9999      0      1      0
  1677     9999      0      1      0
  1678     9999      0      1      0
  1679     9999      0      1      0
  1680     9999      0      1      0
  1681     9999      0      1      0
  1682     9999      0      1      0
  1683     9999      0      1      0
  1684     9999      0      1      0
  1685     9999      0      1      0
  1686     9999      0      1      0
  1687     9999      0      1      0
  1688     9999      0      1      0
  1689     9999      0      1      0
  1690     9999      0      1      0
  1691     9999      0      1      0
  1692      682      3      1     20
  1693     9999      0      1      0
  1694     9999      0      1      0
  1695     1805      5      1      0
  1696     1070      3      1     20
  1697     1805      5      1      0
  1698     1805      5      1      0
  1698     1070      3      2     20
  1699     9999      0      1      0
  1700     1359      3      1     20
  1701     9999      0      1      0
  1702     1359      3      1     20
  1703     1805      5      1      0
  1703     1070      3      2     20
  1704     1807      3      1     87
  1705     9999      0      1      0
  1706     9999      0      1      0
  1707     9999      0      1      0
  1708     9999      0      1      0
  1709     9999      0      1      0
  1710     9999      0      1      0
  1711     9999      0      1      0
  1712     9999      0      1      0
  1713     9999      0      1      0
  1714     9999      0      1      0
  1715     9999      0      1      0
  1716     9999      0      1      0
  1717     9999      0      1      0
  1718     9999      0      1      0
  1719     9999      0      1     23
  1720      567      1      1     32
  1721     1040      3      1     23
  1722      568      1      1    130
  1722      575      1      2    133
  1723     9999      0      1      0
  1724     9999      0      1      0
  1725     9999      0      1      0
  1726     9999      0      1      0
  1727     9999      0      1      0
  1728     9999      0      1      0
  1729     9999      0      1      0
  1730     9999      0      1      0
  1731     9999      0      1      0
  1732     9999      0      1      0
  1733     1697      3      1     23
  1734     1697      3      1     23
  1735     1697      3      1     23
  1736     1736      5      1      0
  1737     1736      5      1      0
  1737     1697      3      2     23
  1738     1736      5      1      0
  1738     1697      3      2     23
  1739     1736      5      1      0
  1739     1697      3      2     23
  1740     1736      5      1      0
  1740     1697      3      2     23
  1741     1736      5      1      0
  1741     1697      3      2     23
  1742     1736      5      1      0
  1742     1697      3      2     23
  1743     9999      0      1      0
  1744     9999      0      1      0
  1745     9999      0      1      0
  1746     9999      0      1      0
  1747     9999      0      1      0
  1748     9999      0      1      0
  1749     9999      0      1      0
  1750     9999      0      1      0
  1751     9999      0      1      0
  1752     9999      0      1      0
  1753     1040      3      1     23
  1754     9999      0      1      0
  1755      541      1      1    140
  1756     9999      0      1      0
  1757     9999      0      1      0
  1758     9999      0      1      0
  1759     9999      0      1      0
  1760     9999      0      1      0
  1761     9999      0      1      0
  1762     9999      0      1      0
  1763     9999      0      1      0
  1764     9999      0      1      0
  1765     9999      0      1      0
  1766     9999      0      1      0
  1767     9999      0      1      0
  1768     9999      0      1      0
  1769     9999      0      1      0
  1770     9999      0      1      0
  1771     9999      0      1      0
  1772     9999      0      1      0
  1773     1697      3      1     23
  1774     1138      3      1     23
  1775     1736      5      1      0
  1775      778      3      2     28
  1775     1697      3      3     23
  1776      567      1      1     32
  1777     9999      0      1      0
  1778      567      1      1     32
  1779      567      1      1     32
  1780      567      1      1     32
  1781      567      1      1     32
  1782      567      1      1     32
  1783      567      1      1     32
  1784      567      1      1     32
  1785      567      1      1     32
  1786      567      1      1     32
  1787      567      1      1     32
  1788      567      1      1     32
  1789     9999      0      1     23
  1790     9999      0      1     23
  1791     9999      0      1     23
  1792     9999      0      1     23
  1793     9999      0      1     23
  1794      778      3      1     28
  1794     1697      3      2     23
  1795      778      3      1     28
  1795     1697      3      2     23
  1796      778      3      1     28
  1796     1697      3      2     23
  1797      778      3      1     28
  1797     1697      3      2     23
  1798      778      3      1     28
  1798     1697      3      2     23
  1799      778      3      1     28
  1799     1697      3      2     23
  1800      778      3      1     28
  1800     1697      3      2     23
  1801      778      3      1     28
  1801     1697      3      2     23
  1802      778      3      1     28
  1802     1697      3      2     23
  1803      625      3      1     23
  1804     1138      3      1     23
  1805     1736      5      1      0
  1806     1736      5      1      0
  1806     1697      3      2     23
  1807     9999      0      1     23
  1808     1697      3      1     23
  1809      568      1      1    130
  1809      575      1      2    133
  1810     9999      0      1     23
  1811      568      1      1    130
  1811      575      1      2    133
  1812     1736      5      1      0
  1812     1697      3      2     23
  1813     9999      0      1     23
  1814     9999      0      1      0
  1815     9999      0      1      0
  1816     9999      0      1      0
  1817     9999      0      1      0
  1818     1040      3      1     23
  1819     1138      3      1     23
  1820      778      3      1     28
  1820     1697      3      2     23
  1821     1040      3      1     23
  1822     1736      5      1      0
  1823     1736      5      1      0
  1824     1736      5      1      0
  1825     1736      5      1      0
  1826      568      1      1    130
  1826      575      1      2    133
  1827     1736      5      1      0
  1827     1697      3      2     23
  1828     1736      5      1      0
  1828     1697      3      2     23
  1829     1736      5      1      0
  1829     1697      3      2     23
  1830     1736      5      1      0
  1830     1697      3      2     23
  1831     9999      0      1      0
  1832     9999      0      1      0
  1833     9999      0      1      0
  1834     9999      0      1      0
  1835     9999      0      1      0
  1836     9999      0      1      0
  1837     9999      0      1      0
  1838     9999      0      1      0
  1839     9999      0      1      0
  1840     9999      0      1      0
  1841     9999      0      1      0
  1842     9999      0      1      0
  1843     9999      0      1      0
  1844     9999      0      1      0
  1845      782      3      1    129
  1846     9999      0      1      0
  1847     9999      0      1      0
  1848     9999      0      1      0
  1849     9999      0      1      0
  1850     9999      0      1      0
  1851     9999      0      1      0
  1852     9999      0      1      0
  1853      933      3      1    129
  1854     9999      0      1      0
  1855     9999      0      1      0
  1856     9999      0      1      0
  1857     9999      0      1      0
  1858      765      3      1     24
  1859     9999      0      1      0
  1860     9999      0      1      0
  1861     9999      0      1      0
  1862     9999      0      1      0
  1863     9999      0      1      0
  1864     9999      0      1      0
  1865     9999      0      1      0
  1866     9999      0      1      0
  1867     9999      0      1      0
  1868     9999      0      1      0
  1869     9999      0      1      0
  1870     9999      0      1      0
  1871     9999      0      1      0
  1872     9999      0      1      0
  1873     9999      0      1      0
  1874     9999      0      1      0
  1875     9999      0      1      0
  1876     9999      0      1      0
  1877     9999      0      1      0
  1878     9999      0      1      0
  1879     9999      0      1      0
  1880     9999      0      1      0
  1881     9999      0      1      0
  1882     9999      0      1      0
  1883     9999      0      1      0
  1884     9999      0      1      0
  1885     9999      0      1      0
  1886     9999      0      1      0
  1887     9999      0      1      0
  1888     9999      0      1      0
  1889     9999      0      1      0
  1890     9999      0      1      0
  1891     9999      0      1      0
  1892     9999      0      1      0
  1893     9999      0      1      0
  1894     9999      0      1      0
  1895     9999      0      1      0
  1896     9999      0      1      0
  1897     9999      0      1      0
  1898     9999      0      1      0
  1899     9999      0      1      0
  1900     9999      0      1      0
  1901     9999      0      1      0
  1902     9999      0      1      0
  1903     9999      0      1      0
  1904     9999      0      1      0
  1905     9999      0      1      0
  1906     9999      0      1      0
  1907     9999      0      1      0
  1908     9999      0      1      0
  1909      854      3      1     27
  1910     9999      0      1      0
  1911     9999      0      1      0
  1912     9999      0      1      0
  1913     9999      0      1      0
  1914     9999      0      1      0
  1915     9999      0      1      0
  1916     9999      0      1      0
  1917     1148      3      1     27
  1918     1209      3      1     27
  1919     1161      3      1     27
  1920     1161      3      1     27
  1920     1162      3      2     27
  1921     1161      3      1     27
  1921     1163      3      2     27
  1922     1166      3      1     31
  1923     1294      3      1     27
  1924     9999      0      1      0
  1925     9999      0      1      0
  1926     9999      0      1      0
  1927      954      3      1     27
  1928     9999      0      1      0
  1929     9999      0      1      0
  1930     9999      0      1      0
  1931     9999      0      1      0
  1932     9999      0      1      0
  1933     9999      0      1      0
  1934     9999      0      1      0
  1935     9999      0      1      0
  1936     9999      0      1      0
  1937     9999      0      1      0
  1938     9999      0      1      0
  1939      849      3      1     27
  1940      850      3      1     27
  1941     9999      0      1      0
  1942     1190      3      1     27
  1943     9999      0      1      0
  1944     9999      0      1      0
  1945      887      3      1     27
  1946     1209      3      1     27
  1947     1294      3      1     27
  1948      903      3      1     27
  1949     9999      0      1      0
  1950      738      3      1     27
  1951      982      3      1     27
  1952     9999      0      1      0
  1953     1209      3      1     27
  1954     1211      3      1     27
  1955     9999      0      1      0
  1956     9999      0      1      0
  1957     9999      0      1      0
  1958     9999      0      1      0
  1959     9999      0      1      0
  1960     9999      0      1      0
  1961     9999      0      1      0
  1962     9999      0      1      0
  1963     9999      0      1      0
  1964     1148      3      1     27
  1965     9999      0      1      0
  1966     9999      0      1      0
  1967     9999      0      1      0
  1968     9999      0      1      0
  1969     9999      0      1      0
  1970     9999      0      1      0
  1971      198      1      1     27
  1972     1253      3      1     27
  1973     9999      0      1      0
  1974     1269      3      1     27
  1975     9999      0      1      0
  1976     1258      3      1     27
  1977     1166      3      1     31
  1978     9999      0      1      0
  1979     9999      0      1      0
  1980      887      3      1     27
  1981     1310      3      1     27
  1982     9999      0      1      0
  1983     1269      3      1     27
  1984     9999      0      1      0
  1985     1294      3      1     27
  1986     9999      0      1      0
  1987      887      3      1     27
  1988     1209      3      1     27
  1989     9999      0      1      0
  1990     1166      3      1     31
  1991      190      1      1     27
  1992      190      1      1     27
  1992      791      3      2     27
  1993      198      1      1     27
  1994     9999      0      1      0
  1995      190      1      1     27
  1996      499      1      1     27
  1996      744      3      2     27
  1997     9999      0      1      0
  1998      954      3      1     27
  1999      190      1      1     27
  2000      214      1      1     27
  2000     1515      3      2     27
  2001      499      1      1     27
  2001      744      3      2     27
  2002      499      1      1     27
  2002      744      3      2     27
  2003      478      1      1     27
  2003      499      1      2     27
  2003     1416      3      3     27
  2004     9999      0      1      0
  2005      190      1      1     27
  2006      190      1      1     27
  2006      791      3      2     27
  2007     1310      3      1     27
  2008      214      1      1     27
  2008     1515      3      2     27
  2009      499      1      1     27
  2009     1416      3      2     27
  2010     9999      0      1      0
  2011     9999      0      1      0
  2012     9999      0      1      0
  2013     9999      0      1      0
  2014     1209      3      1     27
  2015     9999      0      1      0
  2016     1209      3      1     27
  2017     9999      0      1      0
  2018     1209      3      1     27
  2019     9999      0      1      0
  2020      982      3      1     27
  2021     1148      3      1     27
  2022     1161      3      1     27
  2023     1161      3      1     27
  2023     1164      3      2     27
  2024     1161      3      1     27
  2024     1264      3      2     27
  2025     9999      0      1      0
  2026     1148      3      1     27
  2027      198      1      1     27
  2028     9999      0      1      0
  2029      225      1      1     27
  2030     1294      3      1     27
  2031     9999      0      1      0
  2032     9999      0      1      0
  2033     9999      0      1      0
  2034     9999      0      1      0
  2035     9999      0      1      0
  2036      854      3      1     27
  2037      854      3      1     27
  2038      854      3      1     27
  2039      854      3      1     27
  2040      854      3      1     27
  2041      854      3      1     27
  2042     9999      0      1      0
  2043      954      3      1     27
  2044     9999      0      1      0
  2045     9999      0      1      0
  2046     1166      3      1     31
  2047     9999      0      1      0
  2048      276      1      1     27
  2049      208      1      1     27
  2050     9999      0      1      0
  2051      854      3      1     27
  2052     9999      0      1      0
  2053     9999      0      1      0
  2054     1294      3      1     27
  2055     9999      0      1      0
  2056     9999      0      1      0
  2057     1166      3      1     31
  2058     9999      0      1      0
  2059      214      1      1     27
  2060      499      1      1     27
  2060      744      3      2     27
  2061      499      1      1     27
  2062      499      1      1     27
  2062      744      3      2     27
  2063      499      1      1     27
  2063     1416      3      2     27
  2064      478      1      1     27
  2064      499      1      2     27
  2064     1416      3      3     27
  2065      849      3      1     27
  2066      850      3      1     27
  2067      854      3      1     27
  2068      478      1      1     27
  2069      887      3      1     27
  2070      903      3      1     27
  2071      910      3      1     27
  2072     9999      0      1      0
  2073     9999      0      1      0
  2074     9999      0      1      0
  2075     9999      0      1      0
  2076     9999      0      1      0
  2077      930      3      1     27
  2078      954      3      1     27
  2079      982      3      1     27
  2080      738      3      1     27
  2081     1002      3      1     27
  2082     9999      0      1      0
  2083     9999      0      1      0
  2084     9999      0      1      0
  2085     9999      0      1      0
  2086     9999      0      1      0
  2087     9999      0      1      0
  2088     9999      0      1      0
  2089     9999      0      1      0
  2090     9999      0      1      0
  2091     9999      0      1      0
  2092     9999      0      1      0
  2093     9999      0      1      0
  2094     9999      0      1      0
  2095     9999      0      1      0
  2096     9999      0      1      0
  2097     9999      0      1      0
  2098     9999      0      1      0
  2099     9999      0      1      0
  2100     9999      0      1      0
  2101      567      1      1     32
  2102     1736      5      1      0
  2103     1736      5      1      0
  2103     1697      3      2     28
  2104     1736      5      1      0
  2104     1697      3      2     28
  2105     1736      5      1      0
  2105     1697      3      2     28
  2106     9999      0      1      0
  2107      567      1      1     32
  2108     9999      0      1      0
  2109     9999      0      1      0
  2110     9999      0      1      0
  2111     9999      0      1      0
  2112     9999      0      1      0
  2113     9999      0      1      0
  2114     9999      0      1      0
  2115     9999      0      1      0
  2116     9999      0      1      0
  2117     9999      0      1      0
  2118     9999      0      1      0
  2119     1789      5      1      0
  2120     1736      5      1      0
  2120     1789      5      2      0
  2120     1697      3      3     28
  2121     1736      5      1      0
  2121     1789      5      2      0
  2121     1697      3      3     28
  2122     1789      5      1      0
  2122     1697      3      2     28
  2123     1789      5      1      0
  2123     1697      3      2     28
  2124     1789      5      1      0
  2124     1697      3      2     28
  2125     1789      5      1      0
  2125     1697      3      2     28
  2126     9999      0      1      0
  2127     9999      0      1      0
  2128     9999      0      1      0
  2129     9999      0      1      0
  2130     9999      0      1      0
  2131     9999      0      1      0
  2132     9999      0      1      0
  2133     9999      0      1      0
  2134     9999      0      1      0
  2135     9999      0      1      0
  2136     9999      0      1      0
  2137     1736      5      1      0
  2137     1789      5      2      0
  2138     1736      5      1      0
  2138     1789      5      2      0
  2139     9999      0      1      0
  2140     9999      0      1      0
  2141     9999      0      1      0
  2142     9999      0      1      0
  2143     9999      0      1      0
  2144     9999      0      1      0
  2145     9999      0      1      0
  2146     9999      0      1      0
  2147     9999      0      1      0
  2148     1697      3      1     28
  2149      778      3      1     28
  2149     1697      3      2     28
  2150      778      3      1     28
  2150     1697      3      2     28
  2151      778      3      1     28
  2151     1697      3      2     28
  2152      778      3      1     28
  2152     1697      3      2     28
  2153      778      3      1     28
  2153     1697      3      2     28
  2154      778      3      1     28
  2154     1697      3      2     28
  2155      778      3      1     28
  2155     1697      3      2     28
  2156      778      3      1     28
  2156     1697      3      2     28
  2157      778      3      1     28
  2157     1697      3      2     28
  2158      778      3      1     28
  2158     1697      3      2     28
  2159      778      3      1     28
  2159     1697      3      2     28
  2160      778      3      1     28
  2160     1697      3      2     28
  2161     1736      5      1      0
  2161     1697      3      2     28
  2162     1736      5      1      0
  2162      778      3      2     28
  2162     1697      3      3     28
  2163      567      1      1     32
  2164      567      1      1     32
  2165      567      1      1     32
  2166      567      1      1     32
  2167      567      1      1     32
  2168      567      1      1     32
  2169      567      1      1     32
  2170      567      1      1     32
  2171      567      1      1     32
  2172     9999      0      1     28
  2173     9999      0      1     28
  2174     9999      0      1     28
  2175     9999      0      1     28
  2176     9999      0      1     28
  2177     9999      0      1     28
  2178     9999      0      1     28
  2179      778      3      1     28
  2179     1697      3      2     28
  2180     1736      5      1      0
  2180     1697      3      2     28
  2181     1789      5      1      0
  2181      778      3      2     28
  2181     1697      3      3     28
  2182      778      3      1     28
  2182     1697      3      2     28
  2183     1789      5      1      0
  2183      778      3      2     28
  2183     1697      3      3     28
  2184     1736      5      1      0
  2184     1697      3      2     28
  2185     1736      5      1      0
  2186     1736      5      1      0
  2186     1697      3      2     28
  2187     9999      0      1      0
  2188     1697      3      1     28
  2189     1697      3      1     28
  2190      778      3      1     28
  2190     1697      3      2     28
  2191     1789      5      1      0
  2191     1697      3      2     28
  2192     1736      5      1      0
  2192     1697      3      2     28
  2193     1736      5      1      0
  2193     1789      5      2      0
  2194     1736      5      1      0
  2195     1736      5      1      0
  2195     1789      5      2      0
  2196     1736      5      1      0
  2196     1789      5      2      0
  2197     1789      5      1      0
  2198     1736      5      1      0
  2198     1789      5      2      0
  2198     1697      3      3     28
  2199     1736      5      1      0
  2199     1789      5      2      0
  2199     1697      3      3     28
  2200     1736      5      1      0
  2200     1789      5      2      0
  2200     1697      3      3     28
  2201     1736      5      1      0
  2201     1789      5      2      0
  2201     1697      3      3     28
  2202     9999      0      1      0
  2203     9999      0      1      0
  2204     9999      0      1      0
  2205     9999      0      1      0
  2206     9999      0      1      0
  2207     9999      0      1      0
  2208     9999      0      1      0
  2209     9999      0      1      0
  2210     9999      0      1      0
  2211     9999      0      1      0
  2212     9999      0      1      0
  2213     9999      0      1      0
  2214     9999      0      1      0
  2215     9999      0      1      0
  2216     9999      0      1      0
  2217     9999      0      1      0
  2218     9999      0      1      0
  2219     9999      0      1      0
  2220     9999      0      1      0
  2221     9999      0      1      0
  2222     9999      0      1      0
  2223     9999      0      1      0
  2224     9999      0      1      0
  2225     9999      0      1      0
  2226     9999      0      1      0
  2227     9999      0      1      0
  2228     9999      0      1      0
  2229     9999      0      1      0
  2230     9999      0      1      0
  2231     9999      0      1      0
  2232     9999      0      1      0
  2233     9999      0      1      0
  2234     9999      0      1      0
  2235     9999      0      1      0
  2236     9999      0      1      0
  2237     9999      0      1      0
  2238      274      1      1     29
  2239     9999      0      1      0
  2240     9999      0      1      0
  2241     9999      0      1      0
  2242     9999      0      1      0
  2243     9999      0      1      0
  2244     9999      0      1      0
  2245     9999      0      1      0
  2246     9999      0      1      0
  2247     9999      0      1      0
  2248     9999      0      1      0
  2249     9999      0      1      0
  2250     9999      0      1      0
  2251     9999      0      1      0
  2252     9999      0      1      0
  2253     9999      0      1      0
  2254     9999      0      1      0
  2255     9999      0      1      0
  2256     9999      0      1      0
  2257     9999      0      1      0
  2258     9999      0      1      0
  2259     9999      0      1      0
  2260     9999      0      1      0
  2261     9999      0      1      0
  2262     9999      0      1      0
  2263     9999      0      1      0
  2264     9999      0      1      0
  2265     9999      0      1      0
  2266     9999      0      1      0
  2267     9999      0      1      0
  2268     9999      0      1      0
  2269     9999      0      1      0
  2270      228      1      1    139
  2271      228      1      1    139
  2272     1074      3      1    138
  2273     9999      0      1      0
  2274     9999      0      1      0
  2275     9999      0      1      0
  2276     9999      0      1      0
  2277     9999      0      1      0
  2278     9999      0      1      0
  2279     9999      0      1      0
  2280     9999      0      1      0
  2281     9999      0      1      0
  2282     9999      0      1      0
  2283     9999      0      1      0
  2284     9999      0      1      0
  2285     9999      0      1      0
  2286     9999      0      1      0
  2287     9999      0      1      0
  2288     9999      0      1      0
  2289     9999      0      1      0
  2290     9999      0      1      0
  2291     9999      0      1      0
  2292     9999      0      1      0
  2293     9999      0      1      0
  2294     9999      0      1      0
  2295     9999      0      1      0
  2296     9999      0      1      0
  2297     9999      0      1      0
  2298     9999      0      1      0
  2299     9999      0      1      0
  2300     9999      0      1      0
  2301     9999      0      1      0
  2302     9999      0      1      0
  2303     9999      0      1      0
  2304     9999      0      1      0
  2305     9999      0      1      0
  2306     9999      0      1      0
  2307      942      3      1    112
  2308      942      3      1    112
  2309      942      3      1    112
  2310      942      3      1    112
  2311      942      3      1    112
  2312      942      3      1    112
  2313      767      3      1     30
  2314      767      3      1     30
  2315      767      3      1     30
  2316      767      3      1     30
  2317      767      3      1     30
  2318      767      3      1     30
  2319      767      3      1     30
  2320      767      3      1     30
  2321      767      3      1     30
  2322      767      3      1     30
  2323     9999      0      1      0
  2324     9999      0      1      0
  2325     9999      0      1      0
  2326     9999      0      1      0
  2327     9999      0      1      0
  2328     9999      0      1      0
  2329     9999      0      1      0
  2330     9999      0      1      0
  2331     9999      0      1      0
  2332     9999      0      1      0
  2333     9999      0      1     30
  2334     9999      0      1      0
  2335     9999      0      1      0
  2336     9999      0      1      0
  2337     9999      0      1      0
  2338     9999      0      1      0
  2339     9999      0      1      0
  2340     9999      0      1      0
  2341     9999      0      1      0
  2342     9999      0      1      0
  2343     9999      0      1      0
  2344     9999      0      1      0
  2345     1798      5      1      0
  2345     1090      3      2    112
  2346     1798      5      1      0
  2346     1090      3      2    112
  2347     1798      5      1      0
  2347     1090      3      2    112
  2348     1798      5      1      0
  2348     1090      3      2    112
  2349     1090      3      1    112
  2350      767      3      1     30
  2351     9999      0      1      0
  2352      942      3      1    112
  2353      767      3      1     30
  2354      767      3      1     30
  2355     9999      0      1      0
  2356     9999      0      1      0
  2357      942      3      1    112
  2358     9999      0      1      0
  2359      767      3      1     30
  2360     9999      0      1     30
  2361      767      3      1     30
  2362     9999      0      1      0
  2363      767      3      1     30
  2364      767      3      1     30
  2365      767      3      1     30
  2366      767      3      1     30
  2367      767      3      1     30
  2368      767      3      1     30
  2369      767      3      1     30
  2370      767      3      1     30
  2371      767      3      1     30
  2372      767      3      1     30
  2373     9999      0      1      0
  2374     9999      0      1      0
  2375     9999      0      1      0
  2376      767      3      1     30
  2377     9999      0      1      0
  2378     9999      0      1      0
  2379     9999      0      1      0
  2380     9999      0      1      0
  2381     9999      0      1      0
  2382     9999      0      1      0
  2383     9999      0      1      0
  2384     9999      0      1      0
  2385     9999      0      1      0
  2386     9999      0      1      0
  2387     9999      0      1      0
  2388     9999      0      1      0
  2389     9999      0      1      0
  2390     9999      0      1      0
  2391     9999      0      1      0
  2392     9999      0      1      0
  2393     9999      0      1      0
  2394     9999      0      1      0
  2395     9999      0      1      0
  2396     9999      0      1      0
  2397     9999      0      1      0
  2398     9999      0      1      0
  2399     9999      0      1      0
  2400     9999      0      1      0
  2401     9999      0      1      0
  2402     9999      0      1      0
  2403     9999      0      1      0
  2404     9999      0      1      0
  2405     9999      0      1      0
  2406     9999      0      1      0
  2407     1085      3      1     31
  2408     9999      0      1      0
  2409     9999      0      1      0
  2410     9999      0      1      0
  2411     9999      0      1      0
  2412     9999      0      1      0
  2413     9999      0      1      0
  2414     9999      0      1      0
  2415     9999      0      1      0
  2416     9999      0      1      0
  2417     9999      0      1      0
  2418     1132      3      1     31
  2419     1142      3      1     31
  2420      710      3      1     31
  2421      944      3      1     31
  2422     9999      0      1      0
  2423     1166      3      1     31
  2424     1167      3      1     31
  2425     9999      0      1      0
  2426     9999      0      1      0
  2427     9999      0      1      0
  2428     9999      0      1      0
  2429     9999      0      1      0
  2430     9999      0      1      0
  2431     9999      0      1      0
  2432     1196      3      1    126
  2433     9999      0      1      0
  2434     9999      0      1      0
  2435     9999      0      1      0
  2436     9999      0      1      0
  2437     9999      0      1      0
  2438      935      3      1     31
  2439     1209      3      1     27
  2440      975      3      1     31
  2441      983      3      1    104
  2442     9999      0      1      0
  2443     9999      0      1      0
  2444     1276      3      1     31
  2445     1240      3      1     31
  2446      649      3      1     31
  2447     1240      3      1     31
  2448     9999      0      1      0
  2449     1278      3      1     31
  2450     9999      0      1      0
  2451     1166      3      1     31
  2452     1278      3      1     31
  2453     1278      3      1     31
  2454     1522      3      1     31
  2454     1523      3      2     31
  2455      710      3      1     31
  2456     9999      0      1      0
  2457     1166      3      1     31
  2458     1209      3      1     27
  2459     1278      3      1     31
  2460     9999      0      1      0
  2461     1342      3      1     31
  2462     9999      0      1      0
  2463     1085      3      1     31
  2464     9999      0      1      0
  2465     1342      3      1     31
  2466     9999      0      1      0
  2467     9999      0      1      0
  2468     9999      0      1      0
  2469      975      3      1     31
  2470     1522      3      1     31
  2470     1523      3      2     31
  2471     9999      0      1      0
  2472      975      3      1     31
  2473     1522      3      1     31
  2473     1523      3      2     31
  2474     1522      3      1     31
  2474     1523      3      2     31
  2474     1524      3      3     31
  2475     9999      0      1      0
  2476     9999      0      1      0
  2477     9999      0      1      0
  2478     1342      3      1     31
  2479     9999      0      1      0
  2480     1522      3      1     31
  2480     1523      3      2     31
  2481     9999      0      1      0
  2482      877      3      1     31
  2483     1342      3      1     31
  2484      935      3      1     31
  2485      943      3      1     31
  2486     9999      0      1      0
  2487      649      3      1     31
  2487      950      3      2     82
  2487      951      3      3     31
  2488     9999      0      1      0
  2489      975      3      1     31
  2490     1337      3      1     31
  2491      983      3      1    104
  2492     9999      0      1      0
  2493     1023      3      1     31
  2494      567      1      1     32
  2495     9999      0      1      0
  2496     9999      0      1      0
  2497     9999      0      1      0
  2498     9999      0      1      0
  2499     9999      0      1      0
  2500     9999      0      1      0
  2501     9999      0      1      0
  2502     9999      0      1      0
  2503     9999      0      1      0
  2504     9999      0      1      0
  2505     9999      0      1      0
  2506     9999      0      1      0
  2507     9999      0      1      0
  2508     9999      0      1      0
  2509     9999      0      1      0
  2510      567      1      1     32
  2511     9999      0      1      0
  2512      567      1      1     32
  2513     9999      0      1      0
  2514     9999      0      1      0
  2515     1054      3      1     32
  2516     1053      3      1     32
  2516     1054      3      2     32
  2517     1057      3      1     18
  2518     9999      0      1      0
  2519     9999      0      1      0
  2520     9999      0      1      0
  2521     9999      0      1      0
  2522     9999      0      1      0
  2523     9999      0      1      0
  2524     9999      0      1      0
  2525     9999      0      1      0
  2526     9999      0      1      0
  2527     9999      0      1      0
  2528     9999      0      1      0
  2529     9999      0      1      0
  2530     9999      0      1      0
  2531      541      1      1    140
  2532      541      1      1    140
  2532     1054      3      2     32
  2533      541      1      1    140
  2533     1601      3      2     32
  2534      541      1      1    140
  2534     1609      3      2     32
  2535      541      1      1    140
  2535     1609      3      2     32
  2536      541      1      1    140
  2536     1609      3      2     32
  2537      541      1      1    140
  2537     1609      3      2     32
  2538      541      1      1    140
  2538     1609      3      2     32
  2539      541      1      1    140
  2539     1609      3      2     32
  2540      541      1      1    140
  2540     1609      3      2     32
  2541      541      1      1    140
  2541     1609      3      2     32
  2542      541      1      1    140
  2542     1609      3      2     32
  2542     1610      3      3     32
  2543      567      1      1     32
  2544     9999      0      1      0
  2545     9999      0      1      0
  2546     9999      0      1      0
  2547     9999      0      1      0
  2548     9999      0      1      0
  2549     9999      0      1      0
  2550     9999      0      1      0
  2551     9999      0      1      0
  2552     9999      0      1      0
  2553     9999      0      1      0
  2554     9999      0      1      0
  2555     9999      0      1      0
  2556      541      1      1    140
  2556     1609      3      2     32
  2557      541      1      1    140
  2557     1609      3      2     32
  2558      541      1      1    140
  2558     1609      3      2     32
  2559     1601      3      1     32
  2560     9999      0      1      0
  2561     1112      3      1     32
  2562     9999      0      1      0
  2563     9999      0      1      0
  2564     9999      0      1      0
  2565     9999      0      1      0
  2566     9999      0      1      0
  2567     9999      0      1      0
  2568     9999      0      1      0
  2569     9999      0      1      0
  2570     9999      0      1      0
  2571     9999      0      1      0
  2572      330      1      1    140
  2572     1112      3      2     32
  2573      541      1      1    140
  2573     1609      3      2     32
  2573     1610      3      3     32
  2574      567      1      1     32
  2575      541      1      1    140
  2576      541      1      1    140
  2576     1601      3      2     32
  2577      541      1      1    140
  2577     1601      3      2     32
  2578      541      1      1    140
  2578     1601      3      2     32
  2579      541      1      1    140
  2579     1601      3      2     32
  2580      541      1      1    140
  2580     1601      3      2     32
  2581      541      1      1    140
  2581     1601      3      2     32
  2582      541      1      1    140
  2582     1601      3      2     32
  2583      541      1      1    140
  2583     1601      3      2     32
  2584      541      1      1    140
  2584     1601      3      2     32
  2585      541      1      1    140
  2585     1601      3      2     32
  2586      541      1      1    140
  2586     1601      3      2     32
  2587      541      1      1    140
  2587     1601      3      2     32
  2588      541      1      1    140
  2588     1601      3      2     32
  2589      541      1      1    140
  2589     1112      3      2     32
  2589     1601      3      3     32
  2590     9999      0      1     32
  2591     9999      0      1     32
  2592     9999      0      1      0
  2593      567      1      1     32
  2593     9999      0      2      0
  2594      567      1      1     32
  2595      541      1      1    140
  2595     9999      0      2      0
  2595     1054      3      3     32
  2596      541      1      1    140
  2596     9999      0      2      0
  2596     1054      3      3     32
  2597      541      1      1    140
  2598      567      1      1     32
  2599     1036      3      1     32
  2600     9999      0      1     32
  2601     1112      3      1     32
  2601     1601      3      2     32
  2602     1112      3      1     32
  2602     1601      3      2     32
  2603     9999      0      1     32
  2604     9999      0      1      0
  2605     9999      0      1      0
  2606      567      1      1     32
  2607     1609      3      1     32
  2608     1609      3      1     32
  2609     1609      3      1     32
  2610     1609      3      1     32
  2611     1609      3      1     32
  2612     1609      3      1     32
  2613     1609      3      1     32
  2614     1609      3      1     32
  2614     1610      3      2     32
  2615     9999      0      1     32
  2616     9999      0      1     32
  2617     9999      0      1     32
  2618      330      1      1    140
  2618     1609      3      2     32
  2618     1610      3      3     32
  2619      541      1      1    140
  2619     1609      3      2     32
  2620     9999      0      1     32
  2621     9999      0      1     32
  2622     9999      0      1     32
  2623     9999      0      1     32
  2624     9999      0      1      0
  2625     9999      0      1     32
  2626     1601      3      1     32
  2627     9999      0      1     32
  2628      330      1      1    140
  2628     1112      3      2     32
  2629     9999      0      1      0
  2630     9999      0      1      0
  2631     9999      0      1      0
  2632     9999      0      1      0
  2633     9999      0      1      0
  2634     9999      0      1      0
  2635     9999      0      1      0
  2636     9999      0      1      0
  2637     9999      0      1      0
  2638     9999      0      1      0
  2639     9999      0      1      0
  2640     9999      0      1      0
  2641     9999      0      1      0
  2642     9999      0      1      0
  2643     9999      0      1      0
  2644     9999      0      1      0
  2645     9999      0      1      0
  2646     9999      0      1      0
  2647      541      1      1    140
  2647     1609      3      2     32
  2647     1610      3      3     32
  2648     1609      3      1     32
  2649     9999      0      1     32
  2650      567      1      1     32
  2651      541      1      1    140
  2651     1609      3      2     32
  2652      541      1      1    140
  2652     1054      3      2     32
  2653     1609      3      1     32
  2654      541      1      1    140
  2654     1609      3      2     32
  2655     1054      3      1     32
  2656     9999      0      1     32
  2657      567      1      1     32
  2658      567      1      1     32
  2659      567      1      1     32
  2660      567      1      1     32
  2661      567      1      1     32
  2662      567      1      1     32
  2663     9999      0      1      0
  2664     1053      3      1     32
  2664     1054      3      2     32
  2665      541      1      1    140
  2665     1609      3      2     32
  2666     9999      0      1     32
  2667      541      1      1    140
  2668      330      1      1    140
  2668     1609      3      2     32
  2668     1610      3      3     32
  2669      541      1      1    140
  2670      541      1      1    140
  2670     1609      3      2     32
  2671      567      1      1     32
  2672     1609      3      1     32
  2672     1610      3      2     32
  2673      541      1      1    140
  2673     1609      3      2     32
  2674     9999      0      1      0
  2675     9999      0      1      0
  2676     9999      0      1      0
  2677     9999      0      1      0
  2678     9999      0      1      0
  2679     9999      0      1      0
  2680     9999      0      1      0
  2681     9999      0      1      0
  2682     9999      0      1      0
  2683     9999      0      1      0
  2684     9999      0      1      0
  2685     9999      0      1      0
  2686     9999      0      1      0
  2687     9999      0      1      0
  2688     9999      0      1      0
  2689     9999      0      1      0
  2690     9999      0      1      0
  2691     9999      0      1      0
  2692     9999      0      1      0
  2693     9999      0      1      0
  2694     9999      0      1      0
  2695     9999      0      1      0
  2696     9999      0      1      0
  2697     9999      0      1      0
  2698     9999      0      1      0
  2699     9999      0      1      0
  2700     9999      0      1      0
  2701     9999      0      1      0
  2702     9999      0      1      0
  2703     9999      0      1      0
  2704     9999      0      1      0
  2705     9999      0      1      0
  2706     9999      0      1      0
  2707     9999      0      1      0
  2708     9999      0      1      0
  2709     9999      0      1      0
  2710     9999      0      1      0
  2711     9999      0      1      0
  2712     9999      0      1      0
  2713     9999      0      1      0
  2714     1049      3      1     35
  2715       71      1      1    132
  2716     1325      3      1     35
  2717      787      3      1     35
  2718     9999      0      1      0
  2719     9999      0      1      0
  2720     9999      0      1      0
  2721     9999      0      1      0
  2722     9999      0      1      0
  2723     9999      0      1      0
  2724     9999      0      1      0
  2725     9999      0      1      0
  2726     9999      0      1     36
  2727     9999      0      1      0
  2728     9999      0      1      0
  2729     9999      0      1      0
  2730     9999      0      1      0
  2731     9999      0      1      0
  2732     9999      0      1      0
  2733     9999      0      1      0
  2734     9999      0      1      0
  2735     9999      0      1      0
  2736     9999      0      1      0
  2737     9999      0      1      0
  2738     9999      0      1      0
  2739     9999      0      1     36
  2740     9999      0      1      0
  2741     9999      0      1      0
  2742     9999      0      1      0
  2743     9999      0      1     36
  2744     9999      0      1      0
  2745     9999      0      1     36
  2746     9999      0      1     36
  2747     9999      0      1     36
  2748     9999      0      1     36
  2749     9999      0      1     36
  2750     9999      0      1     36
  2751     9999      0      1     36
  2752     9999      0      1     36
  2753     9999      0      1      0
  2754     9999      0      1     36
  2755     9999      0      1     36
  2756     9999      0      1     36
  2757     9999      0      1     36
  2758     9999      0      1     36
  2759     9999      0      1     36
  2760     9999      0      1     36
  2761     9999      0      1     36
  2762     9999      0      1     36
  2763     9999      0      1     36
  2764     9999      0      1     36
  2765     9999      0      1     36
  2766     9999      0      1     36
  2767     9999      0      1     36
  2768     9999      0      1     36
  2769     9999      0      1     36
  2770     9999      0      1     36
  2771     9999      0      1     36
  2772     9999      0      1     36
  2773     9999      0      1     36
  2774     9999      0      1     36
  2775     9999      0      1     36
  2776     9999      0      1     36
  2777     9999      0      1     36
  2778     9999      0      1     36
  2779     9999      0      1     36
  2780     9999      0      1     36
  2781     9999      0      1     36
  2782     9999      0      1     36
  2783     9999      0      1     36
  2784     9999      0      1      0
  2785     9999      0      1      0
  2786     9999      0      1      0
  2787     9999      0      1      0
  2788     9999      0      1      0
  2789     9999      0      1      0
  2790     9999      0      1      0
  2791     9999      0      1      0
  2792     9999      0      1      0
  2793     9999      0      1      0
  2794     9999      0      1      0
  2795     9999      0      1      0
  2796     9999      0      1      0
  2797     9999      0      1      0
  2798     9999      0      1      0
  2799     9999      0      1      0
  2800      540      1      1     37
  2800     1114      3      2    139
  2801      540      1      1     37
  2801     1114      3      2    139
  2802      540      1      1     37
  2802     1114      3      2    139
  2803      540      1      1     37
  2803     1114      3      2    139
  2804      540      1      1     37
  2804     1114      3      2    139
  2805      540      1      1     37
  2805     1114      3      2    139
  2806      540      1      1     37
  2806     1114      3      2    139
  2807      540      1      1     37
  2807     1114      3      2    139
  2808      540      1      1     37
  2808     1114      3      2    139
  2809      540      1      1     37
  2809     1114      3      2    139
  2810     9999      0      1      0
  2811     9999      0      1      0
  2812     9999      0      1      0
  2813     9999      0      1      0
  2814     9999      0      1      0
  2815     9999      0      1      0
  2816     9999      0      1      0
  2817     9999      0      1      0
  2818     9999      0      1      0
  2819     9999      0      1      0
  2820     9999      0      1      0
  2821     9999      0      1      0
  2822     9999      0      1      0
  2823     9999      0      1      0
  2824     9999      0      1      0
  2825     9999      0      1      0
  2826     9999      0      1      0
  2827     9999      0      1      0
  2828     9999      0      1      0
  2829     9999      0      1      0
  2830     9999      0      1      0
  2831      550      1      1    140
  2831      551      1      2    140
  2831      552      1      3    140
  2832     9999      0      1      0
  2833     9999      0      1      0
  2834     9999      0      1      0
  2835     9999      0      1      0
  2836     9999      0      1      0
  2837     9999      0      1      0
  2838     9999      0      1      0
  2839     9999      0      1      0
  2840     9999      0      1      0
  2841     9999      0      1      0
  2842     9999      0      1      0
  2843     9999      0      1      0
  2844     9999      0      1      0
  2845     9999      0      1      0
  2846     9999      0      1      0
  2847     9999      0      1      0
  2848     9999      0      1      0
  2849     9999      0      1      0
  2850     9999      0      1      0
  2851     9999      0      1      0
  2852     9999      0      1      0
  2853     9999      0      1      0
  2854     9999      0      1      0
  2855     9999      0      1      0
  2856     9999      0      1      0
  2857     9999      0      1      0
  2858     9999      0      1      0
  2859      540      1      1     37
  2859     1114      3      2    139
  2860      540      1      1     37
  2860     1114      3      2    139
  2861     1581      3      1    140
  2862     1581      3      1    140
  2863     1581      3      1    140
  2864     1581      3      1    140
  2865     1581      3      1    140
  2866     1581      3      1    140
  2867     1581      3      1    140
  2868     1581      3      1    140
  2869     9999      0      1      0
  2870     1583      3      1    105
  2871     1583      3      1    105
  2872     1581      3      1    140
  2873     9999      0      1      0
  2874     9999      0      1      0
  2875     9999      0      1      0
  2876     9999      0      1      0
  2877     9999      0      1     37
  2878     9999      0      1     37
  2879     9999      0      1      0
  2880     1583      3      1    105
  2881     9999      0      1     37
  2882     9999      0      1      0
  2883     9999      0      1     37
  2884     9999      0      1      0
  2885     9999      0      1      0
  2886     9999      0      1      0
  2887     9999      0      1      0
  2888     9999      0      1      0
  2889     9999      0      1      0
  2890     9999      0      1      0
  2891     9999      0      1      0
  2892     9999      0      1      0
  2893     9999      0      1      0
  2894     9999      0      1      0
  2895     9999      0      1      0
  2896     9999      0      1      0
  2897     9999      0      1      0
  2898     9999      0      1     37
  2899     9999      0      1      0
  2900     9999      0      1     37
  2901      540      1      1     37
  2901     1114      3      2    139
  2902     9999      0      1      0
  2903     9999      0      1      0
  2904     9999      0      1      0
  2905     9999      0      1      0
  2906     9999      0      1      0
  2907     9999      0      1      0
  2908     9999      0      1      0
  2909     9999      0      1      0
  2910     9999      0      1      0
  2911     9999      0      1      0
  2912     9999      0      1      0
  2913     9999      0      1      0
  2914     9999      0      1      0
  2915     9999      0      1      0
  2916     9999      0      1      0
  2917     9999      0      1      0
  2918     9999      0      1      0
  2919     9999      0      1      0
  2920     9999      0      1      0
  2921     9999      0      1      0
  2922     9999      0      1      0
  2923     9999      0      1      0
  2924     9999      0      1      0
  2925     9999      0      1      0
  2926     9999      0      1      0
  2927     9999      0      1      0
  2928     9999      0      1      0
  2929     9999      0      1      0
  2930     9999      0      1      0
  2931     9999      0      1      0
  2932     9999      0      1      0
  2933     9999      0      1      0
  2934     9999      0      1      0
  2935     9999      0      1      0
  2936     9999      0      1      0
  2937     9999      0      1      0
  2938     9999      0      1      0
  2939     9999      0      1      0
  2940      168      1      1    136
  2940     1423      3      2    124
  2941      168      1      1    136
  2941     1423      3      2    124
  2942      168      1      1    136
  2942     1423      3      2    124
  2943      168      1      1    136
  2943     1423      3      2    124
  2944     9999      0      1      0
  2945     9999      0      1      0
  2946     9999      0      1      0
  2947     9999      0      1      0
  2948     9999      0      1      0
  2949     9999      0      1      0
  2950     9999      0      1      0
  2951     9999      0      1      0
  2952     9999      0      1      0
  2953     9999      0      1      0
  2954      110      1      1     38
  2955     9999      0      1      0
  2956     1331      3      1     38
  2957     9999      0      1      0
  2958     9999      0      1      0
  2959     9999      0      1      0
  2960     9999      0      1      0
  2961     9999      0      1      0
  2962     9999      0      1      0
  2963     9999      0      1      0
  2964     9999      0      1      0
  2965     9999      0      1      0
  2966     9999      0      1      0
  2967     9999      0      1      0
  2968     9999      0      1      0
  2969     9999      0      1      0
  2970     9999      0      1      0
  2971     9999      0      1      0
  2972     9999      0      1      0
  2973     9999      0      1      0
  2974     9999      0      1      0
  2975     9999      0      1      0
  2976     9999      0      1      0
  2977     9999      0      1      0
  2978     9999      0      1      0
  2979     9999      0      1      0
  2980     9999      0      1      0
  2981     1355      3      1     40
  2982     1355      3      1     40
  2983     1356      3      1     40
  2984     9999      0      1      0
  2985     9999      0      1      0
  2986     9999      0      1      0
  2987     9999      0      1      0
  2988     9999      0      1      0
  2989     9999      0      1      0
  2990     9999      0      1      0
  2991     9999      0      1      0
  2992     9999      0      1      0
  2993     9999      0      1      0
  2994     9999      0      1      0
  2995     9999      0      1      0
  2996     9999      0      1      0
  2997     9999      0      1      0
  2998     9999      0      1      0
  2999     9999      0      1      0
  3000     9999      0      1      0
  3001     1356      3      1     40
  3002     9999      0      1      0
  3003     1355      3      1     40
  3004     9999      0      1      0
  3005     9999      0      1      0
  3006     9999      0      1      0
  3007     1355      3      1     40
  3008     9999      0      1      0
  3009     9999      0      1      0
  3010     9999      0      1      0
  3011     9999      0      1      0
  3012     1335      3      1     40
  3013     9999      0      1      0
  3014     9999      0      1      0
  3015     9999      0      1      0
  3016     9999      0      1      0
  3017     9999      0      1      0
  3018     9999      0      1      0
  3019     9999      0      1      0
  3020     9999      0      1      0
  3021     9999      0      1      0
  3022     9999      0      1      0
  3023     9999      0      1      0
  3024     9999      0      1      0
  3025     1154      3      1     40
  3026     9999      0      1      0
  3027     9999      0      1      0
  3028     9999      0      1      0
  3029     9999      0      1      0
  3030      875      3      1     40
  3031     9999      0      1      0
  3032     9999      0      1      0
  3033     9999      0      1      0
  3034     1335      3      1     40
  3035     1121      3      1    124
  3036     9999      0      1      0
  3037     1355      3      1     40
  3038     9999      0      1      0
  3039      875      3      1     40
  3040     9999      0      1      0
  3041      875      3      1     40
  3042      875      3      1     40
  3043      875      3      1     40
  3044     9999      0      1      0
  3045     9999      0      1      0
  3046     9999      0      1      0
  3047     9999      0      1      0
  3048     9999      0      1      0
  3049     9999      0      1      0
  3050     9999      0      1      0
  3051     1283      3      1     40
  3052     9999      0      1      0
  3053      875      3      1     40
  3054     9999      0      1      0
  3055     9999      0      1      0
  3056     9999      0      1      0
  3057     9999      0      1      0
  3058     1154      3      1     40
  3059     9999      0      1      0
  3060     9999      0      1      0
  3061     1160      3      1    104
  3062     1160      3      1    104
  3063     1160      3      1    104
  3064     1160      3      1    104
  3065     1160      3      1    104
  3066     1160      3      1    104
  3067     1160      3      1    104
  3068     1335      3      1     40
  3069     9999      0      1      0
  3070     9999      0      1      0
  3071     9999      0      1      0
  3072     9999      0      1      0
  3073     9999      0      1      0
  3074     9999      0      1      0
  3075     1356      3      1     40
  3076     1335      3      1     40
  3077      875      3      1     40
  3078     9999      0      1      0
  3079     9999      0      1      0
  3080     1355      3      1     40
  3081     9999      0      1      0
  3082     9999      0      1      0
  3083     9999      0      1      0
  3084     9999      0      1      0
  3085     9999      0      1      0
  3086     9999      0      1      0
  3087     9999      0      1      0
  3088     9999      0      1      0
  3089     9999      0      1      0
  3090     9999      0      1      0
  3091     9999      0      1      0
  3092     9999      0      1      0
  3093     9999      0      1      0
  3094     9999      0      1      0
  3095     9999      0      1      0
  3096     9999      0      1      0
  3097     9999      0      1      0
  3098     9999      0      1      0
  3099     9999      0      1      0
  3100     9999      0      1      0
  3101     9999      0      1      0
  3102     9999      0      1      0
  3103     9999      0      1      0
  3104     9999      0      1      0
  3105     9999      0      1      0
  3106     9999      0      1      0
  3107     9999      0      1      0
  3108     9999      0      1      0
  3109     9999      0      1      0
  3110      955      3      1     41
  3111     9999      0      1      0
  3112     9999      0      1      0
  3113     9999      0      1      0
  3114     9999      0      1      0
  3115     9999      0      1      0
  3116     9999      0      1      0
  3117     9999      0      1      0
  3118     9999      0      1      0
  3119     9999      0      1      0
  3120     9999      0      1      0
  3121     9999      0      1      0
  3122     9999      0      1      0
  3123     9999      0      1      0
  3124     9999      0      1      0
  3125     9999      0      1      0
  3126     9999      0      1      0
  3127     9999      0      1      0
  3128     9999      0      1      0
  3129      662      3      1     41
  3130      708      3      1     41
  3131     9999      0      1      0
  3132     1160      3      1    104
  3133     1160      3      1    104
  3134     1160      3      1    104
  3135     1160      3      1    104
  3136     1160      3      1    104
  3137      955      3      1     41
  3138     9999      0      1      0
  3139     9999      0      1      0
  3140     9999      0      1      0
  3141      955      3      1     41
  3142     1195      3      1     41
  3143     9999      0      1      0
  3144      955      3      1     41
  3145       67      1      1     41
  3145     1516      3      2     41
  3146     9999      0      1      0
  3147      662      3      1     41
  3148     9999      0      1      0
  3149      955      3      1     41
  3150     9999      0      1      0
  3151     9999      0      1      0
  3152      653      3      1    115
  3153     1280      3      1     41
  3154     1281      3      1     41
  3155      662      3      1     41
  3156     1335      3      1     40
  3157     1280      3      1     41
  3158     1280      3      1     41
  3159     1280      3      1     41
  3160     1280      3      1     41
  3161     1280      3      1     41
  3162     1280      3      1     41
  3163     1281      3      1     41
  3164      708      3      1     41
  3165      955      3      1     41
  3166     1195      3      1     41
  3167     9999      0      1      0
  3168     9999      0      1      0
  3169     9999      0      1      0
  3170     9999      0      1      0
  3171     1195      3      1     41
  3172     9999      0      1      0
  3173     1195      3      1     41
  3174     1195      3      1     41
  3175     9999      0      1      0
  3176     1195      3      1     41
  3177     9999      0      1      0
  3178     9999      0      1      0
  3179     1195      3      1     41
  3180     1195      3      1     41
  3181     9999      0      1      0
  3182      708      3      1     41
  3183     9999      0      1      0
  3184     1280      3      1     41
  3185     9999      0      1      0
  3186     1280      3      1     41
  3187     9999      0      1      0
  3188     1280      3      1     41
  3189     9999      0      1      0
  3190     1280      3      1     41
  3191     9999      0      1      0
  3192     1280      3      1     41
  3193     9999      0      1      0
  3194     9999      0      1      0
  3195     9999      0      1      0
  3196     1280      3      1     41
  3197     9999      0      1      0
  3198     1280      3      1     41
  3199     9999      0      1      0
  3200     1280      3      1     41
  3201     9999      0      1      0
  3202     1280      3      1     41
  3203     1280      3      1     41
  3204     9999      0      1      0
  3205     1280      3      1     41
  3206     1280      3      1     41
  3207     9999      0      1      0
  3208     9999      0      1      0
  3209     9999      0      1      0
  3210     9999      0      1      0
  3211     9999      0      1      0
  3212     9999      0      1      0
  3213     9999      0      1      0
  3214     9999      0      1      0
  3215     9999      0      1      0
  3216     9999      0      1      0
  3217     9999      0      1      0
  3218     9999      0      1      0
  3219     9999      0      1      0
  3220     9999      0      1      0
  3221     9999      0      1      0
  3222     9999      0      1      0
  3223     9999      0      1      0
  3224     9999      0      1      0
  3225     9999      0      1      0
  3226     9999      0      1      0
  3227     9999      0      1      0
  3228     9999      0      1      0
  3229     9999      0      1      0
  3230     9999      0      1      0
  3231     9999      0      1      0
  3232     9999      0      1      0
  3233     9999      0      1      0
  3234     9999      0      1      0
  3235     9999      0      1      0
  3236     9999      0      1      0
  3237     9999      0      1      0
  3238     9999      0      1      0
  3239     9999      0      1      0
  3240     9999      0      1      0
  3241     9999      0      1      0
  3242     9999      0      1      0
  3243     9999      0      1      0
  3244     9999      0      1      0
  3245     9999      0      1      0
  3246     9999      0      1      0
  3247     9999      0      1      0
  3248     9999      0      1     45
  3249     9999      0      1     45
  3250     9999      0      1      0
  3251     9999      0      1      0
  3252     9999      0      1      0
  3253     9999      0      1      0
  3254     9999      0      1      0
  3255      568      1      1    130
  3256     9999      0      1      0
  3257     9999      0      1      0
  3258     9999      0      1      0
  3259     9999      0      1      0
  3260     9999      0      1      0
  3261     9999      0      1      0
  3262      568      1      1    130
  3263      568      1      1    130
  3264     9999      0      1      0
  3265     9999      0      1      0
  3266     9999      0      1      0
  3267     9999      0      1      0
  3268     9999      0      1      0
  3269     9999      0      1      0
  3270     9999      0      1      0
  3271     9999      0      1      0
  3272     9999      0      1      0
  3273     9999      0      1      0
  3274     9999      0      1      0
  3275     9999      0      1      0
  3276     9999      0      1      0
  3277     9999      0      1      0
  3278     9999      0      1      0
  3279     9999      0      1      0
  3280     9999      0      1      0
  3281     9999      0      1      0
  3282     9999      0      1      0
  3283     9999      0      1      0
  3284     9999      0      1      0
  3285     9999      0      1      0
  3286     9999      0      1      0
  3287     9999      0      1      0
  3288     9999      0      1      0
  3289     9999      0      1      0
  3290     9999      0      1      0
  3291     9999      0      1      0
  3292     9999      0      1      0
  3293     1069      3      1     47
  3294     9999      0      1      0
  3295      660      3      1     47
  3296     1069      3      1     47
  3297     1271      3      1     47
  3298     9999      0      1      0
  3299     9999      0      1      0
  3300     9999      0      1      0
  3301     9999      0      1      0
  3302     9999      0      1      0
  3303     9999      0      1      0
  3304     9999      0      1      0
  3305     9999      0      1      0
  3306     9999      0      1      0
  3307     9999      0      1      0
  3308     9999      0      1      0
  3309     1069      3      1     47
  3309     1272      3      2     47
  3310     9999      0      1      0
  3311     9999      0      1      0
  3312      545      1      1     49
  3313      545      1      1     49
  3313      824      3      2     47
  3314     1069      3      1     47
  3315     9999      0      1      0
  3316     9999      0      1      0
  3317     9999      0      1      0
  3318     9999      0      1      0
  3319     9999      0      1      0
  3320     9999      0      1      0
  3321     9999      0      1      0
  3322     9999      0      1      0
  3323     9999      0      1      0
  3324     1069      3      1     47
  3325     1069      3      1     47
  3326     1069      3      1     47
  3327     1069      3      1     47
  3328     1069      3      1     47
  3329     1069      3      1     47
  3330     1086      3      1     47
  3331     1086      3      1     47
  3332     1086      3      1     47
  3333     1086      3      1     47
  3334     1086      3      1     47
  3335     9999      0      1      0
  3336     9999      0      1      0
  3337      660      3      1     47
  3338     1271      3      1     47
  3339     1272      3      1     47
  3340     9999      0      1      0
  3341     9999      0      1      0
  3342     9999      0      1      0
  3343     9999      0      1      0
  3344      824      3      1     47
  3345     9999      0      1      0
  3346     1477      3      1     47
  3347     9999      0      1      0
  3348      841      3      1     47
  3349      118      1      1     47
  3349     1453      3      2     47
  3350     1272      3      1     47
  3351      108      1      1     47
  3351     1086      3      2     47
  3352     9999      0      1      0
  3353     1069      3      1     47
  3354      117      1      1     47
  3355      118      1      1     47
  3355     1453      3      2     47
  3356      223      1      1     47
  3356      824      3      2     47
  3357      223      1      1     47
  3357     1477      3      2     47
  3358      715      3      1     47
  3359      841      3      1     47
  3360     1351      3      1     48
  3361     1129      3      1     48
  3361     1351      3      2     48
  3362     9999      0      1      0
  3363     1129      3      1     48
  3364     9999      0      1      0
  3365     9999      0      1      0
  3366     9999      0      1      0
  3367     9999      0      1      0
  3368     9999      0      1      0
  3369     9999      0      1      0
  3370     9999      0      1      0
  3371     9999      0      1      0
  3372     9999      0      1      0
  3373     9999      0      1      0
  3374     9999      0      1      0
  3375     1360      3      1     48
  3376      763      3      1     48
  3377     9999      0      1      0
  3378      772      3      1     48
  3379     9999      0      1      0
  3380     9999      0      1      0
  3381     9999      0      1      0
  3382     9999      0      1      0
  3383     9999      0      1      0
  3384     9999      0      1      0
  3385     9999      0      1      0
  3386       54      1      1    115
  3387       56      1      1     48
  3388     1613      3      1     48
  3389     9999      0      1      0
  3390     9999      0      1      0
  3391     9999      0      1      0
  3392     9999      0      1      0
  3393     9999      0      1      0
  3394     9999      0      1      0
  3395     9999      0      1      0
  3396     9999      0      1      0
  3397     9999      0      1      0
  3398     9999      0      1      0
  3399     9999      0      1      0
  3400     9999      0      1      0
  3401     9999      0      1      0
  3402     9999      0      1      0
  3403     9999      0      1      0
  3404     9999      0      1      0
  3405     9999      0      1      0
  3406      672      3      1     48
  3407     1129      3      1     48
  3408     1489      3      1    115
  3409      101      1      1     48
  3410     1439      3      1     48
  3411     1489      3      1    115
  3412     9999      0      1      0
  3413      763      3      1     48
  3414     1613      3      1     48
  3415      229      1      1    115
  3415     1489      3      2    115
  3416      229      1      1    115
  3416     1489      3      2    115
  3417     9999      0      1      0
  3418     9999      0      1      0
  3419     9999      0      1      0
  3420     9999      0      1      0
  3421     9999      0      1      0
  3422     9999      0      1      0
  3423     9999      0      1      0
  3424     9999      0      1      0
  3425     9999      0      1      0
  3426     9999      0      1      0
  3427     9999      0      1      0
  3428     9999      0      1      0
  3429     9999      0      1      0
  3430     9999      0      1      0
  3431     9999      0      1      0
  3432     9999      0      1      0
  3433     9999      0      1      0
  3434     9999      0      1      0
  3435     9999      0      1      0
  3436     1477      3      1     47
  3437      450      1      1     49
  3438     9999      0      1      0
  3439     9999      0      1      0
  3440     9999      0      1      0
  3441     9999      0      1      0
  3442     9999      0      1      0
  3443     9999      0      1      0
  3444     9999      0      1      0
  3445      824      3      1     47
  3446     1069      3      1     47
  3447     1069      3      1     47
  3448     1069      3      1     47
  3449      223      1      1     49
  3450      223      1      1     49
  3450      824      3      2     47
  3451      223      1      1     49
  3451     1477      3      2     47
  3452     9999      0      1      0
  3453     9999      0      1      0
  3454     9999      0      1      0
  3455     9999      0      1      0
  3456     9999      0      1      0
  3457     9999      0      1      0
  3458     1069      3      1     47
  3459     9999      0      1      0
  3460     9999      0      1      0
  3461     9999      0      1      0
  3462     9999      0      1      0
  3463     9999      0      1      0
  3464     9999      0      1      0
  3465       60      1      1    116
  3466     9999      0      1      0
  3467     9999      0      1      0
  3468     9999      0      1      0
  3469     9999      0      1      0
  3470     9999      0      1      0
  3471     9999      0      1      0
  3472     9999      0      1      0
  3473     9999      0      1      0
  3474     9999      0      1      0
  3475     9999      0      1      0
  3476     9999      0      1      0
  3477      408      1      1    116
  3478      408      1      1    116
  3479      408      1      1    116
  3480      408      1      1    116
  3481      408      1      1    116
  3482      408      1      1    116
  3483       60      1      1    116
  3483      408      1      2    116
  3484     9999      0      1     50
  3485     9999      0      1      0
  3486     9999      0      1      0
  3487     9999      0      1      0
  3488     9999      0      1      0
  3489     9999      0      1      0
  3490     9999      0      1      0
  3491     9999      0      1      0
  3492     9999      0      1      0
  3493      123      1      1     96
  3493      495      1      2     96
  3493      735      3      3     96
  3493     1372      3      4     96
  3493     1413      3      5     96
  3494     1122      3      1     96
  3495      641      3      1     96
  3496     9999      0      1      0
  3497     9999      0      1      0
  3498     9999      0      1      0
  3499     9999      0      1      0
  3500     9999      0      1      0
  3501     9999      0      1      0
  3502     9999      0      1      0
  3503     9999      0      1      0
  3504     9999      0      1      0
  3505     9999      0      1      0
  3506     9999      0      1      0
  3507     9999      0      1      0
  3508     9999      0      1      0
  3509     9999      0      1      0
  3510      641      3      1     96
  3511      123      1      1     96
  3511      495      1      2     96
  3511     1413      3      3     96
  3512     1122      3      1     96
  3513      641      3      1     96
  3513     1122      3      2     96
  3514      123      1      1     96
  3514      495      1      2     96
  3514     1413      3      3     96
  3515      123      1      1     96
  3515      495      1      2     96
  3515      735      3      3     96
  3515     1372      3      4     96
  3515     1413      3      5     96
  3516     9999      0      1      0
  3517     9999      0      1     52
  3518     9999      0      1     52
  3519     9999      0      1     52
  3520     9999      0      1      0
  3521     9999      0      1      0
  3522     9999      0      1      0
  3523     9999      0      1      0
  3524     9999      0      1      0
  3525     9999      0      1      0
  3526     9999      0      1      0
  3527     9999      0      1      0
  3528     9999      0      1      0
  3529     9999      0      1      0
  3530     9999      0      1      0
  3531     9999      0      1      0
  3532     9999      0      1      0
  3533      408      1      1    116
  3534     9999      0      1      0
  3535     9999      0      1      0
  3536     9999      0      1      0
  3537     9999      0      1      0
  3538     9999      0      1      0
  3539     9999      0      1      0
  3540      980      3      1     54
  3541     9999      0      1     54
  3542      980      3      1     54
  3543     9999      0      1      0
  3544      980      3      1     54
  3545     9999      0      1      0
  3546     9999      0      1      0
  3547     9999      0      1      0
  3548     9999      0      1      0
  3549     9999      0      1      0
  3550     9999      0      1      0
  3551     9999      0      1      0
  3552     9999      0      1      0
  3553     9999      0      1      0
  3554      429      1      1     86
  3555     9999      0      1      0
  3556     9999      0      1      0
  3557     9999      0      1      0
  3558     9999      0      1      0
  3559     9999      0      1      0
  3560     9999      0      1      0
  3561     9999      0      1      0
  3562     9999      0      1      0
  3563     9999      0      1      0
  3564     9999      0      1      0
  3565     9999      0      1      0
  3566     9999      0      1      0
  3567      264      1      1     56
  3567     1214      3      2     56
  3568     1611      3      1     86
  3569     9999      0      1      0
  3570     1611      3      1     86
  3571     9999      0      1      0
  3572     9999      0      1      0
  3573     9999      0      1      0
  3574     9999      0      1      0
  3575     9999      0      1      0
  3576     9999      0      1      0
  3577     9999      0      1     56
  3578     9999      0      1     56
  3579      429      1      1     86
  3580     1666      3      1     56
  3581     1666      3      1     56
  3582     9999      0      1      0
  3583     9999      0      1      0
  3584     1666      3      1     56
  3585     1666      3      1     56
  3586     1666      3      1     56
  3587     9999      0      1      0
  3588     9999      0      1      0
  3589      429      1      1     86
  3590      429      1      1     86
  3591      429      1      1     86
  3592      429      1      1     86
  3593      429      1      1     86
  3594      429      1      1     86
  3595      429      1      1     86
  3596      429      1      1     86
  3597      429      1      1     86
  3598     9999      0      1      0
  3599     9999      0      1      0
  3600     9999      0      1      0
  3601     9999      0      1      0
  3602     9999      0      1      0
  3603     9999      0      1      0
  3604     9999      0      1      0
  3605     9999      0      1      0
  3606     9999      0      1      0
  3607     9999      0      1      0
  3608     9999      0      1      0
  3609     9999      0      1      0
  3610     9999      0      1      0
  3611     9999      0      1      0
  3612     9999      0      1      0
  3613     9999      0      1      0
  3614     9999      0      1      0
  3615     9999      0      1      0
  3616     9999      0      1      0
  3617     9999      0      1      0
  3618     9999      0      1      0
  3619     9999      0      1      0
  3620     9999      0      1      0
  3621     9999      0      1      0
  3622     9999      0      1      0
  3623     9999      0      1      0
  3624     9999      0      1      0
  3625     9999      0      1      0
  3626     9999      0      1      0
  3627     9999      0      1      0
  3628     9999      0      1      0
  3629     9999      0      1      0
  3630     9999      0      1      0
  3631     9999      0      1      0
  3632     9999      0      1      0
  3633     9999      0      1      0
  3634     9999      0      1      0
  3635     9999      0      1     59
  3636     9999      0      1      0
  3637     9999      0      1      0
  3638     9999      0      1      0
  3639     9999      0      1      0
  3640     9999      0      1      0
  3641     9999      0      1     59
  3642     9999      0      1     59
  3643     9999      0      1     59
  3644     9999      0      1     59
  3645     9999      0      1     59
  3646     9999      0      1     59
  3647     9999      0      1     59
  3648      270      1      1     67
  3648     1518      3      2     60
  3649      968      3      1     60
  3650     9999      0      1      0
  3651     9999      0      1      0
  3652     9999      0      1      0
  3653     9999      0      1      0
  3654     9999      0      1      0
  3655     9999      0      1      0
  3656     9999      0      1      0
  3657     9999      0      1      0
  3658     9999      0      1      0
  3659     9999      0      1      0
  3660     9999      0      1      0
  3661     9999      0      1      0
  3662     9999      0      1      0
  3663     9999      0      1      0
  3664     9999      0      1      0
  3665     9999      0      1      0
  3666     9999      0      1      0
  3667     9999      0      1      0
  3668     9999      0      1      0
  3669     9999      0      1      0
  3670     9999      0      1     61
  3671     9999      0      1      0
  3672     9999      0      1     61
  3673      183      1      1     61
  3674     9999      0      1      0
  3675     9999      0      1      0
  3676     9999      0      1      0
  3677     9999      0      1      0
  3678     9999      0      1      0
  3679     9999      0      1      0
  3680     9999      0      1      0
  3681     9999      0      1      0
  3682     9999      0      1      0
  3683     9999      0      1      0
  3684     9999      0      1      0
  3685     9999      0      1      0
  3686     9999      0      1      0
  3687     9999      0      1      0
  3688     9999      0      1      0
  3689     9999      0      1      0
  3690     9999      0      1      0
  3691     9999      0      1      0
  3692     9999      0      1      0
  3693      645      3      1     63
  3694     9999      0      1      0
  3695     9999      0      1      0
  3696     9999      0      1      0
  3697      428      1      1     86
  3698      631      3      1     63
  3699     9999      0      1      0
  3700     9999      0      1      0
  3701     9999      0      1      0
  3702     9999      0      1      0
  3703     9999      0      1      0
  3704       50      1      1     64
  3705       97      1      1     64
  3706     9999      0      1      0
  3707     9999      0      1      0
  3708     9999      0      1      0
  3709     9999      0      1      0
  3710     9999      0      1      0
  3711     9999      0      1      0
  3712     9999      0      1      0
  3713     9999      0      1      0
  3714     9999      0      1      0
  3715     9999      0      1      0
  3716     9999      0      1      0
  3717     9999      0      1      0
  3718     9999      0      1     65
  3719     9999      0      1      0
  3720     9999      0      1      0
  3721     9999      0      1      0
  3722     9999      0      1      0
  3723     9999      0      1      0
  3724     9999      0      1      0
  3725     9999      0      1      0
  3726     1004      3      1     66
  3727      270      1      1     67
  3727     1518      3      2     60
  3728     9999      0      1      0
  3729     9999      0      1      0
  3730     9999      0      1      0
  3731     9999      0      1      0
  3732     9999      0      1      0
  3733     9999      0      1      0
  3734     9999      0      1      0
  3735     9999      0      1      0
  3736     9999      0      1      0
  3737      680      3      1     67
  3738     1518      3      1     60
  3739      968      3      1     60
  3740     9999      0      1      0
  3741     9999      0      1      0
  3742     9999      0      1      0
  3743     9999      0      1      0
  3744     9999      0      1      0
  3745       50      1      1     64
  3746       51      1      1     68
  3747       52      1      1     68
  3748       53      1      1     68
  3749     9999      0      1      0
  3750     9999      0      1      0
  3751     9999      0      1      0
  3752     9999      0      1      0
  3753     9999      0      1      0
  3754     9999      0      1      0
  3755     9999      0      1      0
  3756     9999      0      1      0
  3757     9999      0      1      0
  3758       57      1      1     68
  3759     9999      0      1      0
  3760     9999      0      1      0
  3761     9999      0      1      0
  3762     9999      0      1      0
  3763     9999      0      1      0
  3764     9999      0      1      0
  3765       95      1      1     68
  3766       97      1      1     64
  3767     9999      0      1      0
  3768       99      1      1     68
  3769      345      1      1     68
  3770     9999      0      1      0
  3771     9999      0      1      0
  3772     9999      0      1      0
  3773     9999      0      1      0
  3774     9999      0      1      0
  3775     9999      0      1      0
  3776     9999      0      1      0
  3777     9999      0      1      0
  3778     9999      0      1      0
  3779     9999      0      1      0
  3780     9999      0      1      0
  3781     9999      0      1      0
  3782     9999      0      1      0
  3783     9999      0      1      0
  3784       73      1      1     69
  3785     9999      0      1      0
  3786     9999      0      1      0
  3787     9999      0      1      0
  3788     9999      0      1      0
  3789     9999      0      1      0
  3790     9999      0      1      0
  3791       98      1      1     70
  3792     9999      0      1      0
  3793     9999      0      1      0
  3794     9999      0      1      0
  3795     9999      0      1      0
  3796     9999      0      1      0
  3797     9999      0      1      0
  3798     9999      0      1      0
  3799     9999      0      1      0
  3800     9999      0      1      0
  3801     9999      0      1      0
  3802     9999      0      1      0
  3803     9999      0      1      0
  3804     9999      0      1      0
  3805     9999      0      1      0
  3806     9999      0      1      0
  3807     9999      0      1      0
  3808     9999      0      1      0
  3809     9999      0      1      0
  3810     9999      0      1      0
  3811     9999      0      1      0
  3812     9999      0      1      0
  3813     9999      0      1     71
  3814     9999      0      1      0
  3815     9999      0      1      0
  3816     9999      0      1      0
  3817      504      1      1     71
  3817      505      1      2     71
  3818      504      1      1     71
  3818      506      1      2     71
  3819     9999      0      1      0
  3820     9999      0      1      0
  3821     9999      0      1      0
  3822     9999      0      1      0
  3823     9999      0      1      0
  3824     9999      0      1      0
  3825       86      1      1     72
  3826     9999      0      1      0
  3827     9999      0      1      0
  3828     9999      0      1      0
  3829     9999      0      1      0
  3830     9999      0      1      0
  3831     9999      0      1      0
  3832     9999      0      1      0
  3833     9999      0      1      0
  3834     9999      0      1      0
  3835     9999      0      1      0
  3836     9999      0      1      0
  3837     9999      0      1      0
  3838     9999      0      1      0
  3839     9999      0      1      0
  3840     9999      0      1      0
  3841     9999      0      1      0
  3842     9999      0      1      0
  3843     9999      0      1      0
  3844     9999      0      1      0
  3845     9999      0      1      0
  3846     9999      0      1      0
  3847     9999      0      1      0
  3848     9999      0      1      0
  3849     9999      0      1      0
  3850       49      1      1     73
  3851     9999      0      1      0
  3852     9999      0      1      0
  3853     9999      0      1      0
  3854     9999      0      1      0
  3855     9999      0      1      0
  3856     1160      3      1    104
  3857     1160      3      1    104
  3858     1160      3      1    104
  3859     1160      3      1    104
  3860     1160      3      1    104
  3861     1160      3      1    104
  3862     1160      3      1    104
  3863     1160      3      1    104
  3864     1160      3      1    104
  3865     1160      3      1    104
  3866     1037      3      1    104
  3867     1037      3      1    104
  3868     9999      0      1      0
  3869     9999      0      1      0
  3870     9999      0      1      0
  3871     9999      0      1      0
  3872     9999      0      1      0
  3873     9999      0      1      0
  3874     9999      0      1      0
  3875     9999      0      1      0
  3876      627      3      1    119
  3877     9999      0      1      0
  3878      317      1      1    124
  3879     9999      0      1      0
  3880     9999      0      1      0
  3881     9999      0      1      0
  3882     9999      0      1      0
  3883     9999      0      1      0
  3884     9999      0      1      0
  3885     9999      0      1      0
  3886     9999      0      1      0
  3887     9999      0      1      0
  3888     9999      0      1      0
  3889     9999      0      1      0
  3890     9999      0      1      0
  3891     9999      0      1      0
  3892     9999      0      1      0
  3893     9999      0      1      0
  3894     9999      0      1      0
  3895     9999      0      1      0
  3896      366      1      1     76
  3897      366      1      1     76
  3898      366      1      1     76
  3899      366      1      1     76
  3900      366      1      1     76
  3901     9999      0      1      0
  3902     9999      0      1      0
  3903     9999      0      1      0
  3904     9999      0      1      0
  3905     9999      0      1      0
  3906     9999      0      1      0
  3907     9999      0      1      0
  3908     9999      0      1      0
  3909     9999      0      1      0
  3910     9999      0      1      0
  3911     9999      0      1      0
  3912     9999      0      1      0
  3913     9999      0      1      0
  3914     9999      0      1      0
  3915     9999      0      1      0
  3916     9999      0      1      0
  3917     9999      0      1      0
  3918     9999      0      1      0
  3919     9999      0      1      0
  3920     9999      0      1      0
  3921     1435      3      1     79
  3922     1435      3      1     79
  3923     9999      0      1      0
  3924     9999      0      1      0
  3925     9999      0      1      0
  3926     9999      0      1      0
  3927     9999      0      1      0
  3928     9999      0      1      0
  3929     9999      0      1      0
  3930     9999      0      1      0
  3931     9999      0      1      0
  3932     9999      0      1      0
  3933     9999      0      1      0
  3934     9999      0      1      0
  3935     9999      0      1      0
  3936      269      1      1     79
  3937      269      1      1     79
  3937     1404      3      2     79
  3938     9999      0      1      0
  3939     9999      0      1      0
  3940     9999      0      1      0
  3941     9999      0      1      0
  3942     9999      0      1      0
  3943     9999      0      1      0
  3944     9999      0      1      0
  3945     1404      3      1     79
  3946     1404      3      1     79
  3946     1405      3      2     79
  3947     9999      0      1     79
  3948     9999      0      1     79
  3949      270      1      1     79
  3949     1518      3      2     60
  3950     9999      0      1     79
  3951     9999      0      1      0
  3952     9999      0      1      0
  3953     9999      0      1      0
  3954     9999      0      1      0
  3955     9999      0      1      0
  3956     9999      0      1      0
  3957     9999      0      1      0
  3958     9999      0      1      0
  3959     9999      0      1      0
  3960     9999      0      1      0
  3961     9999      0      1      0
  3962     9999      0      1      0
  3963     1433      3      1     79
  3963     1434      3      2     79
  3964     1435      3      1     79
  3965     1435      3      1     79
  3965     1436      3      2     79
  3966     1433      3      1     79
  3967      568      1      1    130
  3968     1441      3      1     79
  3969     1444      3      1     79
  3970     1444      3      1     79
  3970     1445      3      2     79
  3971     1447      3      1     79
  3972     1447      3      1     79
  3972     1448      3      2     79
  3973      568      1      1    130
  3973     1441      3      2     79
  3974      275      1      1    131
  3974      568      1      2    130
  3975      275      1      1    131
  3975      568      1      2    130
  3975     1441      3      3     79
  3976      338      1      1     79
  3977     9999      0      1     79
  3978     9999      0      1     79
  3979     9999      0      1     79
  3980      968      3      1     60
  3981     1518      3      1     60
  3982     9999      0      1      0
  3983     1444      3      1     79
  3984     1444      3      1     79
  3984     1445      3      2     79
  3985     9999      0      1      0
  3986     1433      3      1     79
  3987     1433      3      1     79
  3987     1434      3      2     79
  3988     1444      3      1     79
  3989     1444      3      1     79
  3989     1445      3      2     79
  3990     1444      3      1     79
  3990     1446      3      2     79
  3991     9999      0      1      0
  3992     1441      3      1     79
  3993      568      1      1    130
  3994      568      1      1    130
  3994     1441      3      2     79
  3995     9999      0      1      0
  3996     1435      3      1     79
  3997     1435      3      1     79
  3997     1436      3      2     79
  3998     9999      0      1      0
  3999      831      3      1     80
  4000     9999      0      1      0
  4001     9999      0      1      0
  4002     9999      0      1      0
  4003     9999      0      1      0
  4004     9999      0      1      0
  4005     9999      0      1      0
  4006     9999      0      1      0
  4007     9999      0      1      0
  4008     9999      0      1      0
  4009     9999      0      1      0
  4010     9999      0      1      0
  4011     9999      0      1      0
  4012     9999      0      1      0
  4013     9999      0      1      0
  4014     9999      0      1      0
  4015     1077      3      1     47
  4016     9999      0      1      0
  4017     1798      5      1      0
  4017     1090      3      2    112
  4018      335      1      1     80
  4019     9999      0      1      0
  4020     1667      3      1     47
  4021     9999      0      1      0
  4022     9999      0      1      0
  4023     9999      0      1      0
  4024     9999      0      1      0
  4025     9999      0      1      0
  4026     9999      0      1      0
  4027     9999      0      1      0
  4028     9999      0      1      0
  4029     9999      0      1      0
  4030     9999      0      1      0
  4031     9999      0      1      0
  4032     9999      0      1      0
  4033     9999      0      1      0
  4034     9999      0      1      0
  4035     1077      3      1     47
  4035     1216      3      2     47
  4036     1584      3      1     47
  4037     1584      3      1     47
  4037     1585      3      2     80
  4038     1029      3      1     80
  4038     1584      3      2     47
  4039      545      1      1     49
  4040     1584      3      1     47
  4041     1584      3      1     47
  4042     1584      3      1     47
  4043     1584      3      1     47
  4044     1584      3      1     47
  4045     1584      3      1     47
  4046     1584      3      1     47
  4046     1585      3      2     80
  4047     1077      3      1     47
  4048     9999      0      1      0
  4049     9999      0      1      0
  4050     9999      0      1      0
  4051     9999      0      1      0
  4052     9999      0      1      0
  4053     9999      0      1      0
  4054     1077      3      1     47
  4055     9999      0      1      0
  4056     9999      0      1      0
  4057     9999      0      1      0
  4058     9999      0      1      0
  4059     9999      0      1      0
  4060     9999      0      1      0
  4061     9999      0      1      0
  4062     9999      0      1      0
  4063     9999      0      1      0
  4064     9999      0      1      0
  4065     9999      0      1      0
  4066     9999      0      1      0
  4067     9999      0      1      0
  4068     9999      0      1      0
  4069     1584      3      1     47
  4069     1586      3      2     80
  4069     1587      3      3     80
  4069     1588      3      4     80
  4070     9999      0      1      0
  4071     1077      3      1     47
  4072     1077      3      1     47
  4073     1077      3      1     47
  4074     1077      3      1     47
  4075     1077      3      1     47
  4076     1077      3      1     47
  4077     1077      3      1     47
  4078     1077      3      1     47
  4079     1077      3      1     47
  4080     1077      3      1     47
  4081     1077      3      1     47
  4082     1077      3      1     47
  4083     1077      3      1     47
  4084     1077      3      1     47
  4084     1584      3      2     47
  4084     1586      3      3     80
  4085     1077      3      1     47
  4086     1584      3      1     47
  4087     1798      5      1      0
  4087     1090      3      2    112
  4088     1798      5      1      0
  4088     1090      3      2    112
  4089     1798      5      1      0
  4089     1090      3      2    112
  4090     1798      5      1      0
  4090     1090      3      2    112
  4091     1798      5      1      0
  4091     1090      3      2    112
  4092     1798      5      1      0
  4092     1090      3      2    112
  4093     1798      5      1      0
  4093     1090      3      2    112
  4094     1798      5      1      0
  4094     1090      3      2    112
  4095     1798      5      1      0
  4095     1090      3      2    112
  4096     1798      5      1      0
  4096     1090      3      2    112
  4097     1798      5      1      0
  4097     1090      3      2    112
  4098      545      1      1     49
  4098      825      3      2     47
  4099     1584      3      1     47
  4099     1586      3      2     80
  4099     1587      3      3     80
  4099     1588      3      4     80
  4100     9999      0      1      0
  4101      728      3      1     80
  4102       62      1      1     80
  4103     1029      3      1     80
  4103     1584      3      2     47
  4104     1029      3      1     80
  4104     1584      3      2     47
  4105     1029      3      1     80
  4105     1584      3      2     47
  4106     1029      3      1     80
  4106     1584      3      2     47
  4107     1029      3      1     80
  4107     1584      3      2     47
  4108     9999      0      1      0
  4109     9999      0      1      0
  4110     9999      0      1      0
  4111     1077      3      1     47
  4111     1584      3      2     47
  4112      776      3      1    112
  4113     9999      0      1      0
  4114     1029      3      1     80
  4114     1077      3      2     47
  4114     1584      3      3     47
  4115     1584      3      1     47
  4116     1029      3      1     80
  4116     1077      3      2     47
  4116     1584      3      3     47
  4117     9999      0      1      0
  4118      830      3      1     80
  4119     1077      3      1     47
  4119     1584      3      2     47
  4119     1586      3      3     80
  4120      831      3      1     80
  4121     9999      0      1      0
  4122      824      3      1     47
  4123      825      3      1     47
  4124      545      1      1     49
  4124      841      3      2     47
  4125      831      3      1     80
  4126      831      3      1     80
  4127     1584      3      1     47
  4127     1667      3      2     47
  4128      831      3      1     80
  4129      830      3      1     80
  4130      830      3      1     80
  4131      830      3      1     80
  4132      830      3      1     80
  4133      841      3      1     47
  4134     1077      3      1     47
  4134     1584      3      2     47
  4135      223      1      1     80
  4135      545      1      2     49
  4135     1478      3      3     47
  4136      278      1      1     80
  4136     1077      3      2     47
  4137     1798      5      1      0
  4138      545      1      1     49
  4138      824      3      2     47
  4139      776      3      1    112
  4140      776      3      1    112
  4141     1077      3      1     47
  4141     1584      3      2     47
  4142      335      1      1     80
  4143      335      1      1     80
  4143     1126      3      2     80
  4144     1077      3      1     47
  4144     1584      3      2     47
  4144     1586      3      3     80
  4145      831      3      1     80
  4146     9999      0      1      0
  4147     9999      0      1      0
  4148     9999      0      1      0
  4149     9999      0      1      0
  4150     9999      0      1      0
  4151       64      1      1     82
  4152       83      1      1     82
  4153      138      1      1     82
  4154     9999      0      1      0
  4155     9999      0      1      0
  4156     9999      0      1      0
  4157     9999      0      1      0
  4158     9999      0      1      0
  4159     9999      0      1      0
  4160     9999      0      1      0
  4161     9999      0      1      0
  4162     9999      0      1      0
  4163     9999      0      1      0
  4164     9999      0      1      0
  4165     9999      0      1      0
  4166     9999      0      1      0
  4167      649      3      1     82
  4168     9999      0      1      0
  4169     9999      0      1      0
  4170     9999      0      1      0
  4171     9999      0      1      0
  4172     9999      0      1      0
  4173     9999      0      1      0
  4174     9999      0      1      0
  4175     9999      0      1      0
  4176     9999      0      1      0
  4177     9999      0      1      0
  4178     9999      0      1      0
  4179     9999      0      1      0
  4180     9999      0      1      0
  4181     9999      0      1      0
  4182     9999      0      1      0
  4183     9999      0      1      0
  4184     9999      0      1      0
  4185     9999      0      1      0
  4186     9999      0      1      0
  4187     9999      0      1      0
  4188     9999      0      1      0
  4189     9999      0      1      0
  4190     9999      0      1      0
  4191     9999      0      1      0
  4192     9999      0      1      0
  4193     9999      0      1      0
  4194     9999      0      1      0
  4195     9999      0      1      0
  4196     9999      0      1      0
  4197     9999      0      1      0
  4198     9999      0      1      0
  4199     9999      0      1      0
  4200     9999      0      1      0
  4201     9999      0      1      0
  4202     9999      0      1      0
  4203     9999      0      1      0
  4204     9999      0      1      0
  4205     9999      0      1      0
  4206     9999      0      1      0
  4207     9999      0      1      0
  4208     9999      0      1      0
  4209     9999      0      1      0
  4210      155      1      1     82
  4211     9999      0      1      0
  4212     9999      0      1      0
  4213     9999      0      1      0
  4214     9999      0      1      0
  4215     9999      0      1      0
  4216     9999      0      1      0
  4217     9999      0      1      0
  4218     9999      0      1      0
  4219     9999      0      1      0
  4220     9999      0      1      0
  4221     9999      0      1      0
  4222     9999      0      1      0
  4223     9999      0      1      0
  4224     9999      0      1      0
  4225     9999      0      1      0
  4226     9999      0      1      0
  4227     9999      0      1      0
  4228     9999      0      1      0
  4229     9999      0      1      0
  4230       38      1      1     83
  4231     9999      0      1      0
  4232     1075      3      1     84
  4233      325      1      1     84
  4234     9999      0      1      0
  4235     9999      0      1      0
  4236     9999      0      1      0
  4237     9999      0      1      0
  4238     9999      0      1      0
  4239     9999      0      1      0
  4240     9999      0      1      0
  4241     9999      0      1      0
  4242     9999      0      1      0
  4243     9999      0      1      0
  4244      777      3      1     88
  4245     9999      0      1      0
  4246     9999      0      1      0
  4247     9999      0      1      0
  4248     9999      0      1      0
  4249     9999      0      1      0
  4250     9999      0      1      0
  4251     9999      0      1      0
  4252     9999      0      1      0
  4253      191      1      1     85
  4254      192      1      1     85
  4255      978      3      1     86
  4256     1698      3      1     86
  4257      352      1      1     86
  4258      440      1      1     86
  4259      140      1      1     86
  4260     9999      0      1      0
  4261     9999      0      1      0
  4262     9999      0      1      0
  4263     9999      0      1      0
  4264       98      1      1     70
  4265       43      1      1     86
  4266       43      1      1     86
  4266     1230      3      2     86
  4267     1370      3      1     86
  4268     1227      3      1     86
  4269     1230      3      1     86
  4270      640      3      1     86
  4271     1611      3      1     86
  4272     1611      3      1     86
  4273     9999      0      1      0
  4274     9999      0      1      0
  4275     9999      0      1      0
  4276     9999      0      1      0
  4277     9999      0      1      0
  4278     9999      0      1      0
  4279     9999      0      1      0
  4280     9999      0      1      0
  4281     9999      0      1      0
  4282     9999      0      1      0
  4283     9999      0      1      0
  4284     9999      0      1      0
  4285     9999      0      1      0
  4286     9999      0      1      0
  4287     9999      0      1      0
  4288     9999      0      1      0
  4289     9999      0      1      0
  4290     9999      0      1      0
  4291     9999      0      1      0
  4292     9999      0      1      0
  4293      288      1      1     86
  4294      140      1      1     86
  4294      141      1      2     86
  4294     1525      3      3     86
  4295     1124      3      1     86
  4296     1666      3      1     56
  4297     9999      0      1      0
  4298     1124      3      1     86
  4299     9999      0      1      0
  4300     1124      3      1     86
  4301      409      1      1     86
  4301     1671      3      2     86
  4302      410      1      1     86
  4303     1666      3      1     56
  4304      411      1      1     86
  4304     1669      3      2     86
  4305      411      1      1     86
  4306      414      1      1     86
  4307      414      1      1     86
  4307     1698      3      2     86
  4308      415      1      1     86
  4309      415      1      1     86
  4309     1671      3      2     86
  4310      416      1      1     86
  4310     1671      3      2     86
  4311      417      1      1     86
  4311     1671      3      2     86
  4312     1525      3      1     86
  4313      427      1      1     86
  4314      427      1      1     86
  4314     1669      3      2     86
  4315      428      1      1     86
  4316      428      1      1     86
  4316      640      3      2     86
  4317      429      1      1     86
  4318      429      1      1     86
  4319      429      1      1     86
  4320     1671      3      1     86
  4321     9999      0      1      0
  4322     1769      5      1      0
  4323     9999      0      1      0
  4324     1765      5      1      0
  4325     9999      0      1      0
  4326     9999      0      1      0
  4327     1769      5      1      0
  4328     1032      3      1     87
  4329     9999      0      1      0
  4330     9999      0      1      0
  4331     1741      5      1      0
  4332     1741      5      1      0
  4333     1741      5      1      0
  4334     9999      0      1      0
  4335     9999      0      1      0
  4336     9999      0      1      0
  4337     9999      0      1      0
  4338     9999      0      1      0
  4339     9999      0      1      0
  4340     9999      0      1      0
  4341     9999      0      1      0
  4342     9999      0      1      0
  4343     9999      0      1      0
  4344     9999      0      1      0
  4345     9999      0      1      0
  4346     9999      0      1      0
  4347     9999      0      1      0
  4348     9999      0      1      0
  4349     9999      0      1      0
  4350     9999      0      1      0
  4351     9999      0      1      0
  4352     9999      0      1      0
  4353     9999      0      1      0
  4354     9999      0      1      0
  4355     1741      5      1      0
  4356     9999      0      1      0
  4357     1741      5      1      0
  4358     1070      3      1    100
  4359     1070      3      1    100
  4360     1070      3      1    100
  4361     1070      3      1    100
  4362     9999      0      1      0
  4363     1808      3      1     87
  4364     9999      0      1      0
  4365     9999      0      1      0
  4366     9999      0      1      0
  4367     9999      0      1      0
  4368     9999      0      1      0
  4369     9999      0      1      0
  4370     9999      0      1      0
  4371     9999      0      1      0
  4372     9999      0      1      0
  4373     9999      0      1      0
  4374     9999      0      1      0
  4375     9999      0      1      0
  4376     9999      0      1      0
  4377     9999      0      1      0
  4378     9999      0      1      0
  4379     9999      0      1      0
  4380     9999      0      1      0
  4381     9999      0      1      0
  4382     9999      0      1      0
  4383     9999      0      1      0
  4384     9999      0      1      0
  4385     9999      0      1      0
  4386     9999      0      1      0
  4387     9999      0      1      0
  4388     9999      0      1      0
  4389     9999      0      1      0
  4390     9999      0      1      0
  4391     9999      0      1      0
  4392     9999      0      1      0
  4393     9999      0      1      0
  4394     9999      0      1      0
  4395     9999      0      1      0
  4396     9999      0      1      0
  4397     9999      0      1      0
  4398     9999      0      1      0
  4399     9999      0      1      0
  4400     9999      0      1      0
  4401     9999      0      1      0
  4402     9999      0      1      0
  4403     1741      5      1      0
  4404     9999      0      1      0
  4405     9999      0      1      0
  4406     1741      5      1      0
  4407     1741      5      1      0
  4408     9999      0      1      0
  4409     9999      0      1      0
  4410     9999      0      1      0
  4411     9999      0      1      0
  4412     9999      0      1      0
  4413     9999      0      1      0
  4414     9999      0      1      0
  4415     1741      5      1      0
  4416     9999      0      1      0
  4417     1788      5      1      0
  4418     1759      5      1      0
  4418     1788      5      2      0
  4419     1771      5      1      0
  4420     1741      5      1      0
  4421     9999      0      1      0
  4422     9999      0      1      0
  4423     9999      0      1      0
  4424     9999      0      1      0
  4425     1741      5      1      0
  4426     9999      0      1      0
  4427     9999      0      1      0
  4428     9999      0      1      0
  4429     9999      0      1      0
  4430     9999      0      1      0
  4431     9999      0      1      0
  4432     9999      0      1      0
  4433     9999      0      1      0
  4434     9999      0      1      0
  4435     9999      0      1      0
  4436     9999      0      1      0
  4437     9999      0      1      0
  4438     9999      0      1      0
  4439     9999      0      1      0
  4440     9999      0      1      0
  4441     9999      0      1      0
  4442     9999      0      1      0
  4443     1805      5      1      0
  4443     1070      3      2    100
  4444      622      1      1     87
  4445      623      1      1     87
  4446     1741      5      1      0
  4446     1766      5      2      0
  4447     9999      0      1      0
  4448     9999      0      1      0
  4449     9999      0      1      0
  4450     9999      0      1      0
  4451     9999      0      1      0
  4452     9999      0      1      0
  4453     9999      0      1      0
  4454     9999      0      1      0
  4455     9999      0      1      0
  4456     1741      5      1      0
  4457     1741      5      1      0
  4458     1788      5      1      0
  4459     1788      5      1      0
  4460     1788      5      1      0
  4461     1788      5      1      0
  4462     1788      5      1      0
  4463     1788      5      1      0
  4464     1741      5      1      0
  4464     1743      5      2      0
  4465     1759      5      1      0
  4465     1788      5      2      0
  4466     1760      5      1      0
  4466     1788      5      2      0
  4467     1760      5      1      0
  4467     1788      5      2      0
  4468     1760      5      1      0
  4468     1788      5      2      0
  4469     1760      5      1      0
  4469     1788      5      2      0
  4470     1760      5      1      0
  4470     1788      5      2      0
  4471     1760      5      1      0
  4471     1788      5      2      0
  4472     1760      5      1      0
  4472     1788      5      2      0
  4473     1761      5      1      0
  4473     1788      5      2      0
  4474     1761      5      1      0
  4474     1788      5      2      0
  4475     1761      5      1      0
  4475     1788      5      2      0
  4476     1741      5      1      0
  4477     9999      0      1      0
  4478     9999      0      1      0
  4479     9999      0      1      0
  4480     9999      0      1      0
  4481     9999      0      1      0
  4482     1809      3      1     87
  4483     1226      3      1     87
  4484     1226      3      1     87
  4485     1226      3      1     87
  4486     1226      3      1     87
  4487     1226      3      1     87
  4488     1226      3      1     87
  4489     1226      3      1     87
  4490     1226      3      1     87
  4491     1226      3      1     87
  4492     1226      3      1     87
  4493     1226      3      1     87
  4494     1070      3      1    100
  4495     9999      0      1      0
  4496     9999      0      1      0
  4497     9999      0      1      0
  4498     9999      0      1      0
  4499     9999      0      1      0
  4500     9999      0      1      0
  4501     9999      0      1      0
  4502     9999      0      1      0
  4503     9999      0      1      0
  4504     9999      0      1      0
  4505     9999      0      1      0
  4506     9999      0      1      0
  4507     9999      0      1      0
  4508     9999      0      1      0
  4509     9999      0      1      0
  4510     9999      0      1      0
  4511     1741      5      1      0
  4512     9999      0      1      0
  4513     9999      0      1      0
  4514     1741      5      1      0
  4515     1741      5      1      0
  4516     1741      5      1      0
  4517     1741      5      1      0
  4518     1741      5      1      0
  4519     1741      5      1      0
  4520     1741      5      1      0
  4521     1741      5      1      0
  4522     1741      5      1      0
  4523     9999      0      1      0
  4524     1741      5      1      0
  4525     1563      3      1     87
  4526     9999      0      1      0
  4527     1741      5      1      0
  4528     1741      5      1      0
  4529     1741      5      1      0
  4530     1741      5      1      0
  4531     1741      5      1      0
  4532     1741      5      1      0
  4533     1766      5      1      0
  4534     1772      5      1      0
  4535     1558      3      1     87
  4535     1562      3      2     87
  4536     1788      5      1      0
  4537     9999      0      1      0
  4538     1741      5      1      0
  4539     1558      3      1     87
  4539     1562      3      2     87
  4540     1563      3      1     87
  4541     1766      5      1      0
  4542     1766      5      1      0
  4543     1766      5      1      0
  4544     9999      0      1      0
  4545     1805      5      1      0
  4545     1070      3      2    100
  4546     1805      5      1      0
  4546     1070      3      2    100
  4547     1805      5      1      0
  4547     1070      3      2    100
  4548     1805      5      1      0
  4548     1070      3      2    100
  4549     1769      5      1      0
  4550     1772      5      1      0
  4551      521      1      1     87
  4552      521      1      1     87
  4552      522      1      2     87
  4553      527      1      1     87
  4554      530      1      1     87
  4555     1556      3      1    100
  4555     1557      3      2    100
  4556     1558      3      1     87
  4556     1562      3      2     87
  4557     1563      3      1     87
  4558     1032      3      1     87
  4558     1563      3      2     87
  4559     1810      3      1     87
  4560     1811      3      1     87
  4561     1812      3      1     87
  4562     1813      3      1     87
  4563     1814      3      1     87
  4564     1815      3      1     87
  4565     1816      3      1     87
  4566     1817      3      1     87
  4567     1818      3      1     87
  4568     9999      0      1      0
  4569     1788      5      1      0
  4570     9999      0      1      0
  4571     1771      5      1      0
  4572     1772      5      1      0
  4573     1788      5      1      0
  4574     1788      5      1      0
  4575     1741      5      1      0
  4576     9999      0      1      0
  4577     9999      0      1      0
  4578     1558      3      1     87
  4578     1562      3      2     87
  4579     1741      5      1      0
  4580     9999      0      1      0
  4581     1741      5      1      0
  4582     9999      0      1      0
  4583     9999      0      1      0
  4584     1226      3      1     87
  4585     1563      3      1     87
  4586     1788      5      1      0
  4587     9999      0      1      0
  4588     1558      3      1     87
  4588     1562      3      2     87
  4589     1563      3      1     87
  4590     1032      3      1     87
  4590     1563      3      2     87
  4591     9999      0      1      0
  4592     1743      5      1      0
  4593     1741      5      1      0
  4593     1743      5      2      0
  4594     9999      0      1      0
  4595     9999      0      1      0
  4596     1745      5      1      0
  4597     9999      0      1      0
  4598     1741      5      1      0
  4599     1769      5      1      0
  4600     1741      5      1      0
  4600     1769      5      2      0
  4601     9999      0      1      0
  4602     1819      3      1     87
  4603     9999      0      1      0
  4604     1741      5      1      0
  4605     9999      0      1      0
  4606     9999      0      1      0
  4607     1741      5      1      0
  4608     1761      5      1      0
  4609     1765      5      1      0
  4610     1765      5      1      0
  4611     1765      5      1      0
  4612     1765      5      1      0
  4613     1761      5      1      0
  4613     1788      5      2      0
  4614     9999      0      1      0
  4615     9999      0      1      0
  4616     1788      5      1      0
  4617     9999      0      1      0
  4618     9999      0      1      0
  4619     1741      5      1      0
  4620     1741      5      1      0
  4621     1741      5      1      0
  4622     1741      5      1      0
  4623      777      3      1     88
  4624     9999      0      1      0
  4625     9999      0      1      0
  4626     9999      0      1      0
  4627     9999      0      1      0
  4628     9999      0      1      0
  4629     9999      0      1      0
  4630     9999      0      1      0
  4631     9999      0      1      0
  4632     9999      0      1      0
  4633     9999      0      1      0
  4634     9999      0      1      0
  4635     9999      0      1      0
  4636       84      1      1     88
  4637      191      1      1     85
  4638       58      1      1     88
  4639       39      1      1     68
  4640       40      1      1     68
  4641      768      3      1     88
  4642     9999      0      1     89
  4643     9999      0      1      0
  4644     9999      0      1      0
  4645     9999      0      1      0
  4646     9999      0      1      0
  4647     9999      0      1      0
  4648     9999      0      1     89
  4649     9999      0      1      0
  4650     9999      0      1      0
  4651     9999      0      1      0
  4652     9999      0      1      0
  4653     9999      0      1      0
  4654     9999      0      1      0
  4655     9999      0      1      0
  4656     9999      0      1      0
  4657     9999      0      1     89
  4658     9999      0      1     89
  4659     9999      0      1     89
  4660     9999      0      1      0
  4661      567      1      1     32
  4662     1736      5      1      0
  4662     1697      3      2     90
  4663     1736      5      1      0
  4663     1697      3      2     90
  4664     9999      0      1      0
  4665      567      1      1     32
  4666      567      1      1     32
  4667     9999      0      1      0
  4668      567      1      1     32
  4669     9999      0      1      0
  4670      567      1      1     32
  4671      567      1      1     32
  4672      567      1      1     32
  4673     9999      0      1      0
  4674     9999      0      1      0
  4675     9999      0      1      0
  4676      567      1      1     32
  4677      567      1      1     32
  4678      567      1      1     32
  4679      567      1      1     32
  4680      567      1      1     32
  4681      567      1      1     32
  4682      567      1      1     32
  4683     9999      0      1      0
  4684     9999      0      1      0
  4685     9999      0      1      0
  4686     9999      0      1      0
  4687     9999      0      1      0
  4688     9999      0      1      0
  4689     9999      0      1      0
  4690      541      1      1    140
  4691      742      3      1     91
  4692     9999      0      1      0
  4693     9999      0      1      0
  4694     9999      0      1      0
  4695     9999      0      1      0
  4696     9999      0      1      0
  4697     9999      0      1      0
  4698     9999      0      1      0
  4699     9999      0      1      0
  4700     9999      0      1      0
  4701     9999      0      1      0
  4702      745      3      1     91
  4703      271      1      1     91
  4704      302      1      1     91
  4705      303      1      1     91
  4706      743      3      1     91
  4707      746      3      1     91
  4708      148      1      1     91
  4708     1414      3      2     91
  4709      148      1      1     91
  4709     1414      3      2     91
  4709     1415      3      3     91
  4710      665      3      1     10
  4710      747      3      2     91
  4711      665      3      1     10
  4711      747      3      2     91
  4712      665      3      1     10
  4712      747      3      2     91
  4713      665      3      1     10
  4713      747      3      2     91
  4714      748      3      1     91
  4715      748      3      1     91
  4716      748      3      1     91
  4717      748      3      1     91
  4718      748      3      1     91
  4719     9999      0      1      0
  4720     9999      0      1      0
  4721     9999      0      1      0
  4722     9999      0      1      0
  4723     9999      0      1      0
  4724     9999      0      1      0
  4725     9999      0      1      0
  4726     9999      0      1      0
  4727     9999      0      1      0
  4728     9999      0      1      0
  4729     9999      0      1      0
  4730     9999      0      1      0
  4731     9999      0      1      0
  4732      271      1      1     91
  4733      302      1      1     91
  4734     9999      0      1     91
  4735      169      1      1     91
  4735     1422      3      2     15
  4735     1425      3      3     15
  4735     1472      3      4     91
  4736      171      1      1     91
  4736     1422      3      2     15
  4736     1425      3      3     15
  4736     1472      3      4     91
  4737      172      1      1     91
  4737     1422      3      2     15
  4737     1425      3      3     15
  4737     1472      3      4     91
  4738      173      1      1     91
  4738     1422      3      2     15
  4738     1425      3      3     15
  4738     1472      3      4     91
  4739      175      1      1     91
  4739     1422      3      2     15
  4739     1425      3      3     15
  4740      176      1      1     91
  4741      176      1      1     91
  4741     1422      3      2     15
  4741     1425      3      3     15
  4741     1472      3      4     91
  4742      303      1      1     91
  4743     9999      0      1      0
  4744     9999      0      1      0
  4745      810      3      1     91
  4746      811      3      1     91
  4747     9999      0      1      0
  4748     9999      0      1      0
  4749     9999      0      1      0
  4750     9999      0      1      0
  4751     9999      0      1      0
  4752     1454      3      1     10
  4753     1454      3      1     10
  4753     1455      3      2     10
  4753     1456      3      3     10
  4754       87      1      1     91
  4755       87      1      1     91
  4755     1454      3      2     10
  4756       87      1      1     91
  4756     1454      3      2     10
  4756     1455      3      3     10
  4757       87      1      1     91
  4757     1454      3      2     10
  4757     1455      3      3     10
  4757     1456      3      4     10
  4758      963      3      1     91
  4759      745      3      1     91
  4760     9999      0      1      0
  4761      742      3      1     91
  4762      745      3      1     91
  4763      746      3      1     91
  4764        3      1      1     91
  4765      741      3      1     91
  4766      742      3      1     91
  4767      743      3      1     91
  4768       87      1      1     91
  4769      665      3      1     10
  4769      747      3      2     91
  4770      748      3      1     91
  4771        3      1      1     91
  4772      169      1      1     91
  4772     1422      3      2     15
  4772     1425      3      3     15
  4772     1472      3      4     91
  4773      171      1      1     91
  4773     1422      3      2     15
  4773     1425      3      3     15
  4773     1472      3      4     91
  4774      810      3      1     91
  4775      172      1      1     91
  4775     1422      3      2     15
  4775     1425      3      3     15
  4775     1472      3      4     91
  4776      172      1      1     91
  4776     1422      3      2     15
  4776     1425      3      3     15
  4776     1472      3      4     91
  4777      172      1      1     91
  4777     1422      3      2     15
  4777     1425      3      3     15
  4777     1472      3      4     91
  4778      172      1      1     91
  4778     1422      3      2     15
  4778     1425      3      3     15
  4778     1472      3      4     91
  4779      172      1      1     91
  4779     1422      3      2     15
  4779     1425      3      3     15
  4779     1472      3      4     91
  4780      172      1      1     91
  4780     1422      3      2     15
  4780     1425      3      3     15
  4780     1472      3      4     91
  4781      173      1      1     91
  4781     1422      3      2     15
  4781     1425      3      3     15
  4781     1472      3      4     91
  4782      175      1      1     91
  4782     1422      3      2     15
  4782     1425      3      3     15
  4783      176      1      1     91
  4784     9999      0      1      0
  4785     9999      0      1      0
  4786     9999      0      1      0
  4787     9999      0      1      0
  4788     9999      0      1      0
  4789      736      3      1     15
  4790      176      1      1     91
  4790     1422      3      2     15
  4790     1425      3      3     15
  4790     1472      3      4     91
  4791      176      1      1     91
  4791     1422      3      2     15
  4791     1425      3      3     15
  4791     1472      3      4     91
  4792      176      1      1     91
  4792     1422      3      2     15
  4792     1425      3      3     15
  4792     1472      3      4     91
  4793      176      1      1     91
  4793     1422      3      2     15
  4793     1425      3      3     15
  4793     1472      3      4     91
  4794      176      1      1     91
  4794     1422      3      2     15
  4794     1425      3      3     15
  4794     1472      3      4     91
  4795      176      1      1     91
  4795     1422      3      2     15
  4795     1425      3      3     15
  4795     1472      3      4     91
  4796      172      1      1     91
  4797     9999      0      1      0
  4798      811      3      1     91
  4799      811      3      1     91
  4800      741      3      1     91
  4801     9999      0      1     92
  4802     9999      0      1     92
  4803     9999      0      1     92
  4804     1529      3      1     92
  4805     9999      0      1      0
  4806     1529      3      1     92
  4807     9999      0      1      0
  4808     9999      0      1     92
  4809     1529      3      1     92
  4810     9999      0      1      0
  4811     9999      0      1      0
  4812     9999      0      1      0
  4813     9999      0      1      0
  4814     9999      0      1      0
  4815     9999      0      1      0
  4816     1529      3      1     92
  4817     9999      0      1      0
  4818     9999      0      1      0
  4819     9999      0      1      0
  4820      263      1      1     92
  4821      993      3      1     92
  4822     9999      0      1      0
  4823     9999      0      1      0
  4824     9999      0      1      0
  4825     9999      0      1      0
  4826     9999      0      1      0
  4827     9999      0      1      0
  4828     9999      0      1      0
  4829     9999      0      1      0
  4830     9999      0      1      0
  4831     9999      0      1      0
  4832     9999      0      1      0
  4833     9999      0      1      0
  4834     9999      0      1      0
  4835     9999      0      1      0
  4836     9999      0      1      0
  4837      541      1      1    140
  4838     9999      0      1      0
  4839     9999      0      1      0
  4840     9999      0      1      0
  4841     9999      0      1      0
  4842      541      1      1    140
  4843     9999      0      1      0
  4844      541      1      1    140
  4845     9999      0      1      0
  4846     9999      0      1      0
  4847      567      1      1     32
  4848     9999      0      1      0
  4849      541      1      1    140
  4850      567      1      1     32
  4851     9999      0      1      0
  4852     9999      0      1     94
  4853     9999      0      1      0
  4854     9999      0      1      0
  4855      568      1      1    130
  4856      568      1      1    130
  4857     9999      0      1      0
  4858      541      1      1    140
  4858     9999      0      2      0
  4859     9999      0      1      0
  4860     9999      0      1      0
  4861      568      1      1    130
  4862     9999      0      1      0
  4863     9999      0      1      0
  4864     9999      0      1      0
  4865      541      1      1    140
  4866     9999      0      1      0
  4867     9999      0      1      0
  4868     9999      0      1      0
  4869     9999      0      1      0
  4870      562      1      1     95
  4871     9999      0      1      0
  4872     9999      0      1      0
  4873     9999      0      1      0
  4874     9999      0      1      0
  4875      562      1      1     95
  4875     1169      3      2     95
  4876      562      1      1     95
  4876     1169      3      2     95
  4877      562      1      1     95
  4877     1169      3      2     95
  4878      562      1      1     95
  4878     1169      3      2     95
  4879      562      1      1     95
  4879     1169      3      2     95
  4880      562      1      1     95
  4880     1169      3      2     95
  4881      562      1      1     95
  4881     1169      3      2     95
  4882     9999      0      1      0
  4883     9999      0      1      0
  4884     9999      0      1      0
  4885     9999      0      1      0
  4886     9999      0      1      0
  4887      562      1      1     95
  4887     1169      3      2     95
  4888     1169      3      1     95
  4889      520      1      1     95
  4889     1169      3      2     95
  4890     1169      3      1     95
  4891      520      1      1     95
  4892     9999      0      1      0
  4893       44      1      1     95
  4894      520      1      1     95
  4894      562      1      2     95
  4894     1169      3      3     95
  4895     1284      3      1     96
  4896      466      1      1     56
  4896     1686      3      2     96
  4897     9999      0      1      0
  4898     1284      3      1     96
  4899     1372      3      1     96
  4900     1686      3      1     96
  4901      466      1      1     56
  4902      466      1      1     56
  4902     1284      3      2     96
  4903     9999      0      1      0
  4904      735      3      1     96
  4905     1372      3      1     96
  4906     1372      3      1     96
  4906     1413      3      2     96
  4907       78      1      1     96
  4908      495      1      1     96
  4909      495      1      1     96
  4909      735      3      2     96
  4909     1372      3      3     96
  4909     1413      3      4     96
  4910     9999      0      1      0
  4911     9999      0      1      0
  4912     9999      0      1      0
  4913     9999      0      1      0
  4914     9999      0      1      0
  4915     9999      0      1      0
  4916     9999      0      1      0
  4917       46      1      1     96
  4918     9999      0      1      0
  4919     1372      3      1     96
  4920     9999      0      1      0
  4921     9999      0      1      0
  4922     9999      0      1      0
  4923     9999      0      1      0
  4924     9999      0      1      0
  4925     9999      0      1      0
  4926     9999      0      1      0
  4927     9999      0      1      0
  4928     1372      3      1     96
  4928     1413      3      2     96
  4929      735      3      1     96
  4929     1372      3      2     96
  4929     1413      3      3     96
  4930      466      1      1     56
  4930     1686      3      2     96
  4931      123      1      1     96
  4931     1372      3      2     96
  4932     9999      0      1      0
  4933     9999      0      1      0
  4934     9999      0      1      0
  4935       48      1      1     88
  4936       48      1      1     88
  4937       48      1      1     88
  4938       48      1      1     88
  4939       48      1      1     88
  4940       48      1      1     88
  4941       78      1      1     96
  4942       78      1      1     96
  4942     1372      3      2     96
  4942     1413      3      3     96
  4943       78      1      1     96
  4943      735      3      2     96
  4943     1372      3      3     96
  4943     1413      3      4     96
  4944     1372      3      1     96
  4944     1413      3      2     96
  4945     1122      3      1     96
  4946       84      1      1     88
  4947      495      1      1     96
  4947      735      3      2     96
  4947     1372      3      3     96
  4947     1413      3      4     96
  4948     1284      3      1     96
  4949       78      1      1     96
  4949      495      1      2     96
  4949     1413      3      3     96
  4950      123      1      1     96
  4950      495      1      2     96
  4950      735      3      3     96
  4950     1372      3      4     96
  4950     1413      3      5     96
  4951       78      1      1     96
  4951      123      1      2     96
  4951      495      1      3     96
  4951     1372      3      4     96
  4952       78      1      1     96
  4952      123      1      2     96
  4952      495      1      3     96
  4952     1372      3      4     96
  4952     1413      3      5     96
  4953      641      3      1     96
  4953     1122      3      2     96
  4954      123      1      1     96
  4954      495      1      2     96
  4954     1413      3      3     96
  4955      123      1      1     96
  4955      495      1      2     96
  4955      735      3      3     96
  4955     1372      3      4     96
  4955     1413      3      5     96
  4956      466      1      1     56
  4957      466      1      1     56
  4957     1284      3      2     96
  4958      123      1      1     96
  4958      495      1      2     96
  4958     1372      3      3     96
  4958     1413      3      4     96
  4959     9999      0      1      0
  4960      641      3      1     96
  4961     1122      3      1     96
  4962      123      1      1     96
  4963     1686      3      1     96
  4964      123      1      1     96
  4964     1372      3      2     96
  4964     1413      3      3     96
  4965     9999      0      1      0
  4966     9999      0      1      0
  4967     9999      0      1      0
  4968     9999      0      1      0
  4969     9999      0      1      0
  4970     9999      0      1      0
  4971     9999      0      1      0
  4972     9999      0      1      0
  4973     9999      0      1      0
  4974     9999      0      1      0
  4975     9999      0      1      0
  4976     9999      0      1      0
  4977     9999      0      1      0
  4978     9999      0      1      0
  4979     9999      0      1      0
  4980     9999      0      1      0
  4981     9999      0      1      0
  4982     9999      0      1      0
  4983     9999      0      1      0
  4984     9999      0      1      0
  4985     9999      0      1      0
  4986     9999      0      1      0
  4987     9999      0      1      0
  4988     9999      0      1      0
  4989     9999      0      1      0
  4990     9999      0      1      0
  4991     9999      0      1      0
  4992     9999      0      1      0
  4993     9999      0      1      0
  4994     1762      5      1      0
  4995     1762      5      1      0
  4996     1762      5      1      0
  4997     1762      5      1      0
  4998     1762      5      1      0
  4999     1762      5      1      0
  5000     1762      5      1      0
  5001     1762      5      1      0
  5002     1762      5      1      0
  5003     1762      5      1      0
  5004     9999      0      1      0
  5005     1354      3      1     97
  5006       79      1      1      6
  5007     9999      0      1      0
  5008     9999      0      1      0
  5009     9999      0      1      0
  5010     9999      0      1      0
  5011     9999      0      1      0
  5012     9999      0      1      0
  5013      888      3      1     98
  5014      302      1      1     91
  5015      888      3      1     98
  5016      890      3      1     98
  5017      998      3      1     98
  5018      890      3      1     98
  5019     9999      0      1      0
  5020     9999      0      1      0
  5021     9999      0      1      0
  5022     9999      0      1      0
  5023     9999      0      1      0
  5024     9999      0      1      0
  5025     9999      0      1      0
  5026     9999      0      1      0
  5027     9999      0      1      0
  5028     9999      0      1      0
  5029     9999      0      1      0
  5030     9999      0      1      0
  5031      689      3      1      5
  5031     1397      3      2      5
  5032      689      3      1      5
  5032     1397      3      2      5
  5033      689      3      1      5
  5033     1397      3      2      5
  5034      689      3      1      5
  5034     1397      3      2      5
  5035     9999      0      1      0
  5036     9999      0      1      0
  5037      665      3      1     10
  5038      811      3      1     91
  5039     9999      0      1      0
  5040     9999      0      1      0
  5041     9999      0      1      0
  5042     9999      0      1      0
  5043     9999      0      1      0
  5044     9999      0      1      0
  5045     9999      0      1      0
  5046     9999      0      1      0
  5047     9999      0      1      0
  5048     1454      3      1     10
  5048     1455      3      2     10
  5048     1456      3      3     10
  5049      302      1      1     91
  5050      689      3      1      5
  5051      665      3      1     10
  5052      666      3      1     10
  5053      666      3      1     10
  5054      666      3      1     10
  5055      998      3      1     98
  5056      666      3      1     10
  5057      666      3      1     10
  5058      666      3      1     10
  5059      666      3      1     10
  5060      666      3      1     10
  5061      666      3      1     10
  5062      811      3      1     91
  5063      811      3      1     91
  5064      129      1      1     98
  5065      880      3      1     98
  5066     9999      0      1      0
  5067     9999      0      1      0
  5068     9999      0      1      0
  5069     9999      0      1      0
  5070     9999      0      1      0
  5071     9999      0      1      0
  5072     9999      0      1      0
  5073     9999      0      1      0
  5074     9999      0      1      0
  5075     9999      0      1      0
  5076     9999      0      1      0
  5077     9999      0      1      0
  5078     9999      0      1      0
  5079     9999      0      1      0
  5080     9999      0      1      0
  5081     9999      0      1      0
  5082     9999      0      1      0
  5083     9999      0      1      0
  5084     9999      0      1      0
  5085     9999      0      1      0
  5086     9999      0      1      0
  5087     1033      3      1    100
  5088     9999      0      1      0
  5089     9999      0      1      0
  5090     9999      0      1      0
  5091     1038      3      1    100
  5092     1210      3      1    100
  5093     9999      0      1      0
  5094     9999      0      1      0
  5095     9999      0      1      0
  5096     9999      0      1      0
  5097     9999      0      1      0
  5098     9999      0      1      0
  5099     9999      0      1      0
  5100     9999      0      1      0
  5101     9999      0      1      0
  5102     9999      0      1      0
  5103     9999      0      1      0
  5104     9999      0      1      0
  5105     9999      0      1      0
  5106     9999      0      1      0
  5107     9999      0      1      0
  5108     9999      0      1      0
  5109     9999      0      1      0
  5110     9999      0      1      0
  5111     9999      0      1      0
  5112     9999      0      1      0
  5113     9999      0      1      0
  5114     9999      0      1      0
  5115     9999      0      1      0
  5116     9999      0      1      0
  5117     9999      0      1      0
  5118     9999      0      1      0
  5119     9999      0      1      0
  5120     1652      3      1    100
  5121     9999      0      1      0
  5122     9999      0      1      0
  5123     9999      0      1      0
  5124      920      3      1     12
  5125     1703      3      1    100
  5126     9999      0      1      0
  5127     1070      3      1    100
  5128     1070      3      1    100
  5129     1070      3      1    100
  5130     1070      3      1    100
  5131     1070      3      1    100
  5132     1070      3      1    100
  5133     1070      3      1    100
  5134     1070      3      1    100
  5135     1070      3      1    100
  5136     1070      3      1    100
  5137     1070      3      1    100
  5138     1070      3      1    100
  5139     1070      3      1    100
  5140     1070      3      1    100
  5141     9999      0      1      0
  5142     9999      0      1      0
  5143     9999      0      1      0
  5144     9999      0      1      0
  5145     9999      0      1      0
  5146     9999      0      1      0
  5147     9999      0      1      0
  5148     9999      0      1      0
  5149     9999      0      1      0
  5150     9999      0      1      0
  5151     9999      0      1      0
  5152     9999      0      1      0
  5153     9999      0      1      0
  5154     9999      0      1      0
  5155     9999      0      1      0
  5156     9999      0      1      0
  5157     9999      0      1      0
  5158     9999      0      1      0
  5159     9999      0      1      0
  5160     9999      0      1      0
  5161     1070      3      1    100
  5162     1805      5      1      0
  5163     1805      5      1      0
  5163     1070      3      2    100
  5164     9999      0      1    100
  5165     1741      5      1      0
  5166     9999      0      1      0
  5167     1741      5      1      0
  5168     9999      0      1      0
  5169     1741      5      1      0
  5170     1092      3      1    100
  5171     9999      0      1      0
  5172     9999      0      1      0
  5173     9999      0      1      0
  5174     9999      0      1      0
  5175     9999      0      1      0
  5176     9999      0      1      0
  5177     9999      0      1      0
  5178     9999      0      1      0
  5179     9999      0      1      0
  5180     1092      3      1    100
  5180     1210      3      2    100
  5181     1024      3      1    100
  5181     1664      3      2    100
  5182     9999      0      1      0
  5183     1179      3      1    100
  5184     1210      3      1    100
  5185     1092      3      1    100
  5185     1210      3      2    100
  5186     9999      0      1    100
  5187     9999      0      1    100
  5188     1070      3      1    100
  5189     9999      0      1      0
  5190     1181      3      1    100
  5191     1805      5      1      0
  5191     1070      3      2    100
  5192     9999      0      1      0
  5193     1091      3      1    100
  5194     1149      3      1    139
  5195     9999      0      1      0
  5196     9999      0      1      0
  5197     9999      0      1      0
  5198     9999      0      1      0
  5199     9999      0      1      0
  5200     9999      0      1      0
  5201     9999      0      1      0
  5202     9999      0      1      0
  5203     1628      3      1    139
  5203     1629      3      2    139
  5204     1549      3      1    100
  5205     9999      0      1      0
  5206     9999      0      1      0
  5207     9999      0      1      0
  5208     9999      0      1      0
  5209     9999      0      1      0
  5210     1805      5      1      0
  5210     1070      3      2    100
  5211     1805      5      1      0
  5211     1070      3      2    100
  5212     1805      5      1      0
  5212     1070      3      2    100
  5213     1805      5      1      0
  5213     1070      3      2    100
  5214     1805      5      1      0
  5214     1070      3      2    100
  5215     1805      5      1      0
  5215     1070      3      2    100
  5216     1805      5      1      0
  5216     1070      3      2    100
  5217     1805      5      1      0
  5217     1070      3      2    100
  5218     1805      5      1      0
  5218     1070      3      2    100
  5219     1805      5      1      0
  5219     1070      3      2    100
  5220     1805      5      1      0
  5220     1070      3      2    100
  5221     1805      5      1      0
  5221     1070      3      2    100
  5222     1805      5      1      0
  5222     1070      3      2    100
  5223     9999      0      1      0
  5224     1092      3      1    100
  5225     1070      3      1    100
  5226     1805      5      1      0
  5226     1070      3      2    100
  5227     1210      3      1    100
  5228     9999      0      1      0
  5229     9999      0      1      0
  5230     9999      0      1      0
  5231     9999      0      1      0
  5232     9999      0      1      0
  5233     9999      0      1      0
  5234     9999      0      1      0
  5235     9999      0      1      0
  5236     9999      0      1      0
  5237     1703      3      1    100
  5238     1315      3      1    100
  5238     1703      3      2    100
  5239     1705      3      1    100
  5240     9999      0      1      0
  5241     1741      5      1      0
  5242     9999      0      1      0
  5243     1070      3      1    100
  5244     1741      5      1      0
  5245     1790      5      1      0
  5246     9999      0      1      0
  5247     1092      3      1    100
  5248     1179      3      1    100
  5249     9999      0      1      0
  5250     1564      3      1    100
  5251     1564      3      1    100
  5252     9999      0      1      0
  5253     1549      3      1    100
  5254     9999      0      1      0
  5255     9999      0      1      0
  5256     1790      5      1      0
  5257     9999      0      1      0
  5258     9999      0      1      0
  5259     1549      3      1    100
  5260     9999      0      1      0
  5261     1548      3      1    100
  5262     1789      5      1      0
  5263     9999      0      1    100
  5264     1070      3      1    100
  5265     1741      5      1      0
  5266     1790      5      1      0
  5267     1790      5      1      0
  5268     1790      5      1      0
  5269     1790      5      1      0
  5270     1790      5      1      0
  5271     1790      5      1      0
  5272     1790      5      1      0
  5273     1790      5      1      0
  5274     1790      5      1      0
  5275     1790      5      1      0
  5276     1790      5      1      0
  5277     1790      5      1      0
  5278     1790      5      1      0
  5279     9999      0      1      0
  5280     1055      3      1    100
  5281     1179      3      1    100
  5282     1179      3      1    100
  5283     1179      3      1    100
  5284     1179      3      1    100
  5285     1179      3      1    100
  5286     1179      3      1    100
  5287     1179      3      1    100
  5288     1179      3      1    100
  5289     9999      0      1      0
  5290     1181      3      1    100
  5291     1181      3      1    100
  5292     1181      3      1    100
  5293     1181      3      1    100
  5294     9999      0      1      0
  5295     9999      0      1      0
  5296     9999      0      1      0
  5297     9999      0      1      0
  5298     9999      0      1      0
  5299     9999      0      1      0
  5300     9999      0      1      0
  5301     9999      0      1      0
  5302     9999      0      1      0
  5303     9999      0      1      0
  5304     9999      0      1      0
  5305     9999      0      1      0
  5306     9999      0      1      0
  5307     9999      0      1      0
  5308     9999      0      1      0
  5309     9999      0      1      0
  5310     9999      0      1      0
  5311     9999      0      1      0
  5312     9999      0      1      0
  5313     9999      0      1      0
  5314     9999      0      1      0
  5315     9999      0      1      0
  5316     9999      0      1      0
  5317     9999      0      1      0
  5318     9999      0      1      0
  5319     9999      0      1      0
  5320     9999      0      1    100
  5321     1741      5      1      0
  5322     9999      0      1      0
  5323     1330      3      1    100
  5323     1652      3      2    100
  5324     1179      3      1    100
  5324     1652      3      2    100
  5325     1210      3      1    100
  5326     1210      3      1    100
  5327     1210      3      1    100
  5328     1210      3      1    100
  5329     1210      3      1    100
  5330     1092      3      1    100
  5330     1210      3      2    100
  5331     9999      0      1      0
  5332      626      3      1    100
  5333      629      3      1    100
  5334     1805      5      1      0
  5335     1172      3      1     12
  5336     1070      3      1    100
  5337     1091      3      1    100
  5338     1232      3      1    100
  5339     1236      3      1     12
  5340     1237      3      1     12
  5341     9999      0      1      0
  5342     1245      3      1     12
  5343     1210      3      1    100
  5344     1249      3      1    100
  5345     1237      3      1     12
  5346     1070      3      1    100
  5347     1314      3      1    100
  5348     1703      3      1    100
  5349     1330      3      1    100
  5350     9999      0      1      0
  5351      686      3      1    100
  5352     1628      3      1    139
  5352     1629      3      2    139
  5353     1652      3      1    100
  5354     1179      3      1    100
  5354     1652      3      2    100
  5355     1292      3      1    100
  5356     1179      3      1    100
  5356     1330      3      2    100
  5356     1652      3      3    100
  5357     1091      3      1    100
  5358     1024      3      1    100
  5358     1664      3      2    100
  5359     1703      3      1    100
  5360     1703      3      1    100
  5361     1703      3      1    100
  5362     1703      3      1    100
  5363     1703      3      1    100
  5364     1703      3      1    100
  5365     1703      3      1    100
  5366     1703      3      1    100
  5367     1703      3      1    100
  5368     1703      3      1    100
  5369     1703      3      1    100
  5370     1703      3      1    100
  5371     1703      3      1    100
  5372     1314      3      1    100
  5372     1703      3      2    100
  5373     1149      3      1    139
  5374      546      1      1    100
  5375     1314      3      1    100
  5376     1315      3      1    100
  5377     1805      5      1      0
  5377     1070      3      2    100
  5378     9999      0      1      0
  5379     1741      5      1      0
  5380     1741      5      1      0
  5381     1741      5      1      0
  5382     1741      5      1      0
  5383     1330      3      1    100
  5384      230      1      1    100
  5385      232      1      1    100
  5386     1330      3      1    100
  5386     1652      3      2    100
  5387     1556      3      1    100
  5387     1557      3      2    100
  5388     1347      3      1    140
  5389      759      3      1    100
  5390      760      3      1    100
  5391     1789      5      1      0
  5392     1789      5      1      0
  5393     1789      5      1      0
  5394     1789      5      1      0
  5395     1789      5      1      0
  5396     1790      5      1      0
  5397     1790      5      1      0
  5398     1790      5      1      0
  5399     1790      5      1      0
  5400     1790      5      1      0
  5401     1790      5      1      0
  5402     1790      5      1      0
  5403     1790      5      1      0
  5404     1790      5      1      0
  5405     1790      5      1      0
  5406     1703      3      1    100
  5407     1091      3      1    100
  5408     1091      3      1    100
  5409     1091      3      1    100
  5410     1091      3      1    100
  5411     1091      3      1    100
  5412     1091      3      1    100
  5413     1558      3      1     87
  5413     1562      3      2     87
  5414     1179      3      1    100
  5415     1790      5      1      0
  5416     1315      3      1    100
  5416     1705      3      2    100
  5417     9999      0      1      0
  5418     1179      3      1    100
  5418     1652      3      2    100
  5419     9999      0      1      0
  5420     9999      0      1      0
  5421     1092      3      1    100
  5422     1092      3      1    100
  5422     1713      3      2    140
  5423     9999      0      1      0
  5424     1210      3      1    100
  5425     9999      0      1      0
  5426     1805      5      1      0
  5427     1805      5      1      0
  5427     1070      3      2    100
  5428     1805      5      1      0
  5428     1070      3      2    100
  5429     1805      5      1      0
  5429     1070      3      2    100
  5430     1805      5      1      0
  5430     1070      3      2    100
  5431     1805      5      1      0
  5431     1070      3      2    100
  5432     1805      5      1      0
  5432     1070      3      2    100
  5433     1805      5      1      0
  5433     1070      3      2    100
  5434     1805      5      1      0
  5434     1070      3      2    100
  5435     1805      5      1      0
  5435     1070      3      2    100
  5436     1091      3      1    100
  5437     1565      3      1    100
  5438     9999      0      1      0
  5439     9999      0      1      0
  5440     9999      0      1      0
  5441     1091      3      1    100
  5442     1092      3      1    100
  5443     1091      3      1    100
  5444     9999      0      1      0
  5445      256      1      1    140
  5446      324      1      1    100
  5447     9999      0      1      0
  5448     9999      0      1      0
  5449     9999      0      1      0
  5450     9999      0      1      0
  5451     9999      0      1      0
  5452       61      1      1    100
  5453      521      1      1     87
  5454      521      1      1     87
  5454      522      1      2     87
  5455      523      1      1    100
  5455      524      1      2    100
  5455     1546      3      3    100
  5456     1546      3      1    100
  5457     1547      3      1    100
  5458     1548      3      1    100
  5459     1549      3      1    100
  5460     1549      3      1    100
  5461     1549      3      1    100
  5462     1549      3      1    100
  5463     1549      3      1    100
  5464     1549      3      1    100
  5465     1549      3      1    100
  5466     1549      3      1    100
  5467     1546      3      1    100
  5467     1549      3      2    100
  5468      230      1      1    100
  5468      347      1      2    100
  5469       61      1      1    100
  5469      536      1      2    100
  5470     1556      3      1    100
  5470     1557      3      2    100
  5471     1559      3      1    100
  5472     1559      3      1    100
  5472     1560      3      2    100
  5473     1559      3      1    100
  5473     1561      3      2    100
  5474     1559      3      1    100
  5474     1561      3      2    100
  5475     1559      3      1    100
  5475     1561      3      2    100
  5476     1558      3      1     87
  5476     1562      3      2     87
  5477     1564      3      1    100
  5478      626      3      1    100
  5479     1038      3      1    100
  5480     1789      5      1      0
  5481     1330      3      1    100
  5482     1330      3      1    100
  5482     1652      3      2    100
  5483     1179      3      1    100
  5484     1210      3      1    100
  5485     1179      3      1    100
  5485     1652      3      2    100
  5486     1210      3      1    100
  5487     9999      0      1      0
  5488     1210      3      1    100
  5489     9999      0      1      0
  5490     1179      3      1    100
  5491     9999      0      1      0
  5492     1179      3      1    100
  5493     1330      3      1    100
  5494     1179      3      1    100
  5494     1652      3      2    100
  5495     1330      3      1    100
  5495     1652      3      2    100
  5496     1179      3      1    100
  5496     1330      3      2    100
  5496     1652      3      3    100
  5497     1179      3      1    100
  5498     1179      3      1    100
  5498     1652      3      2    100
  5499     9999      0      1      0
  5500     1179      3      1    100
  5501      920      3      1     12
  5502     1652      3      1    100
  5503     1172      3      1     12
  5504     1179      3      1    100
  5504     1330      3      2    100
  5504     1652      3      3    100
  5505     9999      0      1      0
  5506     1652      3      1    100
  5507     1179      3      1    100
  5507     1652      3      2    100
  5508     1330      3      1    100
  5508     1652      3      2    100
  5509     1179      3      1    100
  5509     1330      3      2    100
  5509     1652      3      3    100
  5510     9999      0      1      0
  5511     1024      3      1    100
  5512     1092      3      1    100
  5513     1092      3      1    100
  5513     1210      3      2    100
  5514     1024      3      1    100
  5514     1664      3      2    100
  5515     1179      3      1    100
  5516     1210      3      1    100
  5517     1024      3      1    100
  5517     1664      3      2    100
  5518     9999      0      1      0
  5519     1628      3      1    139
  5519     1629      3      2    139
  5520     1805      5      1      0
  5521     9999      0      1      0
  5522     1805      5      1      0
  5522     1070      3      2    100
  5523     1232      3      1    100
  5524     9999      0      1      0
  5525     1236      3      1     12
  5526     1237      3      1     12
  5527     1245      3      1     12
  5528     1179      3      1    100
  5528     1330      3      2    100
  5528     1652      3      3    100
  5529     9999      0      1    100
  5530      371      1      1    100
  5531     9999      0      1    100
  5532     1703      3      1    100
  5533     9999      0      1      0
  5534     1024      3      1    100
  5534     1664      3      2    100
  5535     9999      0      1      0
  5536     1556      3      1    100
  5536     1557      3      2    100
  5537     1703      3      1    100
  5538     9999      0      1      0
  5539     1556      3      1    100
  5539     1557      3      2    100
  5540     1703      3      1    100
  5541      969      3      1    140
  5542     1330      3      1    100
  5543     9999      0      1      0
  5544     1092      3      1    100
  5545     1092      3      1    100
  5546     1092      3      1    100
  5547     1703      3      1    100
  5548     1315      3      1    100
  5548     1703      3      2    100
  5549     1705      3      1    100
  5550     1314      3      1    100
  5550     1705      3      2    100
  5551     9999      0      1      0
  5552     9999      0      1    100
  5553      920      3      1     12
  5554     1179      3      1    100
  5554     1652      3      2    100
  5555     1092      3      1    100
  5555     1713      3      2    140
  5556     1172      3      1     12
  5557     1091      3      1    100
  5558     9999      0      1    100
  5559     9999      0      1    100
  5560     1091      3      1    100
  5561     1172      3      1     12
  5562     1179      3      1    100
  5563     1172      3      1     12
  5564     9999      0      1      0
  5565     1070      3      1    100
  5566     1179      3      1    100
  5567        8      1      1    100
  5568     1820      3      1     87
  5569     1821      3      1     87
  5570     1822      3      1     87
  5571     1823      3      1     87
  5572     1824      3      1     87
  5573     1805      5      1      0
  5573     1070      3      2    100
  5574     1070      3      1    100
  5575     1805      5      1      0
  5575     1070      3      2    100
  5576     9999      0      1      0
  5577     1033      3      1    100
  5578     9999      0      1      0
  5579     1564      3      1    100
  5580     1789      5      1      0
  5581     9999      0      1      0
  5582     1024      3      1    100
  5583     9999      0      1      0
  5584     1210      3      1    100
  5585     9999      0      1      0
  5586     9999      0      1      0
  5587     9999      0      1      0
  5588     9999      0      1      0
  5589     9999      0      1      0
  5590     9999      0      1      0
  5591     9999      0      1      0
  5592     9999      0      1      0
  5593     9999      0      1      0
  5594     9999      0      1      0
  5595     9999      0      1      0
  5596     9999      0      1      0
  5597     9999      0      1      0
  5598     9999      0      1      0
  5599     9999      0      1      0
  5600     9999      0      1      0
  5601     9999      0      1      0
  5602     9999      0      1      0
  5603      882      3      1    102
  5604     9999      0      1      0
  5605     9999      0      1      0
  5606     9999      0      1      0
  5607     9999      0      1      0
  5608     9999      0      1      0
  5609     9999      0      1      0
  5610     9999      0      1      0
  5611     9999      0      1      0
  5612     9999      0      1      0
  5613     9999      0      1      0
  5614     9999      0      1      0
  5615     9999      0      1      0
  5616     1409      3      1    102
  5617     9999      0      1      0
  5618     9999      0      1      0
  5619     9999      0      1      0
  5620     9999      0      1      0
  5621     9999      0      1      0
  5622     9999      0      1      0
  5623     9999      0      1      0
  5624     9999      0      1      0
  5625     9999      0      1      0
  5626     9999      0      1      0
  5627     9999      0      1      0
  5628      864      3      1    102
  5629      989      3      1    102
  5630     9999      0      1      0
  5631      864      3      1    102
  5632      989      3      1    102
  5633     1409      3      1    102
  5634      735      3      1     96
  5634     1372      3      2     96
  5634     1413      3      3     96
  5635     9999      0      1      0
  5636     9999      0      1      0
  5637     9999      0      1      0
  5638     9999      0      1      0
  5639     9999      0      1      0
  5640     9999      0      1      0
  5641     9999      0      1      0
  5642       78      1      1     96
  5643       78      1      1     96
  5643      735      3      2     96
  5643     1372      3      3     96
  5643     1413      3      4     96
  5644     9999      0      1      0
  5645     1666      3      1     56
  5646      495      1      1     96
  5646      735      3      2     96
  5646     1372      3      3     96
  5646     1413      3      4     96
  5647     9999      0      1      0
  5648     1666      3      1     56
  5649      882      3      1    102
  5650     9999      0      1      0
  5651      882      3      1    102
  5652     9999      0      1      0
  5653     9999      0      1      0
  5654     9999      0      1      0
  5655     9999      0      1      0
  5656      828      3      1    102
  5656     1500      3      2    102
  5657      989      3      1    102
  5658      864      3      1    102
  5659      735      3      1     96
  5660      882      3      1    102
  5661      828      3      1    102
  5661     1500      3      2    102
  5662      827      3      1    102
  5662     1500      3      2    102
  5663      882      3      1    102
  5664     9999      0      1      0
  5665     9999      0      1      0
  5666     9999      0      1      0
  5667     9999      0      1      0
  5668     9999      0      1      0
  5669      911      3      1      4
  5670      751      3      1    103
  5671      934      3      1    103
  5672      151      1      1    101
  5672     1417      3      2    103
  5673      152      1      1    101
  5674      911      3      1      4
  5675      911      3      1      4
  5676     9999      0      1      0
  5677     9999      0      1      0
  5678     9999      0      1      0
  5679     9999      0      1      0
  5680     9999      0      1      0
  5681      934      3      1    103
  5682      642      3      1    103
  5683      750      3      1    103
  5684      795      3      1    103
  5685      795      3      1    103
  5686     9999      0      1      0
  5687     9999      0      1      0
  5688     9999      0      1      0
  5689     9999      0      1      0
  5690     9999      0      1      0
  5691     9999      0      1      0
  5692     9999      0      1      0
  5693     9999      0      1      0
  5694     9999      0      1      0
  5695     9999      0      1      0
  5696      666      3      1    103
  5697      666      3      1    103
  5698     9999      0      1      0
  5699     9999      0      1      0
  5700     9999      0      1      0
  5701     9999      0      1      0
  5702     9999      0      1      0
  5703     9999      0      1      0
  5704     9999      0      1      0
  5705     9999      0      1      0
  5706     1509      3      1    103
  5707     1288      3      1    103
  5707     1509      3      2    103
  5708     1509      3      1    103
  5708     1510      3      2    103
  5709     9999      0      1      0
  5710      934      3      1    103
  5711      642      3      1    103
  5712      688      3      1    103
  5713      795      3      1    103
  5714      911      3      1      4
  5715      666      3      1    103
  5716      666      3      1    103
  5717      666      3      1    103
  5718      666      3      1    103
  5719      666      3      1    103
  5720      666      3      1    103
  5721      732      3      1      4
  5722      751      3      1    103
  5723     1509      3      1    103
  5724     1288      3      1    103
  5724     1509      3      2    103
  5725      113      1      1    103
  5726      151      1      1    101
  5726     1417      3      2    103
  5727     1009      3      1     16
  5728     1509      3      1    103
  5728     1510      3      2    103
  5729     9999      0      1      0
  5730     9999      0      1      0
  5731     9999      0      1      0
  5732     9999      0      1      0
  5733     9999      0      1      0
  5734     9999      0      1      0
  5735     9999      0      1      0
  5736     9999      0      1      0
  5737     9999      0      1      0
  5738     9999      0      1      0
  5739     1037      3      1    104
  5740     9999      0      1      0
  5741     9999      0      1      0
  5742     1041      3      1    104
  5743     1042      3      1    104
  5744      853      3      1    119
  5745     9999      0      1      0
  5746      852      3      1    104
  5747     9999      0      1      0
  5748     9999      0      1      0
  5749     9999      0      1      0
  5750     9999      0      1      0
  5751     9999      0      1      0
  5752     9999      0      1      0
  5753     9999      0      1      0
  5754     9999      0      1      0
  5755     9999      0      1      0
  5756     9999      0      1      0
  5757     9999      0      1      0
  5758     9999      0      1      0
  5759      853      3      1    119
  5760      395      1      1    104
  5761      395      1      1    104
  5761      853      3      2    119
  5762      402      1      1    119
  5763      853      3      1    119
  5764     9999      0      1      0
  5765      853      3      1    119
  5766     9999      0      1      0
  5767      602      1      1    104
  5768     9999      0      1      0
  5769     9999      0      1      0
  5770     9999      0      1      0
  5771     9999      0      1      0
  5772     9999      0      1      0
  5773     9999      0      1      0
  5774     9999      0      1      0
  5775     9999      0      1      0
  5776     9999      0      1      0
  5777     1270      3      1    104
  5778     9999      0      1      0
  5779     1132      3      1     31
  5780     1270      3      1    104
  5781     9999      0      1      0
  5782     1270      3      1    104
  5783     9999      0      1      0
  5784     1270      3      1    104
  5785     1037      3      1    104
  5786      853      3      1    119
  5787     9999      0      1      0
  5788       74      1      1    104
  5789     9999      0      1      0
  5790     9999      0      1      0
  5791     9999      0      1      0
  5792     9999      0      1      0
  5793     9999      0      1      0
  5794     9999      0      1      0
  5795     9999      0      1      0
  5796     9999      0      1      0
  5797     9999      0      1      0
  5798     9999      0      1      0
  5799     9999      0      1      0
  5800     9999      0      1      0
  5801     9999      0      1      0
  5802      852      3      1    104
  5803       74      1      1    104
  5804       74      1      1    104
  5805      393      1      1    104
  5806     9999      0      1      0
  5807     9999      0      1      0
  5808      853      3      1    119
  5809     9999      0      1      0
  5810     9999      0      1      0
  5811      781      3      1    104
  5812      124      1      1    104
  5812      218      1      2    104
  5812      507      1      3    104
  5812     1475      3      4    104
  5813     9999      0      1      0
  5814       47      1      1    104
  5815      393      1      1    104
  5815      394      1      2    104
  5816      852      3      1    104
  5817     1131      3      1    104
  5818     1132      3      1     31
  5819     9999      0      1      0
  5820     9999      0      1      0
  5821     9999      0      1      0
  5822     9999      0      1      0
  5823     9999      0      1      0
  5824     9999      0      1      0
  5825     9999      0      1      0
  5826     9999      0      1      0
  5827      163      1      1    104
  5828      994      3      1    104
  5829     9999      0      1      0
  5830      994      3      1    104
  5831     1530      3      1    104
  5832     9999      0      1      0
  5833        1      1      1    104
  5834      853      3      1    119
  5835     9999      0      1      0
  5836     9999      0      1      0
  5837     9999      0      1      0
  5838      402      1      1    119
  5839     9999      0      1      0
  5840     9999      0      1      0
  5841      402      1      1    119
  5841      853      3      2    119
  5842     1175      3      1    104
  5843      852      3      1    104
  5844     1270      3      1    104
  5845     9999      0      1      0
  5846     9999      0      1      0
  5847     9999      0      1      0
  5848     9999      0      1      0
  5849     9999      0      1      0
  5850     9999      0      1      0
  5851     9999      0      1      0
  5852     9999      0      1      0
  5853     9999      0      1      0
  5854     9999      0      1      0
  5855     9999      0      1      0
  5856     9999      0      1      0
  5857      852      3      1    104
  5858     9999      0      1      0
  5859      912      3      1    104
  5860     1170      3      1    104
  5861     1229      3      1    104
  5862     1234      3      1    104
  5863      163      1      1    104
  5864     1241      3      1    104
  5865      959      3      1    119
  5866     9999      0      1      0
  5867      652      3      1    104
  5868      657      3      1    104
  5869      177      1      1    104
  5869     1532      3      2    104
  5870       47      1      1    104
  5871     1037      3      1    104
  5872      664      3      1    104
  5873      184      1      1    104
  5874      184      1      1    104
  5874     1170      3      2    104
  5875      184      1      1    104
  5875     1532      3      2    104
  5876      187      1      1    104
  5876     1532      3      2    104
  5877      402      1      1    119
  5878      196      1      1    104
  5878     1505      3      2    104
  5879     1234      3      1    104
  5880     1289      3      1    124
  5881      204      1      1    104
  5881     1483      3      2    104
  5882      402      1      1    119
  5882      853      3      2    119
  5883     1078      3      1    104
  5884      218      1      1    104
  5884     1475      3      2    104
  5885     1317      3      1    104
  5886      853      3      1    119
  5887       47      1      1    104
  5887      402      1      2    119
  5888      727      3      1    104
  5889     9999      0      1      0
  5890      249      1      1    104
  5891      249      1      1    104
  5891     1505      3      2    104
  5892     9999      0      1      0
  5893      764      3      1    104
  5894     9999      0      1      0
  5895      268      1      1    104
  5896      268      1      1    104
  5896     1709      3      2    104
  5897     9999      0      1      0
  5898      781      3      1    104
  5899     9999      0      1      0
  5900     9999      0      1      0
  5901      799      3      1    104
  5902     1431      3      1    104
  5903      983      3      1    104
  5904      402      1      1    119
  5905     9999      0      1      0
  5906      298      1      1     31
  5907      298      1      1     31
  5907      994      3      2    104
  5908      298      1      1     31
  5908     1011      3      2    104
  5909      298      1      1     31
  5909     1714      3      2    104
  5910      298      1      1     31
  5910      299      1      2    104
  5910     1537      3      3    104
  5911     9999      0      1      0
  5912     9999      0      1      0
  5913     1475      3      1    104
  5914      227      1      1    104
  5914     1486      3      2    104
  5915        1      1      1    104
  5916      843      3      1    104
  5917     1498      3      1    104
  5918      124      1      1    104
  5919     1046      3      1    104
  5920      218      1      1    104
  5920      507      1      2    104
  5920      508      1      3    104
  5920     1475      3      4    104
  5921      853      3      1    119
  5922     9999      0      1      0
  5923      393      1      1    104
  5923      394      1      2    104
  5924      395      1      1    104
  5925     1316      3      1    104
  5926     1530      3      1    104
  5927      727      3      1    104
  5928     1532      3      1    104
  5929     9999      0      1      0
  5930     9999      0      1      0
  5931     9999      0      1      0
  5932      602      1      1    104
  5933     9999      0      1      0
  5934     9999      0      1      0
  5935     9999      0      1      0
  5936     9999      0      1      0
  5937     1498      3      1    104
  5938     9999      0      1      0
  5939     1431      3      1    104
  5940     1532      3      1    104
  5941     9999      0      1      0
  5942      218      1      1    104
  5942      507      1      2    104
  5942      508      1      3    104
  5942     1475      3      4    104
  5943     9999      0      1      0
  5944     1709      3      1    104
  5945      124      1      1    104
  5946     9999      0      1      0
  5947     1046      3      1    104
  5948      366      1      1    104
  5949     9999      0      1      0
  5950     9999      0      1      0
  5951      901      3      1    104
  5952     1078      3      1    104
  5953      366      1      1    104
  5954      366      1      1    104
  5955      366      1      1    104
  5956      366      1      1    104
  5957      366      1      1    104
  5958      366      1      1    104
  5959      366      1      1    104
  5960      366      1      1    104
  5961      366      1      1    104
  5962      907      3      1    104
  5963      912      3      1    104
  5964     9999      0      1      0
  5965     9999      0      1      0
  5966     9999      0      1      0
  5967     9999      0      1      0
  5968     9999      0      1      0
  5969      395      1      1    104
  5970     9999      0      1      0
  5971     1020      3      1    104
  5972      298      1      1     31
  5973      298      1      1     31
  5973     1349      3      2    104
  5974     9999      0      1      0
  5975      204      1      1    104
  5975     1483      3      2    104
  5976     9999      0      1      0
  5977     9999      0      1      0
  5978     9999      0      1      0
  5979     9999      0      1      0
  5980     9999      0      1      0
  5981     9999      0      1      0
  5982     9999      0      1      0
  5983     9999      0      1      0
  5984     9999      0      1      0
  5985     9999      0      1      0
  5986     9999      0      1      0
  5987     9999      0      1      0
  5988     9999      0      1      0
  5989     9999      0      1      0
  5990     9999      0      1      0
  5991     9999      0      1      0
  5992     9999      0      1      0
  5993     9999      0      1      0
  5994     9999      0      1      0
  5995     9999      0      1      0
  5996     9999      0      1      0
  5997     9999      0      1      0
  5998      393      1      1    104
  5998      395      1      2    104
  5999     9999      0      1      0
  6000     9999      0      1      0
  6001     9999      0      1      0
  6002     9999      0      1      0
  6003     9999      0      1      0
  6004     9999      0      1      0
  6005     9999      0      1      0
  6006     9999      0      1      0
  6007     9999      0      1      0
  6008     9999      0      1      0
  6009     9999      0      1      0
  6010     9999      0      1      0
  6011     9999      0      1      0
  6012     9999      0      1      0
  6013     9999      0      1      0
  6014     1505      3      1    104
  6015     9999      0      1      0
  6016     9999      0      1      0
  6017     9999      0      1      0
  6018     9999      0      1      0
  6019     9999      0      1      0
  6020     1709      3      1    104
  6021     9999      0      1      0
  6022     9999      0      1      0
  6023     9999      0      1      0
  6024     9999      0      1      0
  6025     9999      0      1      0
  6026     9999      0      1      0
  6027     9999      0      1      0
  6028     9999      0      1      0
  6029     9999      0      1      0
  6030      994      3      1    104
  6031     9999      0      1      0
  6032     9999      0      1      0
  6033     9999      0      1      0
  6034     9999      0      1      0
  6035     9999      0      1      0
  6036     9999      0      1      0
  6037     9999      0      1      0
  6038     9999      0      1      0
  6039     9999      0      1      0
  6040     9999      0      1      0
  6041     9999      0      1      0
  6042     9999      0      1      0
  6043     9999      0      1      0
  6044     9999      0      1      0
  6045     9999      0      1      0
  6046     1020      3      1    104
  6047     9999      0      1      0
  6048      393      1      1    104
  6049     9999      0      1      0
  6050     9999      0      1      0
  6051     9999      0      1      0
  6052     9999      0      1      0
  6053      318      1      1    139
  6054     9999      0      1      0
  6055     9999      0      1      0
  6056      420      1      1    140
  6056      480      1      2    105
  6057      420      1      1    140
  6057      480      1      2    105
  6058     9999      0      1      0
  6059     9999      0      1      0
  6060     9999      0      1      0
  6061     1609      3      1    105
  6062     1609      3      1    105
  6063      541      1      1    140
  6063     9999      0      2      0
  6064     9999      0      1      0
  6065     9999      0      1      0
  6065     1583      3      2    105
  6066     1519      3      1    105
  6067     1393      3      1    105
  6068     1187      3      1    105
  6069     9999      0      1      0
  6070     1581      3      1    140
  6071     1581      3      1    140
  6072     1579      3      1    105
  6073     1609      3      1    105
  6073     1610      3      2    105
  6074     9999      0      1      0
  6075      318      1      1    139
  6076      567      1      1     32
  6077     9999      0      1      0
  6078      567      1      1     32
  6079      421      1      1    140
  6079     1606      3      2    105
  6080      421      1      1    140
  6080     1606      3      2    105
  6081      421      1      1    140
  6081     1606      3      2    105
  6082      421      1      1    140
  6082     1606      3      2    105
  6083      541      1      1    140
  6083     1609      3      2    105
  6084      541      1      1    140
  6084     1609      3      2    105
  6084     1610      3      3    105
  6085     9999      0      1      0
  6086       96      1      1    105
  6086      421      1      2    140
  6087       96      1      1    105
  6087      421      1      2    140
  6088     1606      3      1    105
  6089     1612      3      1    105
  6090       96      1      1    105
  6091       96      1      1    105
  6092       96      1      1    105
  6092      421      1      2    140
  6093     9999      0      1      0
  6094     9999      0      1      0
  6095     9999      0      1      0
  6096     9999      0      1      0
  6097     9999      0      1      0
  6098     9999      0      1      0
  6099     9999      0      1      0
  6100     9999      0      1      0
  6101       96      1      1    105
  6102     9999      0      1      0
  6103     9999      0      1      0
  6104     9999      0      1      0
  6105     9999      0      1      0
  6106      829      3      1    105
  6107     9999      0      1      0
  6108     1016      3      1    105
  6109     1017      3      1    105
  6110     9999      0      1      0
  6111     1609      3      1    105
  6112     9999      0      1      0
  6113     9999      0      1      0
  6114     1113      3      1    105
  6115     1551      3      1    105
  6115     1583      3      2    105
  6116     9999      0      1      0
  6117     1583      3      1    105
  6118      567      1      1     32
  6119     1223      3      1    105
  6120     1302      3      1    105
  6121     1371      3      1    105
  6122     1384      3      1    105
  6123     1390      3      1    141
  6124     1398      3      1    105
  6125     9999      0      1      0
  6126       96      1      1    105
  6126      235      1      2    141
  6127     9999      0      1      0
  6128     1418      3      1    140
  6129     1469      3      1    105
  6130     1479      3      1    105
  6131     9999      0      1      0
  6132     9999      0      1      0
  6133     1527      3      1    105
  6134     1551      3      1    105
  6135     9999      0      1      0
  6136     9999      0      1      0
  6137     9999      0      1      0
  6138     1579      3      1    105
  6138     1580      3      2    105
  6139     1579      3      1    105
  6139     1580      3      2    105
  6140     1579      3      1    105
  6140     1580      3      2    105
  6141     1579      3      1    105
  6141     1580      3      2    105
  6142     1581      3      1    140
  6143     1581      3      1    140
  6144     1581      3      1    140
  6145     1581      3      1    140
  6146     1581      3      1    140
  6147     1581      3      1    140
  6148     1581      3      1    140
  6149     1581      3      1    140
  6150     1581      3      1    140
  6150     1582      3      2    140
  6151     1583      3      1    105
  6152     1583      3      1    105
  6153     1583      3      1    105
  6154     1583      3      1    105
  6155     1583      3      1    105
  6156     1551      3      1    105
  6156     1583      3      2    105
  6157     9999      0      1      0
  6158     1602      3      1    105
  6159     1579      3      1    105
  6159     1580      3      2    105
  6159     1602      3      3    105
  6160     1606      3      1    105
  6161     1609      3      1    105
  6162     1609      3      1    105
  6163     1609      3      1    105
  6164     1609      3      1    105
  6165     1609      3      1    105
  6166     1609      3      1    105
  6167     1609      3      1    105
  6167     1610      3      2    105
  6168     9999      0      1      0
  6169      330      1      1    140
  6169     1609      3      2    105
  6169     1610      3      3    105
  6170      541      1      1    140
  6170     1609      3      2    105
  6170     1610      3      3    105
  6171     9999      0      1      0
  6172      541      1      1    140
  6173        4      1      1    140
  6174     1609      3      1    105
  6175      541      1      1    140
  6175     1609      3      2    105
  6176     9999      0      1    105
  6177     9999      0      1      0
  6178     9999      0      1    105
  6179     9999      0      1    105
  6180     9999      0      1    105
  6181     1581      3      1    140
  6182     1581      3      1    140
  6182     1582      3      2    140
  6183     9999      0      1      0
  6184     9999      0      1      0
  6185      567      1      1     32
  6186     9999      0      1      0
  6187      128      1      1    140
  6188     9999      0      1      0
  6189     9999      0      1      0
  6190     9999      0      1      0
  6191     9999      0      1      0
  6192     1581      3      1    140
  6193     9999      0      1      0
  6194     9999      0      1      0
  6195     9999      0      1      0
  6196      330      1      1    140
  6196     1609      3      2    105
  6196     1610      3      3    105
  6197     9999      0      1      0
  6198      318      1      1    139
  6199      974      3      1    105
  6200     9999      0      1      0
  6201     9999      0      1      0
  6202      420      1      1    140
  6203     9999      0      1      0
  6204      421      1      1    140
  6205      421      1      1    140
  6206      421      1      1    140
  6207      421      1      1    140
  6208      541      1      1    140
  6208     1609      3      2    105
  6209      541      1      1    140
  6209     1609      3      2    105
  6209     1610      3      3    105
  6210     9999      0      1    105
  6211      424      1      1    140
  6212     9999      0      1      0
  6213     9999      0      1      0
  6214     9999      0      1      0
  6215     9999      0      1      0
  6216     9999      0      1      0
  6217     9999      0      1      0
  6218     9999      0      1      0
  6219     9999      0      1      0
  6220     9999      0      1      0
  6221     9999      0      1      0
  6222     9999      0      1      0
  6223     9999      0      1      0
  6224     9999      0      1      0
  6225     9999      0      1      0
  6226      458      1      1    140
  6227      458      1      1    140
  6227     1606      3      2    105
  6228      458      1      1    140
  6228     1612      3      2    105
  6229      235      1      1    141
  6229      458      1      2    140
  6230     1583      3      1    105
  6231      459      1      1    140
  6232      480      1      1    105
  6233      479      1      1    105
  6234      421      1      1    140
  6234      479      1      2    105
  6235      421      1      1    140
  6235      479      1      2    105
  6235     1606      3      3    105
  6236      480      1      1    105
  6237     9999      0      1      0
  6238      541      1      1    140
  6239      421      1      1    140
  6239      480      1      2    105
  6240      421      1      1    140
  6240      480      1      2    105
  6241      421      1      1    140
  6241      480      1      2    105
  6242      458      1      1    140
  6242      480      1      2    105
  6243      487      1      1    105
  6244      488      1      1    105
  6245      488      1      1    105
  6245     1393      3      2    105
  6246      489      1      1    105
  6247      489      1      1    105
  6248     9999      0      1      0
  6249     1581      3      1    140
  6250      490      1      1    105
  6251        4      1      1    140
  6251      490      1      2    105
  6252     9999      0      1    105
  6253     1583      3      1    105
  6254     9999      0      1      0
  6255     9999      0      1      0
  6256     9999      0      1      0
  6257     9999      0      1      0
  6258      541      1      1    140
  6259     1609      3      1    105
  6260     9999      0      1      0
  6261      541      1      1    140
  6261     1609      3      2    105
  6262      533      1      1    105
  6263      533      1      1    105
  6264     1551      3      1    105
  6265      537      1      1    142
  6265     1067      3      2    142
  6266      537      1      1    142
  6266     1067      3      2    142
  6266     1577      3      3    142
  6267      537      1      1    142
  6267     1067      3      2    142
  6267     1187      3      3    105
  6267     1577      3      4    142
  6268      421      1      1    140
  6268      537      1      2    142
  6268     1067      3      3    142
  6269      541      1      1    140
  6270      541      1      1    140
  6270     1609      3      2    105
  6271      541      1      1    140
  6271     1609      3      2    105
  6272      541      1      1    140
  6272     1609      3      2    105
  6272     1610      3      3    105
  6273      420      1      1    140
  6273      489      1      2    105
  6274      421      1      1    140
  6274      489      1      2    105
  6275      567      1      1     32
  6276      567      1      1     32
  6277      567      1      1     32
  6278      567      1      1     32
  6279      293      1      1    140
  6280     9999      0      1      0
  6281     9999      0      1      0
  6282     9999      0      1      0
  6283     9999      0      1      0
  6284     9999      0      1      0
  6285     9999      0      1      0
  6286     9999      0      1      0
  6287     9999      0      1      0
  6288     9999      0      1      0
  6289     9999      0      1      0
  6290     9999      0      1      0
  6291     9999      0      1      0
  6292     9999      0      1      0
  6293     9999      0      1      0
  6294     9999      0      1      0
  6295     9999      0      1      0
  6296     9999      0      1      0
  6297     9999      0      1      0
  6298     9999      0      1      0
  6299     9999      0      1      0
  6300     9999      0      1      0
  6301     9999      0      1      0
  6302     9999      0      1      0
  6303     9999      0      1      0
  6304     9999      0      1      0
  6305     9999      0      1      0
  6306     9999      0      1      0
  6307     9999      0      1      0
  6308     9999      0      1      0
  6309     9999      0      1      0
  6310     9999      0      1      0
  6311      162      1      1    107
  6312     9999      0      1      0
  6313     9999      0      1      0
  6314     9999      0      1      0
  6315     9999      0      1      0
  6316     9999      0      1      0
  6317     9999      0      1      0
  6318     9999      0      1      0
  6319     9999      0      1      0
  6320     9999      0      1      0
  6321     9999      0      1      0
  6322     9999      0      1      0
  6323      157      1      1      4
  6324     1000      3      1      4
  6325     9999      0      1      0
  6326     9999      0      1      0
  6327     9999      0      1      0
  6328     9999      0      1      0
  6329     9999      0      1      0
  6330     9999      0      1      0
  6331     9999      0      1      0
  6332     9999      0      1      0
  6333     9999      0      1      0
  6334     9999      0      1      0
  6335     9999      0      1      0
  6336     9999      0      1      0
  6337     9999      0      1      0
  6338     9999      0      1      0
  6339     9999      0      1      0
  6340     9999      0      1      0
  6341      911      3      1      4
  6342      911      3      1      4
  6343     9999      0      1      0
  6344     9999      0      1      0
  6345     9999      0      1      0
  6346     9999      0      1      0
  6347     9999      0      1      0
  6348     9999      0      1      0
  6349     9999      0      1      0
  6350     9999      0      1      0
  6351     9999      0      1      0
  6352     9999      0      1      0
  6353     9999      0      1      0
  6354     9999      0      1      0
  6355     9999      0      1      0
  6356     9999      0      1      0
  6357     9999      0      1      0
  6358     9999      0      1    108
  6359     1035      3      1    109
  6360      794      3      1    109
  6361      444      1      1    109
  6362      444      1      1    109
  6362     1460      3      2    109
  6363     9999      0      1      0
  6364     9999      0      1      0
  6365     9999      0      1      0
  6366     9999      0      1      0
  6367     9999      0      1      0
  6368     9999      0      1      0
  6369     9999      0      1      0
  6370     9999      0      1      0
  6371     9999      0      1      0
  6372      446      1      1    109
  6373      446      1      1    109
  6373     1470      3      2    109
  6374      447      1      1    109
  6375      448      1      1    109
  6376      449      1      1    109
  6377      769      3      1    109
  6378     1019      3      1    109
  6379     9999      0      1      0
  6380     9999      0      1      0
  6381     9999      0      1      0
  6382     9999      0      1      0
  6383     9999      0      1      0
  6384     9999      0      1      0
  6385     1250      3      1    109
  6386     9999      0      1      0
  6387     9999      0      1      0
  6388      769      3      1    109
  6389      794      3      1    109
  6390     9999      0      1      0
  6391     1251      3      1    109
  6392     9999      0      1      0
  6393     9999      0      1      0
  6394     9999      0      1      0
  6395     9999      0      1      0
  6396     9999      0      1      0
  6397     1208      3      1    109
  6398     1251      3      1    109
  6399     1611      3      1     86
  6400       63      1      1     86
  6400     1466      3      2    109
  6401     1263      3      1    109
  6402     9999      0      1      0
  6403     9999      0      1      0
  6404     9999      0      1      0
  6405     9999      0      1      0
  6406     9999      0      1      0
  6407     9999      0      1      0
  6408     9999      0      1      0
  6409     9999      0      1      0
  6410     9999      0      1      0
  6411     1263      3      1    109
  6412     9999      0      1      0
  6413      696      3      1    109
  6414     1460      3      1    109
  6415      444      1      1    109
  6416      444      1      1    109
  6416     1460      3      2    109
  6417      446      1      1    109
  6418      449      1      1    109
  6419     1460      3      1    109
  6420     9999      0      1      0
  6421     1466      3      1    109
  6422     1666      3      1     56
  6423      965      3      1    109
  6424     9999      0      1      0
  6425     1611      3      1     86
  6426     1666      3      1     56
  6427     9999      0      1      0
  6428     1666      3      1     56
  6429     9999      0      1      0
  6430      882      3      1    102
  6431     1207      3      1    109
  6432      882      3      1    102
  6433      696      3      1    109
  6434     1666      3      1     56
  6435     1208      3      1    109
  6436     9999      0      1      0
  6437      445      1      1    109
  6438     9999      0      1      0
  6439     9999      0      1      0
  6440      769      3      1    109
  6441     1666      3      1     56
  6442     1019      3      1    109
  6443     9999      0      1      0
  6444     9999      0      1      0
  6445     9999      0      1      0
  6446     9999      0      1      0
  6447     9999      0      1      0
  6448     9999      0      1      0
  6449     9999      0      1      0
  6450     9999      0      1      0
  6451      895      3      1    109
  6452      882      3      1    102
  6453     1611      3      1     86
  6454     1502      3      1    109
  6455     9999      0      1      0
  6456     9999      0      1      0
  6457     9999      0      1      0
  6458     9999      0      1      0
  6459     9999      0      1      0
  6460     9999      0      1      0
  6461     9999      0      1      0
  6462     9999      0      1      0
  6463     9999      0      1      0
  6464     9999      0      1      0
  6465     9999      0      1      0
  6466     9999      0      1      0
  6467     1760      5      1      0
  6468     1788      5      1      0
  6469     9999      0      1      0
  6470     9999      0      1      0
  6471     9999      0      1      0
  6472     9999      0      1      0
  6473     9999      0      1      0
  6474     9999      0      1      0
  6475     9999      0      1      0
  6476     9999      0      1      0
  6477     9999      0      1      0
  6478     9999      0      1      0
  6479     9999      0      1      0
  6480     9999      0      1      0
  6481     9999      0      1      0
  6482     9999      0      1      0
  6483     9999      0      1      0
  6484     9999      0      1      0
  6485     9999      0      1      0
  6486     9999      0      1      0
  6487     9999      0      1      0
  6488     9999      0      1      0
  6489     9999      0      1      0
  6490     9999      0      1      0
  6491     9999      0      1      0
  6492     9999      0      1      0
  6493     1753      5      1      0
  6493     1614      3      2    110
  6494     9999      0      1      0
  6495     1788      5      1      0
  6496     1754      5      1      0
  6496     1614      3      2    110
  6497     1757      5      1      0
  6498     1757      5      1      0
  6499     1757      5      1      0
  6500     1757      5      1      0
  6501     1757      5      1      0
  6502     1757      5      1      0
  6503     1757      5      1      0
  6504     1757      5      1      0
  6505     1757      5      1      0
  6506     1757      5      1      0
  6507     1757      5      1      0
  6508     1757      5      1      0
  6509     1757      5      1      0
  6510     1757      5      1      0
  6511     1757      5      1      0
  6512     1757      5      1      0
  6513     1757      5      1      0
  6514     1757      5      1      0
  6515     9999      0      1      0
  6516     1759      5      1      0
  6517     1760      5      1      0
  6518     9999      0      1      0
  6519     1788      5      1      0
  6520     9999      0      1      0
  6521     1788      5      1      0
  6522     1760      5      1      0
  6522     1788      5      2      0
  6523     1741      5      1      0
  6524     9999      0      1      0
  6525     9999      0      1      0
  6526     9999      0      1      0
  6527     9999      0      1      0
  6528     9999      0      1      0
  6529     9999      0      1      0
  6530     9999      0      1      0
  6531     9999      0      1      0
  6532     9999      0      1      0
  6533     1759      5      1      0
  6533     1788      5      2      0
  6534     9999      0      1      0
  6535     1760      5      1      0
  6536     1788      5      1      0
  6537       79      1      1      6
  6538     9999      0      1      0
  6539     9999      0      1      0
  6540     9999      0      1      0
  6541     9999      0      1      0
  6542     9999      0      1      0
  6543     9999      0      1      0
  6544     9999      0      1      0
  6545     9999      0      1      0
  6546     9999      0      1      0
  6547     9999      0      1      0
  6548     9999      0      1      0
  6549     9999      0      1      0
  6550     9999      0      1      0
  6551     9999      0      1      0
  6552     9999      0      1      0
  6553     9999      0      1      0
  6554     9999      0      1      0
  6555     9999      0      1      0
  6556     9999      0      1      0
  6557     9999      0      1      0
  6558     9999      0      1      0
  6559     9999      0      1      0
  6560     9999      0      1      0
  6561     9999      0      1      0
  6562     1614      3      1    110
  6563     1753      5      1      0
  6563     1788      5      2      0
  6563     1614      3      3    110
  6564     1152      3      1      6
  6565     1788      5      1      0
  6566     1788      5      1      0
  6567     1788      5      1      0
  6568     1788      5      1      0
  6569     1788      5      1      0
  6570     1788      5      1      0
  6571     1788      5      1      0
  6572     1788      5      1      0
  6573     1788      5      1      0
  6574     1788      5      1      0
  6575     1788      5      1      0
  6576     1788      5      1      0
  6577     1788      5      1      0
  6578     1788      5      1      0
  6579     1788      5      1      0
  6580     1788      5      1      0
  6580     1614      3      2    110
  6581     1788      5      1      0
  6581     1135      3      2    110
  6581     1614      3      3    110
  6582     1726      5      1      0
  6582     1788      5      2      0
  6583     1753      5      1      0
  6583     1788      5      2      0
  6583     1614      3      3    110
  6584     1753      5      1      0
  6584     1788      5      2      0
  6584     1614      3      3    110
  6585     1753      5      1      0
  6585     1788      5      2      0
  6585     1614      3      3    110
  6586     1753      5      1      0
  6586     1788      5      2      0
  6586     1614      3      3    110
  6587     1753      5      1      0
  6587     1788      5      2      0
  6587     1614      3      3    110
  6588     1753      5      1      0
  6588     1788      5      2      0
  6588     1614      3      3    110
  6589     1753      5      1      0
  6589     1788      5      2      0
  6589     1614      3      3    110
  6590     1753      5      1      0
  6590     1788      5      2      0
  6590     1614      3      3    110
  6591     1753      5      1      0
  6591     1788      5      2      0
  6591     1614      3      3    110
  6592     1753      5      1      0
  6592     1788      5      2      0
  6592     1614      3      3    110
  6593     1753      5      1      0
  6593     1788      5      2      0
  6593     1614      3      3    110
  6594     1754      5      1      0
  6594     1788      5      2      0
  6594     1614      3      3    110
  6595     1759      5      1      0
  6595     1788      5      2      0
  6596     1760      5      1      0
  6596     1788      5      2      0
  6597     1760      5      1      0
  6597     1788      5      2      0
  6598     1760      5      1      0
  6598     1788      5      2      0
  6599     1760      5      1      0
  6599     1788      5      2      0
  6600     1760      5      1      0
  6600     1788      5      2      0
  6601     1760      5      1      0
  6601     1788      5      2      0
  6602     1760      5      1      0
  6602     1788      5      2      0
  6603     1760      5      1      0
  6603     1788      5      2      0
  6604     1760      5      1      0
  6604     1788      5      2      0
  6605     1760      5      1      0
  6605     1788      5      2      0
  6606     1760      5      1      0
  6606     1788      5      2      0
  6607     1760      5      1      0
  6607     1788      5      2      0
  6608     1760      5      1      0
  6608     1788      5      2      0
  6609     1760      5      1      0
  6609     1788      5      2      0
  6610     1760      5      1      0
  6610     1788      5      2      0
  6611     1761      5      1      0
  6611     1788      5      2      0
  6612     1761      5      1      0
  6612     1788      5      2      0
  6613     1761      5      1      0
  6613     1788      5      2      0
  6614     1761      5      1      0
  6614     1788      5      2      0
  6615     1761      5      1      0
  6615     1788      5      2      0
  6616     1761      5      1      0
  6616     1788      5      2      0
  6617     1761      5      1      0
  6617     1788      5      2      0
  6618     1761      5      1      0
  6618     1788      5      2      0
  6619     1761      5      1      0
  6619     1788      5      2      0
  6620     1761      5      1      0
  6620     1788      5      2      0
  6621     1761      5      1      0
  6621     1788      5      2      0
  6622     1761      5      1      0
  6622     1788      5      2      0
  6623     1761      5      1      0
  6623     1788      5      2      0
  6624     1761      5      1      0
  6624     1788      5      2      0
  6625     1761      5      1      0
  6625     1788      5      2      0
  6626     1761      5      1      0
  6626     1788      5      2      0
  6627     1761      5      1      0
  6627     1788      5      2      0
  6628     9999      0      1      0
  6629     9999      0      1      0
  6630     9999      0      1      0
  6631     1788      5      1      0
  6632     1788      5      1      0
  6632     1614      3      2    110
  6633     1226      3      1    110
  6634     1226      3      1    110
  6635     1226      3      1    110
  6636     1226      3      1    110
  6637     1226      3      1    110
  6638     1152      3      1      6
  6639     1226      3      1    110
  6640     1788      5      1      0
  6640     1614      3      2    110
  6641     9999      0      1      0
  6642     9999      0      1      0
  6643     9999      0      1      0
  6644     9999      0      1      0
  6645     9999      0      1      0
  6646     9999      0      1      0
  6647     1788      5      1      0
  6648     1761      5      1      0
  6649     1301      3      1    110
  6650     1301      3      1    110
  6651     1301      3      1    110
  6652     1301      3      1    110
  6653     1301      3      1    110
  6654     1301      3      1    110
  6655     1301      3      1    110
  6656     1301      3      1    110
  6657     1301      3      1    110
  6658     1301      3      1    110
  6659     1301      3      1    110
  6660     1788      5      1      0
  6661     1726      5      1      0
  6662     1788      5      1      0
  6663     1614      3      1    110
  6664     1614      3      1    110
  6665     1614      3      1    110
  6666     1614      3      1    110
  6667     1614      3      1    110
  6668     1614      3      1    110
  6669     1614      3      1    110
  6670     1614      3      1    110
  6671     1614      3      1    110
  6672     1614      3      1    110
  6673     1614      3      1    110
  6674     1614      3      1    110
  6675     1614      3      1    110
  6676     1135      3      1    110
  6676     1614      3      2    110
  6677     1614      3      1    110
  6678     9999      0      1      0
  6679     1152      3      1      6
  6680     9999      0      1      0
  6681     1788      5      1      0
  6682     9999      0      1      0
  6683     1788      5      1      0
  6684     1741      5      1      0
  6685     1741      5      1      0
  6686     1741      5      1      0
  6687     1741      5      1      0
  6688     1741      5      1      0
  6689     1741      5      1      0
  6690     1741      5      1      0
  6691     1741      5      1      0
  6692     1741      5      1      0
  6693     1741      5      1      0
  6694     1741      5      1      0
  6695     9999      0      1    110
  6696     1788      5      1      0
  6697     1742      5      1      0
  6698     1135      3      1    110
  6698     1614      3      2    110
  6699     1788      5      1      0
  6699     1135      3      2    110
  6699     1614      3      3    110
  6700     9999      0      1      0
  6701     1741      5      1      0
  6702     1741      5      1      0
  6702     1769      5      2      0
  6703     9999      0      1      0
  6704     1761      5      1      0
  6705     1753      5      1      0
  6705     1788      5      2      0
  6705     1614      3      3    110
  6706     1761      5      1      0
  6706     1788      5      2      0
  6707     1741      5      1      0
  6708     9999      0      1      0
  6709     9999      0      1      0
  6710     9999      0      1      0
  6711     9999      0      1      0
  6712     9999      0      1      0
  6713     9999      0      1      0
  6714     9999      0      1      0
  6715     9999      0      1      0
  6716     9999      0      1      0
  6717     9999      0      1      0
  6718     9999      0      1      0
  6719     9999      0      1      0
  6720     9999      0      1      0
  6721     9999      0      1      0
  6722     9999      0      1      0
  6723     9999      0      1      0
  6724     9999      0      1      0
  6725     1795      5      1      0
  6725     1520      3      2    112
  6725     1521      3      3    112
  6726     9999      0      1      0
  6727     1736      5      1      0
  6727     1697      3      2    112
  6728     9999      0      1      0
  6729     9999      0      1      0
  6730     9999      0      1      0
  6731     9999      0      1      0
  6732     9999      0      1      0
  6733     9999      0      1      0
  6734     9999      0      1      0
  6735     1678      3      1    112
  6736     9999      0      1      0
  6737     9999      0      1      0
  6738     9999      0      1      0
  6739     9999      0      1      0
  6740     9999      0      1      0
  6741     9999      0      1      0
  6742     9999      0      1      0
  6743      942      3      1    112
  6744      942      3      1    112
  6745     1773      5      1      0
  6746     1773      5      1      0
  6747     1773      5      1      0
  6748     1773      5      1      0
  6749     1773      5      1      0
  6750     1773      5      1      0
  6751     1773      5      1      0
  6752     1773      5      1      0
  6753     1773      5      1      0
  6754     9999      0      1      0
  6755     9999      0      1      0
  6756     9999      0      1      0
  6757     9999      0      1      0
  6758     9999      0      1      0
  6759     9999      0      1      0
  6760     9999      0      1      0
  6761     9999      0      1      0
  6762     9999      0      1      0
  6763     9999      0      1      0
  6764     9999      0      1      0
  6765     9999      0      1      0
  6766     9999      0      1      0
  6767     9999      0      1      0
  6768     9999      0      1      0
  6769     9999      0      1      0
  6770     9999      0      1      0
  6771     9999      0      1      0
  6772     9999      0      1      0
  6773     9999      0      1      0
  6774     9999      0      1      0
  6775     1730      5      1      0
  6775     1733      5      2      0
  6775     1740      5      3      0
  6776     1077      3      1     47
  6777     1077      3      1     47
  6778     1077      3      1     47
  6779     1077      3      1     47
  6780     1077      3      1     47
  6781     1077      3      1     47
  6782     1800      5      1      0
  6782     1261      3      2    112
  6783     1798      5      1      0
  6783     1800      5      2      0
  6783     1090      3      3    112
  6783     1261      3      4    112
  6784     1697      3      1    112
  6785     1090      3      1    112
  6786     9999      0      1      0
  6787     9999      0      1      0
  6788     9999      0      1      0
  6789     9999      0      1      0
  6790     1689      3      1      3
  6791     1736      5      1      0
  6792     9999      0      1      0
  6793     9999      0      1      0
  6794     9999      0      1      0
  6795     9999      0      1      0
  6796     9999      0      1      0
  6797     9999      0      1      0
  6798     1775      5      1      0
  6799     1775      5      1      0
  6800     1775      5      1      0
  6801     1775      5      1      0
  6802     1775      5      1      0
  6803     1775      5      1      0
  6804     1775      5      1      0
  6805     1775      5      1      0
  6806     9999      0      1      0
  6807     9999      0      1      0
  6808     9999      0      1      0
  6809     9999      0      1      0
  6810     9999      0      1      0
  6811     9999      0      1      0
  6812     9999      0      1      0
  6813     9999      0      1      0
  6814     9999      0      1      0
  6815     1782      5      1      0
  6816     1784      5      1      0
  6817     1784      5      1      0
  6818     1784      5      1      0
  6819     1784      5      1      0
  6820     1784      5      1      0
  6821     1784      5      1      0
  6822     1784      5      1      0
  6823     1784      5      1      0
  6824     1784      5      1      0
  6824     1785      5      2      0
  6825     1784      5      1      0
  6825     1785      5      2      0
  6826     1784      5      1      0
  6826     1785      5      2      0
  6827     1784      5      1      0
  6827     1785      5      2      0
  6828     1784      5      1      0
  6828     1785      5      2      0
  6829     9999      0      1      0
  6830     9999      0      1      0
  6831     9999      0      1      0
  6832     9999      0      1      0
  6833     9999      0      1      0
  6834     9999      0      1      0
  6835     9999      0      1      0
  6836     9999      0      1      0
  6837     9999      0      1      0
  6838     9999      0      1      0
  6839     9999      0      1      0
  6840     1777      5      1      0
  6841     1777      5      1      0
  6842     9999      0      1      0
  6843     9999      0      1      0
  6844     9999      0      1      0
  6845     9999      0      1      0
  6846     9999      0      1      0
  6847     9999      0      1      0
  6848     1784      5      1      0
  6849      767      3      1    112
  6850      767      3      1    112
  6851     1798      5      1      0
  6851     1090      3      2    112
  6852      776      3      1    112
  6853      776      3      1    112
  6854      776      3      1    112
  6855      776      3      1    112
  6856     9999      0      1      0
  6857     9999      0      1      0
  6858     9999      0      1      0
  6859     9999      0      1      0
  6860     9999      0      1      0
  6861     9999      0      1      0
  6862     9999      0      1      0
  6863     1252      3      1    112
  6864     1736      5      1      0
  6864     1697      3      2    112
  6865     1730      5      1      0
  6865     1740      5      2      0
  6866     9999      0      1      0
  6867     9999      0      1      0
  6868     9999      0      1      0
  6869     9999      0      1      0
  6870     9999      0      1      0
  6871     9999      0      1      0
  6872     1084      3      1    112
  6873     1146      3      1    112
  6874     1736      5      1      0
  6874     1697      3      2    112
  6875     9999      0      1      0
  6876     1736      5      1      0
  6877     9999      0      1      0
  6878     1730      5      1      0
  6879     9999      0      1      0
  6880     9999      0      1      0
  6881     1733      5      1      0
  6882     9999      0      1      0
  6883     9999      0      1      0
  6884     9999      0      1      0
  6885     9999      0      1      0
  6886     1736      5      1      0
  6887     9999      0      1      0
  6888     9999      0      1      0
  6889     9999      0      1      0
  6890     9999      0      1      0
  6891      792      3      1    112
  6892      860      3      1    112
  6893      860      3      1    112
  6894      860      3      1    112
  6895      860      3      1    112
  6896      860      3      1    112
  6897      860      3      1    112
  6898      860      3      1    112
  6899      860      3      1    112
  6900      860      3      1    112
  6901      860      3      1    112
  6902      860      3      1    112
  6903      860      3      1    112
  6904      942      3      1    112
  6905     1749      5      1      0
  6905     1678      3      2    112
  6906     1739      5      1      0
  6907     1739      5      1      0
  6908     1739      5      1      0
  6909     1739      5      1      0
  6910     1584      3      1     47
  6911      942      3      1    112
  6912      942      3      1    112
  6913      942      3      1    112
  6914      942      3      1    112
  6915      942      3      1    112
  6916      942      3      1    112
  6917      942      3      1    112
  6918     1115      3      1    112
  6919     1730      5      1      0
  6919     1740      5      2      0
  6920     1775      5      1      0
  6921     1784      5      1      0
  6922     1784      5      1      0
  6923     1603      3      1    112
  6923     1604      3      2    112
  6924     1795      5      1      0
  6924     1520      3      2    112
  6924     1521      3      3    112
  6925     1736      5      1      0
  6925     1697      3      2    112
  6926     9999      0      1    112
  6927     1736      5      1      0
  6927     1697      3      2    112
  6928     9999      0      1      0
  6929     1603      3      1    112
  6930     9999      0      1      0
  6931     1115      3      1    112
  6931     1603      3      2    112
  6931     1604      3      3    112
  6932     9999      0      1      0
  6933     1733      5      1      0
  6934     9999      0      1      0
  6935     1736      5      1      0
  6935     1697      3      2    112
  6936     1736      5      1      0
  6936     1697      3      2    112
  6937     9999      0      1      0
  6938     1736      5      1      0
  6938     1697      3      2    112
  6939     9999      0      1      0
  6940     1299      3      1    112
  6941     9999      0      1      0
  6942      860      3      1    112
  6943     9999      0      1      0
  6944     1689      3      1      3
  6945     1737      5      1      0
  6946     1738      5      1      0
  6947     1740      5      1      0
  6948      860      3      1    112
  6949     1784      5      1      0
  6950     9999      0      1      0
  6951      767      3      1    112
  6952     1689      3      1      3
  6952     1691      3      2    112
  6953     9999      0      1    112
  6954      767      3      1    112
  6955     9999      0      1      0
  6956      767      3      1    112
  6957      942      3      1    112
  6958     1783      5      1      0
  6959     9999      0      1    112
  6960      767      3      1    112
  6961     9999      0      1      0
  6962      767      3      1    112
  6963     1115      3      1    112
  6963     1603      3      2    112
  6963     1604      3      3    112
  6963     1689      3      4      3
  6964      792      3      1    112
  6965      792      3      1    112
  6966     1615      3      1    112
  6966     1689      3      2      3
  6967      942      3      1    112
  6968      942      3      1    112
  6969      942      3      1    112
  6970     1784      5      1      0
  6971     9999      0      1      0
  6972      767      3      1    112
  6973     9999      0      1      0
  6974      767      3      1    112
  6975     9999      0      1    112
  6976      224      1      1     11
  6976     1689      3      2      3
  6976     1691      3      3    112
  6977     1736      5      1      0
  6977     1697      3      2    112
  6978     9999      0      1    112
  6979     1730      5      1      0
  6980     1736      5      1      0
  6980     1697      3      2    112
  6981     9999      0      1      0
  6982      860      3      1    112
  6983     1798      5      1      0
  6983     1090      3      2    112
  6984     1733      5      1      0
  6985     1736      5      1      0
  6986     1736      5      1      0
  6986     1697      3      2    112
  6987     1736      5      1      0
  6987     1697      3      2    112
  6988     1736      5      1      0
  6988     1697      3      2    112
  6989     1736      5      1      0
  6989     1697      3      2    112
  6990     1736      5      1      0
  6990     1697      3      2    112
  6991     1736      5      1      0
  6991     1697      3      2    112
  6992     1736      5      1      0
  6992     1697      3      2    112
  6993     1736      5      1      0
  6993     1697      3      2    112
  6994     1736      5      1      0
  6994     1697      3      2    112
  6995     1736      5      1      0
  6995     1697      3      2    112
  6996     1736      5      1      0
  6996     1697      3      2    112
  6997     1775      5      1      0
  6998     1775      5      1      0
  6999     1775      5      1      0
  7000     1775      5      1      0
  7001     1784      5      1      0
  7002      767      3      1    112
  7003      767      3      1    112
  7004      767      3      1    112
  7005      767      3      1    112
  7006     1750      5      1      0
  7006     1678      3      2    112
  7007     9999      0      1      0
  7008     9999      0      1      0
  7009     9999      0      1      0
  7010     9999      0      1      0
  7011     9999      0      1      0
  7012     9999      0      1      0
  7013     9999      0      1      0
  7014     9999      0      1      0
  7015     9999      0      1      0
  7016     9999      0      1      0
  7017     9999      0      1      0
  7018     1730      5      1      0
  7019      942      3      1    112
  7020      942      3      1    112
  7021      942      3      1    112
  7022      942      3      1    112
  7023      942      3      1    112
  7024      942      3      1    112
  7025      942      3      1    112
  7026      942      3      1    112
  7027      942      3      1    112
  7028      942      3      1    112
  7029      942      3      1    112
  7030      942      3      1    112
  7031      942      3      1    112
  7032     9999      0      1      0
  7033      767      3      1    112
  7034      776      3      1    112
  7035     9999      0      1      0
  7036     1774      5      1      0
  7037     1774      5      1      0
  7038     1774      5      1      0
  7039     1774      5      1      0
  7040     1774      5      1      0
  7041     1774      5      1      0
  7042     1774      5      1      0
  7043     1774      5      1      0
  7044     1774      5      1      0
  7045     1774      5      1      0
  7046     1774      5      1      0
  7047     1774      5      1      0
  7048     1774      5      1      0
  7049     1775      5      1      0
  7050     1775      5      1      0
  7051     1775      5      1      0
  7052     1775      5      1      0
  7053     1775      5      1      0
  7054     1775      5      1      0
  7055     1775      5      1      0
  7056     1775      5      1      0
  7057     1775      5      1      0
  7058     1775      5      1      0
  7059     1775      5      1      0
  7060     1775      5      1      0
  7061     1775      5      1      0
  7062     1775      5      1      0
  7063     1775      5      1      0
  7064     1775      5      1      0
  7065     1775      5      1      0
  7066     1775      5      1      0
  7067     1777      5      1      0
  7068     1782      5      1      0
  7069     1782      5      1      0
  7070     1782      5      1      0
  7071     1782      5      1      0
  7072     1782      5      1      0
  7073     1782      5      1      0
  7074     1782      5      1      0
  7075     1782      5      1      0
  7076     1782      5      1      0
  7077     1782      5      1      0
  7078     1782      5      1      0
  7079     1782      5      1      0
  7080     1736      5      1      0
  7080     1697      3      2    112
  7081     1784      5      1      0
  7082     1784      5      1      0
  7083     1784      5      1      0
  7084     1784      5      1      0
  7085     1784      5      1      0
  7086     1784      5      1      0
  7087     1784      5      1      0
  7088     1784      5      1      0
  7089     1784      5      1      0
  7090     1784      5      1      0
  7091     1784      5      1      0
  7092     1784      5      1      0
  7093     1784      5      1      0
  7094     1775      5      1      0
  7095     1775      5      1      0
  7096     1775      5      1      0
  7097     1775      5      1      0
  7098     1775      5      1      0
  7099     1775      5      1      0
  7100     1775      5      1      0
  7101     1775      5      1      0
  7102     1783      5      1      0
  7103     1784      5      1      0
  7104     1115      3      1    112
  7104     1603      3      2    112
  7104     1604      3      3    112
  7105     1603      3      1    112
  7105     1604      3      2    112
  7105     1681      3      3    112
  7105     1682      3      4    112
  7106     1689      3      1      3
  7107     1115      3      1    112
  7107     1603      3      2    112
  7107     1604      3      3    112
  7107     1689      3      4      3
  7108     9999      0      1      0
  7109     9999      0      1      0
  7109     1775      5      2      0
  7110     1584      3      1     47
  7111     9999      0      1      0
  7112     1798      5      1      0
  7112     1090      3      2    112
  7113     1730      5      1      0
  7113     1733      5      2      0
  7114     1730      5      1      0
  7114     1733      5      2      0
  7115     1730      5      1      0
  7115     1733      5      2      0
  7116     1730      5      1      0
  7116     1733      5      2      0
  7117     1730      5      1      0
  7117     1733      5      2      0
  7118     1730      5      1      0
  7118     1733      5      2      0
  7119     1730      5      1      0
  7119     1733      5      2      0
  7120     1730      5      1      0
  7120     1733      5      2      0
  7121     1730      5      1      0
  7121     1733      5      2      0
  7122     1730      5      1      0
  7122     1733      5      2      0
  7123     1730      5      1      0
  7123     1733      5      2      0
  7124     1730      5      1      0
  7124     1733      5      2      0
  7125     1730      5      1      0
  7125     1733      5      2      0
  7126     1730      5      1      0
  7126     1733      5      2      0
  7127     1730      5      1      0
  7127     1733      5      2      0
  7128     1730      5      1      0
  7128     1733      5      2      0
  7129     1146      3      1    112
  7130     9999      0      1      0
  7131     1252      3      1    112
  7132     1749      5      1      0
  7132     1678      3      2    112
  7133     1750      5      1      0
  7133     1678      3      2    112
  7134      717      3      1    112
  7135     1252      3      1    112
  7136      717      3      1    112
  7136     1252      3      2    112
  7137     9999      0      1      0
  7138     1798      5      1      0
  7138     1090      3      2    112
  7139     1299      3      1    112
  7140     1736      5      1      0
  7140     1697      3      2    112
  7141     1775      5      1      0
  7142     1784      5      1      0
  7143     9999      0      1      0
  7144     1798      5      1      0
  7144     1090      3      2    112
  7145     1798      5      1      0
  7145     1090      3      2    112
  7146     1603      3      1    112
  7146     1689      3      2      3
  7147     1115      3      1    112
  7147     1603      3      2    112
  7147     1604      3      3    112
  7147     1689      3      4      3
  7148     9999      0      1      0
  7149     9999      0      1      0
  7150     1774      5      1      0
  7151     1783      5      1      0
  7152     1798      5      1      0
  7152     1090      3      2    112
  7153     1115      3      1    112
  7153     1603      3      2    112
  7153     1604      3      3    112
  7153     1689      3      4      3
  7154     1775      5      1      0
  7155     1784      5      1      0
  7156     1798      5      1      0
  7156     1090      3      2    112
  7157     9999      0      1      0
  7158      860      3      1    112
  7159      860      3      1    112
  7160      860      3      1    112
  7161      860      3      1    112
  7162      860      3      1    112
  7163      860      3      1    112
  7164      860      3      1    112
  7165      860      3      1    112
  7166     1798      5      1      0
  7166     1090      3      2    112
  7167     1795      5      1      0
  7167     1520      3      2    112
  7167     1521      3      3    112
  7168     1795      5      1      0
  7168     1520      3      2    112
  7168     1521      3      3    112
  7169     1795      5      1      0
  7169     1520      3      2    112
  7169     1521      3      3    112
  7170     1795      5      1      0
  7170     1520      3      2    112
  7170     1521      3      3    112
  7171     1795      5      1      0
  7171     1520      3      2    112
  7171     1521      3      3    112
  7172     1795      5      1      0
  7172     1520      3      2    112
  7172     1521      3      3    112
  7173     1795      5      1      0
  7173     1520      3      2    112
  7173     1521      3      3    112
  7174     1795      5      1      0
  7174     1520      3      2    112
  7174     1521      3      3    112
  7175      767      3      1    112
  7176     9999      0      1      0
  7177     1798      5      1      0
  7177     1090      3      2    112
  7178      831      3      1     80
  7179     9999      0      1      0
  7180      767      3      1    112
  7181     9999      0      1      0
  7182     1775      5      1      0
  7183     1730      5      1      0
  7184     1740      5      1      0
  7185     1730      5      1      0
  7185     1740      5      2      0
  7186     1798      5      1      0
  7186     1090      3      2    112
  7187     9999      0      1      0
  7188     1077      3      1     47
  7189     1584      3      1     47
  7190     1798      5      1      0
  7190     1090      3      2    112
  7191     1733      5      1      0
  7192     1733      5      1      0
  7193     1733      5      1      0
  7194     1733      5      1      0
  7195     1733      5      1      0
  7196     1733      5      1      0
  7197     1733      5      1      0
  7198     1733      5      1      0
  7199     1733      5      1      0
  7200     1733      5      1      0
  7201     1733      5      1      0
  7202     1733      5      1      0
  7203     1733      5      1      0
  7204     1733      5      1      0
  7205     1733      5      1      0
  7206     1733      5      1      0
  7207      792      3      1    112
  7208     9999      0      1    112
  7209     1798      5      1      0
  7209     1090      3      2    112
  7210     1733      5      1      0
  7211     9999      0      1    112
  7212     9999      0      1    112
  7213     9999      0      1      0
  7214     1736      5      1      0
  7214     1697      3      2    112
  7215     1736      5      1      0
  7215     1697      3      2    112
  7216     1736      5      1      0
  7216     1697      3      2    112
  7217     1736      5      1      0
  7217     1697      3      2    112
  7218     1736      5      1      0
  7218     1697      3      2    112
  7219     1736      5      1      0
  7219     1697      3      2    112
  7220     1736      5      1      0
  7220     1697      3      2    112
  7221     1736      5      1      0
  7221     1697      3      2    112
  7222     1736      5      1      0
  7222     1697      3      2    112
  7223     1736      5      1      0
  7223     1697      3      2    112
  7224     1736      5      1      0
  7224     1697      3      2    112
  7225     1736      5      1      0
  7225     1697      3      2    112
  7226     1736      5      1      0
  7226     1697      3      2    112
  7227     1736      5      1      0
  7227     1697      3      2    112
  7228     1584      3      1     47
  7229     1584      3      1     47
  7229     1585      3      2     80
  7230     1029      3      1     80
  7230     1584      3      2     47
  7231     1584      3      1     47
  7232     1584      3      1     47
  7233     1584      3      1     47
  7234     1584      3      1     47
  7235     1584      3      1     47
  7235     1585      3      2     80
  7236     1077      3      1     47
  7237     1584      3      1     47
  7238     1029      3      1     80
  7238     1077      3      2     47
  7238     1584      3      3     47
  7239     1029      3      1     80
  7239     1077      3      2     47
  7239     1584      3      3     47
  7240     1775      5      1      0
  7241     1736      5      1      0
  7242     1775      5      1      0
  7243     1798      5      1      0
  7243     1090      3      2    112
  7244     1798      5      1      0
  7245     1798      5      1      0
  7245     1090      3      2    112
  7246     1798      5      1      0
  7246     1090      3      2    112
  7247     1798      5      1      0
  7247     1090      3      2    112
  7248     1798      5      1      0
  7248     1090      3      2    112
  7249     1798      5      1      0
  7249     1090      3      2    112
  7250     1798      5      1      0
  7250     1090      3      2    112
  7251     1798      5      1      0
  7251     1090      3      2    112
  7252     1798      5      1      0
  7252     1090      3      2    112
  7253     1798      5      1      0
  7253     1090      3      2    112
  7254     1798      5      1      0
  7254     1090      3      2    112
  7255     1798      5      1      0
  7255     1090      3      2    112
  7256     1798      5      1      0
  7256     1090      3      2    112
  7257     1798      5      1      0
  7257     1090      3      2    112
  7258     1798      5      1      0
  7258     1090      3      2    112
  7259     1798      5      1      0
  7259     1090      3      2    112
  7260     1798      5      1      0
  7260     1090      3      2    112
  7261     1798      5      1      0
  7261     1090      3      2    112
  7262     1795      5      1      0
  7262     1520      3      2    112
  7262     1521      3      3    112
  7263     1738      5      1      0
  7263     1798      5      2      0
  7263     1090      3      3    112
  7264     1798      5      1      0
  7264     1090      3      2    112
  7265     1029      3      1     80
  7265     1584      3      2     47
  7266     1029      3      1     80
  7266     1584      3      2     47
  7267     1029      3      1     80
  7267     1584      3      2     47
  7268     1029      3      1     80
  7268     1584      3      2     47
  7269     1775      5      1      0
  7270      942      3      1    112
  7271      942      3      1    112
  7272     1737      5      1      0
  7273     1738      5      1      0
  7274     1733      5      1      0
  7274     1738      5      2      0
  7275     9999      0      1      0
  7276     1733      5      1      0
  7276     1739      5      2      0
  7277     1740      5      1      0
  7278     1730      5      1      0
  7278     1740      5      2      0
  7279     1730      5      1      0
  7279     1740      5      2      0
  7280     1730      5      1      0
  7280     1740      5      2      0
  7281     1730      5      1      0
  7281     1740      5      2      0
  7282     1730      5      1      0
  7282     1740      5      2      0
  7283     1730      5      1      0
  7283     1740      5      2      0
  7284     1730      5      1      0
  7284     1740      5      2      0
  7285     1730      5      1      0
  7285     1740      5      2      0
  7286     1730      5      1      0
  7286     1740      5      2      0
  7287     1730      5      1      0
  7287     1740      5      2      0
  7288     1730      5      1      0
  7288     1740      5      2      0
  7289     1730      5      1      0
  7289     1740      5      2      0
  7290     1730      5      1      0
  7290     1740      5      2      0
  7291     1733      5      1      0
  7291     1740      5      2      0
  7292     1795      5      1      0
  7292     1520      3      2    112
  7292     1521      3      3    112
  7293      831      3      1     80
  7294     9999      0      1      0
  7295      942      3      1    112
  7296     1784      5      1      0
  7297      942      3      1    112
  7298     1299      3      1    112
  7299     1299      3      1    112
  7300     1299      3      1    112
  7301     1299      3      1    112
  7302     1299      3      1    112
  7303     1299      3      1    112
  7304     1730      5      1      0
  7305     1730      5      1      0
  7306     1730      5      1      0
  7307     1730      5      1      0
  7308     1730      5      1      0
  7309     1730      5      1      0
  7310     1730      5      1      0
  7311     1730      5      1      0
  7312     1730      5      1      0
  7313     1730      5      1      0
  7314     1730      5      1      0
  7315     1730      5      1      0
  7316     1795      5      1      0
  7316     1520      3      2    112
  7316     1521      3      3    112
  7317     1798      5      1      0
  7317     1090      3      2    112
  7318     1795      5      1      0
  7318     1520      3      2    112
  7318     1521      3      3    112
  7319     1795      5      1      0
  7319     1520      3      2    112
  7319     1521      3      3    112
  7320     1784      5      1      0
  7321     1775      5      1      0
  7322     1784      5      1      0
  7323     1733      5      1      0
  7323     1798      5      2      0
  7323     1090      3      3    112
  7324     9999      0      1      0
  7325     9999      0      1      0
  7326     9999      0      1      0
  7327     9999      0      1      0
  7328     9999      0      1      0
  7329     9999      0      1      0
  7330     9999      0      1      0
  7331     9999      0      1      0
  7332     9999      0      1      0
  7333     9999      0      1      0
  7334     9999      0      1      0
  7335     9999      0      1      0
  7336     9999      0      1      0
  7337     9999      0      1      0
  7338     9999      0      1      0
  7339     9999      0      1      0
  7340     9999      0      1      0
  7341     9999      0      1      0
  7342     9999      0      1      0
  7343     9999      0      1      0
  7344     9999      0      1      0
  7345     9999      0      1      0
  7346     9999      0      1      0
  7347     9999      0      1      0
  7348     9999      0      1      0
  7349     9999      0      1      0
  7350     9999      0      1      0
  7351     9999      0      1      0
  7352     9999      0      1      0
  7353     9999      0      1      0
  7354     9999      0      1      0
  7355     9999      0      1      0
  7356     9999      0      1      0
  7357     9999      0      1      0
  7358     9999      0      1      0
  7359     9999      0      1      0
  7360     9999      0      1      0
  7361     9999      0      1      0
  7362     9999      0      1      0
  7363     9999      0      1      0
  7364     9999      0      1      0
  7365     9999      0      1      0
  7366     9999      0      1      0
  7367     9999      0      1      0
  7368     9999      0      1      0
  7369     9999      0      1      0
  7370     9999      0      1      0
  7371     9999      0      1      0
  7372      806      3      1    113
  7373      812      3      1    113
  7374     9999      0      1      0
  7375     9999      0      1      0
  7376     9999      0      1      0
  7377     9999      0      1      0
  7378     9999      0      1      0
  7379     9999      0      1      0
  7380     9999      0      1      0
  7381     9999      0      1      0
  7382     9999      0      1      0
  7383     9999      0      1      0
  7384      816      3      1    113
  7385     9999      0      1    113
  7386     9999      0      1      0
  7387     9999      0      1      0
  7388     9999      0      1      0
  7389     9999      0      1      0
  7390     9999      0      1      0
  7391     9999      0      1      0
  7392       91      1      1    113
  7393      103      1      1    113
  7394      711      3      1    113
  7395      103      1      1    113
  7396     9999      0      1      0
  7397      711      3      1    113
  7398     9999      0      1      0
  7399     9999      0      1      0
  7400      806      3      1    113
  7401      812      3      1    113
  7402     9999      0      1      0
  7403     9999      0      1      0
  7404     9999      0      1      0
  7405     9999      0      1      0
  7406     9999      0      1      0
  7407     9999      0      1      0
  7408      737      3      1    113
  7409     1341      3      1    113
  7410     9999      0      1      0
  7411     9999      0      1      0
  7412     9999      0      1      0
  7413     9999      0      1      0
  7414     9999      0      1      0
  7415     9999      0      1      0
  7416     9999      0      1      0
  7417     9999      0      1      0
  7418     9999      0      1      0
  7419     9999      0      1      0
  7420     9999      0      1      0
  7421     9999      0      1      0
  7422     9999      0      1      0
  7423     9999      0      1      0
  7424     9999      0      1    114
  7425     9999      0      1      0
  7426     9999      0      1      0
  7427     9999      0      1      0
  7428     9999      0      1      0
  7429     9999      0      1      0
  7430     9999      0      1      0
  7431     9999      0      1      0
  7432     9999      0      1      0
  7433     9999      0      1      0
  7434     9999      0      1      0
  7435     9999      0      1      0
  7436     9999      0      1      0
  7437     9999      0      1      0
  7438     9999      0      1      0
  7439     9999      0      1      0
  7440     9999      0      1      0
  7441     9999      0      1      0
  7442     9999      0      1      0
  7443     9999      0      1      0
  7444     9999      0      1      0
  7445     9999      0      1      0
  7446     9999      0      1      0
  7447     9999      0      1      0
  7448     9999      0      1      0
  7449     9999      0      1      0
  7450     9999      0      1      0
  7451     9999      0      1      0
  7452     9999      0      1      0
  7453      462      1      1    115
  7453     1363      3      2    115
  7454     9999      0      1      0
  7455     9999      0      1      0
  7456     9999      0      1      0
  7457     9999      0      1      0
  7458     9999      0      1      0
  7459     9999      0      1      0
  7460     1129      3      1     48
  7461      461      1      1    115
  7462      461      1      1    115
  7462     1363      3      2    115
  7463      462      1      1    115
  7463     1363      3      2    115
  7464     9999      0      1      0
  7465      463      1      1    115
  7465     1401      3      2    115
  7466      464      1      1    115
  7466     1401      3      2    115
  7467     9999      0      1      0
  7468      329      1      1    115
  7469      372      1      1    115
  7470      463      1      1    115
  7471     9999      0      1      0
  7472     9999      0      1      0
  7473     9999      0      1      0
  7474     1195      3      1     41
  7475     1195      3      1     41
  7476     9999      0      1      0
  7477     1363      3      1    115
  7478      329      1      1    115
  7479      372      1      1    115
  7480     9999      0      1      0
  7481     1401      3      1    115
  7482      328      1      1    115
  7483      329      1      1    115
  7484      633      3      1    115
  7485      638      3      1    115
  7486      653      3      1    115
  7487     1280      3      1     41
  7488     1280      3      1     41
  7489     1280      3      1     41
  7490     1280      3      1     41
  7491      701      3      1    115
  7492      229      1      1    115
  7492     1489      3      2    115
  7493     1363      3      1    115
  7494     1366      3      1    115
  7495      633      3      1    115
  7496     1401      3      1    115
  7497     1363      3      1    115
  7498      461      1      1    115
  7498     1363      3      2    115
  7499     9999      0      1      0
  7500     9999      0      1      0
  7501      915      3      1    115
  7502     9999      0      1      0
  7503     9999      0      1      0
  7504     1489      3      1    115
  7505     9999      0      1      0
  7506     1195      3      1     41
  7507     9999      0      1      0
  7508      859      3      1    115
  7509      327      1      1    115
  7510      328      1      1    115
  7511      329      1      1    115
  7512     9999      0      1      0
  7513     1280      3      1     41
  7514     9999      0      1      0
  7515     1280      3      1     41
  7516     1489      3      1    115
  7517     1613      3      1     48
  7518      229      1      1    115
  7518     1489      3      2    115
  7519      372      1      1    115
  7520      915      3      1    115
  7521     1613      3      1     48
  7522      463      1      1    115
  7523      966      3      1    115
  7524     9999      0      1      0
  7525      329      1      1    115
  7526      372      1      1    115
  7527     9999      0      1      0
  7528      638      3      1    115
  7529     1366      3      1    115
  7530      372      1      1    115
  7531     9999      0      1      0
  7532     1366      3      1    115
  7533      329      1      1    115
  7534      638      3      1    115
  7535      966      3      1    115
  7536     1366      3      1    115
  7537     1489      3      1    115
  7538     9999      0      1      0
  7539     9999      0      1      0
  7540     9999      0      1      0
  7541     9999      0      1      0
  7542     9999      0      1      0
  7543     9999      0      1      0
  7544     9999      0      1      0
  7545     9999      0      1      0
  7546     9999      0      1      0
  7547     9999      0      1      0
  7548     9999      0      1      0
  7549     9999      0      1      0
  7550     9999      0      1      0
  7551     9999      0      1      0
  7552     9999      0      1      0
  7553     9999      0      1    116
  7554     9999      0      1    116
  7555     9999      0      1      0
  7556     9999      0      1      0
  7557     9999      0      1      0
  7558     9999      0      1      0
  7559     9999      0      1    116
  7560      408      1      1    116
  7561      408      1      1    116
  7562      408      1      1    116
  7563      408      1      1    116
  7564     9999      0      1      0
  7565     9999      0      1      0
  7566     9999      0      1    116
  7567     9999      0      1      0
  7568     9999      0      1    116
  7569     9999      0      1    116
  7570     9999      0      1      0
  7571     9999      0      1      0
  7572     9999      0      1      0
  7573     9999      0      1      0
  7574     9999      0      1      0
  7575      217      1      1    118
  7575     1474      3      2    118
  7576     9999      0      1      0
  7577     9999      0      1      0
  7578     9999      0      1      0
  7579     9999      0      1      0
  7580     9999      0      1      0
  7581     9999      0      1      0
  7582     9999      0      1      0
  7583     9999      0      1      0
  7584     9999      0      1      0
  7585      243      1      1    118
  7586      244      1      1    118
  7587      245      1      1    118
  7588      246      1      1    118
  7589      241      1      1    118
  7590     9999      0      1      0
  7591     9999      0      1      0
  7592     9999      0      1      0
  7593     9999      0      1      0
  7594     9999      0      1      0
  7595     9999      0      1      0
  7596     9999      0      1      0
  7597     9999      0      1      0
  7598     9999      0      1      0
  7599      260      1      1    118
  7600      261      1      1    118
  7601     1343      3      1    118
  7602     9999      0      1      0
  7603     9999      0      1      0
  7604     9999      0      1      0
  7605     9999      0      1      0
  7606     9999      0      1      0
  7607     9999      0      1      0
  7608     9999      0      1      0
  7609     9999      0      1      0
  7610     9999      0      1      0
  7611     9999      0      1      0
  7612     9999      0      1      0
  7613     9999      0      1      0
  7614     9999      0      1      0
  7615     9999      0      1      0
  7616     9999      0      1      0
  7617     9999      0      1      0
  7618     9999      0      1      0
  7619     9999      0      1      0
  7620     9999      0      1      0
  7621     9999      0      1      0
  7622     9999      0      1      0
  7623      783      3      1    118
  7624      784      3      1    118
  7625      501      1      1    118
  7626      240      1      1    118
  7627     9999      0      1      0
  7628     9999      0      1      0
  7629     9999      0      1      0
  7630     9999      0      1      0
  7631     9999      0      1      0
  7632     9999      0      1      0
  7633     9999      0      1      0
  7634     9999      0      1      0
  7635      221      1      1    118
  7636      815      3      1    118
  7637     9999      0      1      0
  7638       85      1      1    118
  7639     1458      3      1    118
  7640      194      1      1    118
  7641     9999      0      1      0
  7642     9999      0      1      0
  7643     9999      0      1      0
  7644     9999      0      1      0
  7645     9999      0      1      0
  7646     9999      0      1      0
  7647     9999      0      1      0
  7648      202      1      1    118
  7649      237      1      1    118
  7650       94      1      1    118
  7651       94      1      1    118
  7651     1343      3      2    118
  7652       94      1      1    118
  7652     1458      3      2    118
  7653      501      1      1    118
  7654      719      3      1    118
  7655     9999      0      1      0
  7656      784      3      1    118
  7657        2      1      1    118
  7658     9999      0      1      0
  7659     9999      0      1      0
  7660        2      1      1    118
  7661      718      3      1    118
  7662      719      3      1    118
  7663      222      1      1    118
  7664     9999      0      1      0
  7665     9999      0      1      0
  7666      784      3      1    118
  7667     9999      0      1      0
  7668     9999      0      1      0
  7669     9999      0      1      0
  7670     9999      0      1      0
  7671     9999      0      1      0
  7672     9999      0      1      0
  7673      236      1      1    118
  7674      220      1      1    118
  7675     1341      3      1    113
  7676      239      1      1    118
  7677     9999      0      1      0
  7678     9999      0      1      0
  7679     9999      0      1      0
  7680     9999      0      1      0
  7681     9999      0      1      0
  7682     9999      0      1      0
  7683      435      1      1    119
  7684      436      1      1    119
  7685      437      1      1    119
  7686      561      1      1    119
  7686     1156      3      2    119
  7687      702      3      1    119
  7688     9999      0      1      0
  7689     9999      0      1      0
  7690     9999      0      1      0
  7691     9999      0      1      0
  7692     9999      0      1      0
  7693     9999      0      1      0
  7694     9999      0      1      0
  7695     1156      3      1    119
  7696      853      3      1    119
  7697      601      1      1    119
  7698      601      1      1    119
  7698      959      3      2    119
  7698     1117      3      3    119
  7698     1118      3      4    119
  7699      601      1      1    119
  7699      959      3      2    119
  7699     1156      3      3    119
  7700      601      1      1    119
  7700      959      3      2    119
  7700     1117      3      3    119
  7700     1118      3      4    119
  7700     1156      3      5    119
  7701     9999      0      1      0
  7702     9999      0      1      0
  7703     9999      0      1      0
  7704     1037      3      1    104
  7705     9999      0      1      0
  7706     9999      0      1      0
  7707     9999      0      1      0
  7708     9999      0      1      0
  7709     9999      0      1      0
  7710       54      1      1    115
  7711       54      1      1    115
  7711     1071      3      2    119
  7712      852      3      1    104
  7713      853      3      1    119
  7714     1037      3      1    104
  7715     1321      3      1    119
  7716     9999      0      1      0
  7717      853      3      1    119
  7718     9999      0      1      0
  7719     9999      0      1      0
  7720     9999      0      1      0
  7721     9999      0      1      0
  7722     9999      0      1      0
  7723     9999      0      1      0
  7724     9999      0      1      0
  7725     9999      0      1      0
  7726     9999      0      1      0
  7727     9999      0      1      0
  7728     9999      0      1      0
  7729     9999      0      1      0
  7730     9999      0      1      0
  7731     9999      0      1      0
  7732     9999      0      1      0
  7733     9999      0      1      0
  7734     9999      0      1      0
  7735     9999      0      1      0
  7736     1037      3      1    104
  7737     1566      3      1    104
  7738      300      1      1    119
  7739      300      1      1    119
  7739     1566      3      2    104
  7740      401      1      1    119
  7741      401      1      1    119
  7741     1566      3      2    104
  7742      852      3      1    104
  7743      852      3      1    104
  7744     9999      0      1      0
  7745       89      1      1    115
  7746       89      1      1    115
  7746     1071      3      2    119
  7747       89      1      1    115
  7747     1071      3      2    119
  7747     1482      3      3    119
  7748       90      1      1    115
  7749       90      1      1    115
  7749     1482      3      2    119
  7750     1156      3      1    119
  7751      959      3      1    119
  7751     1156      3      2    119
  7752      959      3      1    119
  7752     1117      3      2    119
  7752     1118      3      3    119
  7752     1156      3      4    119
  7753     1160      3      1    104
  7754     1160      3      1    104
  7755     1160      3      1    104
  7756     1160      3      1    104
  7757     1160      3      1    104
  7758     1160      3      1    104
  7759     1117      3      1    119
  7759     1118      3      2    119
  7759     1160      3      3    104
  7760     9999      0      1      0
  7761     9999      0      1      0
  7762     1195      3      1     41
  7763     9999      0      1      0
  7764      955      3      1     41
  7765     9999      0      1      0
  7766     9999      0      1      0
  7767     9999      0      1      0
  7768      852      3      1    104
  7769      853      3      1    119
  7770      226      1      1    119
  7770     1482      3      2    119
  7771     1195      3      1     41
  7772     9999      0      1      0
  7773      853      3      1    119
  7774     9999      0      1      0
  7775     9999      0      1      0
  7776     9999      0      1      0
  7777      226      1      1    119
  7777     1482      3      2    119
  7778     1071      3      1    119
  7779     1071      3      1    119
  7780      561      1      1    119
  7780     1156      3      2    119
  7781      435      1      1    119
  7781      437      1      2    119
  7782      702      3      1    119
  7783      703      3      1    119
  7784      401      1      1    119
  7784      702      3      2    119
  7785     1321      3      1    119
  7786      226      1      1    119
  7787      226      1      1    119
  7787     1482      3      2    119
  7788      226      1      1    119
  7788     1536      3      2    119
  7789      733      3      1    119
  7790      247      1      1    119
  7790     1482      3      2    119
  7791      247      1      1    119
  7791     1536      3      2    119
  7792      251      1      1    119
  7793      252      1      1    119
  7794      253      1      1    119
  7794     1536      3      2    119
  7795      254      1      1    119
  7795     1536      3      2    119
  7796      800      3      1    119
  7797     9999      0      1      0
  7798     9999      0      1      0
  7799     9999      0      1    119
  7800      300      1      1    119
  7801     9999      0      1      0
  7802      703      3      1    119
  7803     1566      3      1    104
  7804     1482      3      1    119
  7805     1071      3      1    119
  7805     1482      3      2    119
  7806     9999      0      1      0
  7807     1195      3      1     41
  7808     9999      0      1      0
  7809     1195      3      1     41
  7810       90      1      1    115
  7811     9999      0      1      0
  7812     1195      3      1     41
  7813     9999      0      1      0
  7814     9999      0      1      0
  7815     9999      0      1      0
  7816     1195      3      1     41
  7817     9999      0      1      0
  7818     1195      3      1     41
  7819     1195      3      1     41
  7820     9999      0      1      0
  7821     1195      3      1     41
  7822     9999      0      1      0
  7823     1195      3      1     41
  7824     1117      3      1    119
  7824     1118      3      2    119
  7825      959      3      1    119
  7825     1117      3      2    119
  7825     1118      3      3    119
  7826     9999      0      1      0
  7827      226      1      1    119
  7827     1536      3      2    119
  7828     9999      0      1      0
  7829     1071      3      1    119
  7830     1482      3      1    119
  7831     1536      3      1    119
  7832       90      1      1    115
  7833      226      1      1    119
  7834      247      1      1    119
  7835      251      1      1    119
  7836      252      1      1    119
  7837      254      1      1    119
  7837     1536      3      2    119
  7838     9999      0      1      0
  7839      226      1      1    119
  7840      247      1      1    119
  7840     1536      3      2    119
  7841      437      1      1    119
  7842      254      1      1    119
  7842      437      1      2    119
  7842     1536      3      3    119
  7843     9999      0      1      0
  7844      254      1      1    119
  7844     1536      3      2    119
  7845     9999      0      1      0
  7846       54      1      1    115
  7847       89      1      1    115
  7848     9999      0      1      0
  7849     1156      3      1    119
  7850      559      1      1    119
  7851      561      1      1    119
  7852      561      1      1    119
  7852      959      3      2    119
  7852     1117      3      3    119
  7852     1118      3      4    119
  7853     1613      3      1     48
  7854     9999      0      1      0
  7855      702      3      1    119
  7856      703      3      1    119
  7857     1156      3      1    119
  7858      401      1      1    119
  7858      702      3      2    119
  7859      561      1      1    119
  7860      959      3      1    119
  7860     1117      3      2    119
  7860     1118      3      3    119
  7861      601      1      1    119
  7861      959      3      2    119
  7861     1117      3      3    119
  7861     1118      3      4    119
  7862      853      3      1    119
  7863      955      3      1     41
  7864      959      3      1    119
  7865      401      1      1    119
  7866      401      1      1    119
  7866      702      3      2    119
  7867      401      1      1    119
  7867     1566      3      2    104
  7868      402      1      1    119
  7869      402      1      1    119
  7869      702      3      2    119
  7870      402      1      1    119
  7870      959      3      2    119
  7871      402      1      1    119
  7871      702      3      2    119
  7871      959      3      3    119
  7872      402      1      1    119
  7872      959      3      2    119
  7872     1160      3      3    104
  7873      999      3      1    119
  7874      959      3      1    119
  7874     1117      3      2    119
  7874     1118      3      3    119
  7874     1160      3      4    104
  7875     9999      0      1      0
  7876     9999      0      1      0
  7877     9999      0      1      0
  7878     9999      0      1      0
  7879     9999      0      1      0
  7880       60      1      1    116
  7881      408      1      1    116
  7882      408      1      1    116
  7883      408      1      1    116
  7884      408      1      1    116
  7885      408      1      1    116
  7886       60      1      1    116
  7886      408      1      2    116
  7887     9999      0      1      0
  7888     9999      0      1    121
  7889     9999      0      1      0
  7890     1192      3      1    121
  7890     1193      3      2    121
  7891     9999      0      1    121
  7892     9999      0      1      0
  7893     9999      0      1      0
  7894     9999      0      1      0
  7895     9999      0      1      0
  7896     9999      0      1      0
  7897     9999      0      1      0
  7898     9999      0      1      0
  7899     9999      0      1      0
  7900     9999      0      1      0
  7901     9999      0      1      0
  7902     9999      0      1      0
  7903     9999      0      1    121
  7904     9999      0      1      0
  7905     9999      0      1      0
  7906     9999      0      1      0
  7907     1192      3      1    121
  7907     1193      3      2    121
  7908     9999      0      1      0
  7909     9999      0      1      0
  7910     9999      0      1      0
  7911     9999      0      1      0
  7912     9999      0      1      0
  7913     9999      0      1      0
  7914     9999      0      1      0
  7915     9999      0      1      0
  7916     9999      0      1      0
  7917      566      1      1    121
  7918      566      1      1    121
  7918     1192      3      2    121
  7918     1193      3      3    121
  7919     1192      3      1    121
  7919     1193      3      2    121
  7920     1192      3      1    121
  7920     1193      3      2    121
  7921     9999      0      1    121
  7922     1192      3      1    121
  7922     1193      3      2    121
  7923      408      1      1    116
  7924     9999      0      1    121
  7925      408      1      1    116
  7926     1192      3      1    121
  7926     1193      3      2    121
  7927     9999      0      1    121
  7928     9999      0      1    121
  7929      408      1      1    116
  7930      408      1      1    116
  7931      408      1      1    116
  7932      408      1      1    116
  7933      408      1      1    116
  7934       60      1      1    116
  7934      408      1      2    116
  7935     1034      3      1    122
  7936     9999      0      1      0
  7937     9999      0      1      0
  7938     9999      0      1      0
  7939     9999      0      1      0
  7940     9999      0      1      0
  7941     9999      0      1      0
  7942     9999      0      1      0
  7943     9999      0      1      0
  7944     9999      0      1      0
  7945     9999      0      1      0
  7946     9999      0      1      0
  7947     9999      0      1      0
  7948     9999      0      1      0
  7949     9999      0      1      0
  7950     9999      0      1      0
  7951     9999      0      1      0
  7952     9999      0      1      0
  7953     9999      0      1      0
  7954     9999      0      1      0
  7955     9999      0      1      0
  7956     1788      5      1      0
  7957     1788      5      1      0
  7958     1788      5      1      0
  7959     9999      0      1      0
  7960     9999      0      1      0
  7961     1614      3      1    122
  7962     1614      3      1    122
  7963     9999      0      1      0
  7964     9999      0      1      0
  7965     9999      0      1      0
  7966     9999      0      1      0
  7967     9999      0      1      0
  7968     9999      0      1      0
  7969     9999      0      1      0
  7970     9999      0      1      0
  7971     9999      0      1      0
  7972     9999      0      1      0
  7973     9999      0      1      0
  7974     1300      3      1    122
  7975     9999      0      1      0
  7976     9999      0      1      0
  7977      622      1      1     87
  7978      623      1      1     87
  7979      624      1      1     87
  7980      528      1      1     87
  7981     1300      3      1    122
  7982     1788      5      1      0
  7982     1614      3      2    122
  7983     1753      5      1      0
  7983     1788      5      2      0
  7983     1614      3      3    122
  7984     1753      5      1      0
  7984     1788      5      2      0
  7984     1614      3      3    122
  7985     1753      5      1      0
  7985     1788      5      2      0
  7985     1614      3      3    122
  7986     1753      5      1      0
  7986     1788      5      2      0
  7986     1614      3      3    122
  7987     1753      5      1      0
  7987     1788      5      2      0
  7987     1614      3      3    122
  7988     1753      5      1      0
  7988     1788      5      2      0
  7988     1614      3      3    122
  7989     1753      5      1      0
  7989     1788      5      2      0
  7989     1614      3      3    122
  7990      868      3      1    122
  7991     1753      5      1      0
  7991     1788      5      2      0
  7991     1614      3      3    122
  7992     9999      0      1      0
  7993     1545      3      1    122
  7994      529      1      1     87
  7995      530      1      1     87
  7996     1034      3      1    122
  7997     9999      0      1      0
  7998     9999      0      1      0
  7999     9999      0      1      0
  8000     9999      0      1      0
  8001     9999      0      1      0
  8002     9999      0      1      0
  8003     9999      0      1      0
  8004     9999      0      1      0
  8005     9999      0      1      0
  8006     9999      0      1      0
  8007     9999      0      1      0
  8008     9999      0      1      0
  8009     9999      0      1      0
  8010     9999      0      1      0
  8011     9999      0      1      0
  8012     9999      0      1      0
  8013     9999      0      1      0
  8014     9999      0      1      0
  8015     9999      0      1      0
  8016     9999      0      1      0
  8017     9999      0      1      0
  8018     9999      0      1      0
  8019     9999      0      1      0
  8020     9999      0      1      0
  8021     9999      0      1      0
  8022     9999      0      1      0
  8023     9999      0      1      0
  8024     9999      0      1      0
  8025     9999      0      1      0
  8026     9999      0      1      0
  8027     9999      0      1      0
  8028     9999      0      1      0
  8029     9999      0      1      0
  8030     9999      0      1      0
  8031     9999      0      1      0
  8032     9999      0      1      0
  8033     9999      0      1      0
  8034     9999      0      1      0
  8035     9999      0      1      0
  8036     9999      0      1      0
  8037     9999      0      1      0
  8038     9999      0      1      0
  8039     9999      0      1      0
  8040     1105      3      1    123
  8041     9999      0      1      0
  8042     9999      0      1      0
  8043     9999      0      1      0
  8044     9999      0      1      0
  8045     9999      0      1      0
  8046     9999      0      1      0
  8047     9999      0      1      0
  8048     9999      0      1      0
  8049     9999      0      1      0
  8050     9999      0      1      0
  8051     9999      0      1      0
  8052     9999      0      1      0
  8053     9999      0      1      0
  8054     9999      0      1      0
  8055     9999      0      1      0
  8056     9999      0      1      0
  8057     9999      0      1      0
  8058     9999      0      1      0
  8059     9999      0      1      0
  8060     9999      0      1      0
  8061     9999      0      1      0
  8062     9999      0      1      0
  8063     1153      3      1    123
  8064      100      1      1    123
  8065     1159      3      1    123
  8066     1184      3      1    123
  8067     9999      0      1      0
  8068     9999      0      1      0
  8069     9999      0      1      0
  8070     9999      0      1      0
  8071     9999      0      1      0
  8072     9999      0      1      0
  8073     9999      0      1      0
  8074      130      1      1    144
  8074     1105      3      2    123
  8075      918      3      1    123
  8076      143      1      1    143
  8077      143      1      1    143
  8077     1105      3      2    123
  8078     9999      0      1      0
  8079     1184      3      1    123
  8080     1246      3      1    123
  8081     1273      3      1    123
  8082     9999      0      1      0
  8083     1268      3      1    123
  8084     9999      0      1      0
  8085     1273      3      1    123
  8086     9999      0      1      0
  8087     1352      3      1    123
  8088     9999      0      1      0
  8089     1555      3      1    123
  8090     1277      3      1    123
  8091     9999      0      1      0
  8092     1555      3      1    123
  8093     1555      3      1    123
  8094     1285      3      1    123
  8095      130      1      1    144
  8096      700      3      1    123
  8097     1715      3      1    123
  8098     1716      3      1    123
  8098     1717      3      2    123
  8099     1718      3      1    123
  8100     9999      0      1      0
  8101     9999      0      1      0
  8102      724      3      1    123
  8103     9999      0      1      0
  8104     1336      3      1    123
  8105      143      1      1    143
  8105      234      1      2    142
  8106     1352      3      1    123
  8107     9999      0      1      0
  8108      724      3      1    123
  8109     9999      0      1    123
  8110      724      3      1    123
  8111     1105      3      1    123
  8112     1105      3      1    123
  8112     1106      3      2    123
  8112     1476      3      3    143
  8113     9999      0      1      0
  8114     1300      3      1    122
  8115      475      2      1    122
  8116      798      3      1    123
  8117     1432      3      1    146
  8118      822      3      1    123
  8119     1476      3      1    143
  8120     1105      3      1    123
  8120     1106      3      2    123
  8120     1476      3      3    143
  8121     1105      3      1    123
  8121     1106      3      2    123
  8121     1476      3      3    143
  8122     1508      3      1    123
  8123      525      1      1    123
  8124      531      1      1    123
  8125     1553      3      1    123
  8126     1553      3      1    123
  8126     1554      3      2    123
  8127     1555      3      1    123
  8128      918      3      1    123
  8129      556      1      1    123
  8130      556      1      1    123
  8130      557      1      2    123
  8131      517      1      1    146
  8131      556      1      2    123
  8131      557      1      3    123
  8132      234      1      1    142
  8133     1712      3      1    123
  8134     1715      3      1    123
  8135     1716      3      1    123
  8135     1717      3      2    123
  8136     1718      3      1    123
  8137     1719      3      1    123
  8138     1716      3      1    123
  8138     1717      3      2    123
  8138     1719      3      3    123
  8139     1021      3      1    123
  8140     1037      3      1    104
  8141      441      1      1    124
  8142      441      1      1    124
  8142     1488      3      2    124
  8143      441      1      1    124
  8143      442      1      2    124
  8144      441      1      1    124
  8144      442      1      2    124
  8144      443      1      3    124
  8145     9999      0      1      0
  8146     9999      0      1      0
  8147     9999      0      1      0
  8148     9999      0      1      0
  8149     9999      0      1      0
  8150     9999      0      1      0
  8151     9999      0      1      0
  8152     9999      0      1      0
  8153     9999      0      1      0
  8154     9999      0      1      0
  8155     9999      0      1      0
  8156     9999      0      1      0
  8157     1304      3      1    124
  8158     9999      0      1      0
  8159     9999      0      1      0
  8160     9999      0      1      0
  8161     9999      0      1      0
  8162     9999      0      1      0
  8163     9999      0      1      0
  8164     9999      0      1      0
  8165     9999      0      1      0
  8166     9999      0      1      0
  8167     9999      0      1      0
  8168     9999      0      1      0
  8169     9999      0      1      0
  8170     9999      0      1      0
  8171     1037      3      1    104
  8172      604      1      1    136
  8172      605      1      2    136
  8172     1423      3      3    124
  8173      606      1      1    136
  8173      608      1      2    136
  8174      316      1      1    136
  8174      322      1      2    124
  8174      606      1      3    136
  8174      608      1      4    136
  8175     9999      0      1      0
  8176     9999      0      1      0
  8177     9999      0      1      0
  8178     9999      0      1      0
  8179     9999      0      1      0
  8180     9999      0      1      0
  8181     9999      0      1      0
  8182     9999      0      1      0
  8183     9999      0      1      0
  8184     9999      0      1      0
  8185     9999      0      1      0
  8186     9999      0      1      0
  8187     9999      0      1      0
  8188     1042      3      1    104
  8189      616      1      1    104
  8190      616      1      1    104
  8190     1423      3      2    124
  8191      617      1      1    136
  8192      316      1      1    136
  8192      617      1      2    136
  8192      618      1      3    136
  8192     1423      3      4    124
  8193      316      1      1    136
  8193      322      1      2    124
  8193      617      1      3    136
  8193      618      1      4    136
  8193     1423      3      5    124
  8194      323      1      1    136
  8194      617      1      2    136
  8194      618      1      3    136
  8194     1423      3      4    124
  8195      617      1      1    136
  8195      619      1      2    136
  8195     1423      3      3    124
  8196     9999      0      1      0
  8197     1147      3      1    124
  8198     9999      0      1      0
  8199     1147      3      1    124
  8200     1492      3      1    124
  8201     1499      3      1    124
  8202     1492      3      1    124
  8202     1499      3      2    124
  8203     9999      0      1      0
  8204     1488      3      1    124
  8205      107      1      1    124
  8206      107      1      1    124
  8206     1382      3      2    124
  8207      441      1      1    124
  8208      441      1      1    124
  8208      442      1      2    124
  8209      441      1      1    124
  8209      442      1      2    124
  8209      443      1      3    124
  8210     9999      0      1      0
  8211     1328      3      1    124
  8212     9999      0      1      0
  8213      695      3      1    124
  8214      107      1      1    124
  8215      107      1      1    124
  8215     1382      3      2    124
  8216     9999      0      1      0
  8217     1147      3      1    124
  8218     1499      3      1    124
  8219     9999      0      1      0
  8220      153      1      1    124
  8220     1420      3      2    124
  8221      875      3      1     40
  8222     9999      0      1      0
  8223     9999      0      1      0
  8224     1328      3      1    124
  8225     9999      0      1      0
  8226     9999      0      1      0
  8227      280      1      1    124
  8228      153      1      1    124
  8228     1420      3      2    124
  8229     1488      3      1    124
  8230      168      1      1    124
  8231      168      1      1    124
  8231     1423      3      2    124
  8232      168      1      1    124
  8232     1423      3      2    124
  8233      168      1      1    124
  8233     1423      3      2    124
  8234      168      1      1    124
  8234     1423      3      2    124
  8235     1257      3      1    124
  8236     1309      3      1    124
  8237     1591      3      1    124
  8237     1592      3      2    124
  8238     1328      3      1    124
  8239     9999      0      1      0
  8240     9999      0      1      0
  8241     9999      0      1      0
  8242     1304      3      1    124
  8243      211      1      1    124
  8244     1309      3      1    124
  8245     1328      3      1    124
  8246     1499      3      1    124
  8247      695      3      1    124
  8248     1382      3      1    124
  8249      316      1      1    136
  8249      322      1      2    124
  8249      606      1      3    136
  8249      608      1      4    136
  8249     1423      3      5    124
  8249     1424      3      6    124
  8250      280      1      1    124
  8251      282      1      1    124
  8252      282      1      1    124
  8252     1591      3      2    124
  8252     1592      3      3    124
  8253     1420      3      1    124
  8254     1423      3      1    124
  8255     9999      0      1      0
  8256     9999      0      1      0
  8257     1304      3      1    124
  8258     1328      3      1    124
  8259     9999      0      1      0
  8260     1488      3      1    124
  8261      316      1      1    136
  8262      316      1      1    136
  8262     1423      3      2    124
  8263      316      1      1    136
  8263     1492      3      2    124
  8264      316      1      1    136
  8264     1492      3      2    124
  8264     1499      3      3    124
  8265      317      1      1    124
  8266     1492      3      1    124
  8267     1492      3      1    124
  8267     1499      3      2    124
  8268      316      1      1    136
  8268      322      1      2    124
  8269      316      1      1    136
  8269      322      1      2    124
  8269     1423      3      3    124
  8270      323      1      1    136
  8271      323      1      1    136
  8271     1423      3      2    124
  8272      316      1      1    136
  8272      323      1      2    136
  8273      858      3      1    124
  8274     1423      3      1    124
  8275      616      1      1    104
  8275     1423      3      2    124
  8276      871      3      1    124
  8277      875      3      1     40
  8278     1121      3      1    124
  8279     9999      0      1      0
  8280     9999      0      1      0
  8281      280      1      1    124
  8282     9999      0      1      0
  8283      211      1      1    124
  8284     9999      0      1      0
  8285     9999      0      1      0
  8286      280      1      1    124
  8287      939      3      1    124
  8288      940      3      1    124
  8289     9999      0      1      0
  8290     9999      0      1      0
  8291     9999      0      1      0
  8292     9999      0      1      0
  8293     9999      0      1      0
  8294     9999      0      1      0
  8295     9999      0      1      0
  8296      281      1      1    124
  8297     9999      0      1      0
  8298      858      3      1    124
  8299     1488      3      1    124
  8300       41      1      1    124
  8300      858      3      2    124
  8301       41      1      1    124
  8301     1488      3      2    124
  8302      281      1      1    124
  8303     9999      0      1      0
  8304     1488      3      1    124
  8305      153      1      1    124
  8305     1420      3      2    124
  8306     9999      0      1      0
  8307      281      1      1    124
  8308      534      1      1    125
  8309      224      1      1     11
  8309      348      1      2     11
  8309      349      1      3     11
  8310     9999      0      1      0
  8311     1043      3      1    125
  8312      224      1      1     11
  8312      348      1      2     11
  8312      349      1      3     11
  8312     1689      3      4      3
  8312     1691      3      5    125
  8313     1736      5      1      0
  8313     1697      3      2    125
  8314     1736      5      1      0
  8314     1697      3      2    125
  8315     1736      5      1      0
  8315     1697      3      2    125
  8316     1736      5      1      0
  8316     1697      3      2    125
  8317     1736      5      1      0
  8317     1697      3      2    125
  8318     1736      5      1      0
  8318     1697      3      2    125
  8319     1102      3      1    125
  8319     1689      3      2      3
  8320     1102      3      1    125
  8321     1102      3      1    125
  8321     1689      3      2      3
  8322     1115      3      1    125
  8323     1123      3      1    125
  8324     1137      3      1    125
  8325     1165      3      1    125
  8326     1100      3      1    125
  8326     1165      3      2    125
  8327     1212      3      1      3
  8328     1213      3      1      3
  8329     1711      3      1    125
  8330     9999      0      1      0
  8330     1137      3      2    125
  8330     1594      3      3      3
  8331     1332      3      1    125
  8332     1689      3      1      3
  8332     1711      3      2    125
  8333     1115      3      1    125
  8333     1603      3      2    125
  8333     1604      3      3    125
  8334     1603      3      1    125
  8334     1604      3      2    125
  8334     1681      3      3    125
  8334     1682      3      4    125
  8335     1689      3      1      3
  8336     1115      3      1    125
  8336     1603      3      2    125
  8336     1604      3      3    125
  8336     1689      3      4      3
  8337     1689      3      1      3
  8338     1689      3      1      3
  8339     9999      0      1      0
  8340     9999      0      1      0
  8341     9999      0      1      0
  8342     9999      0      1      0
  8343     9999      0      1      0
  8344     1615      3      1    125
  8345     1689      3      1      3
  8346     1689      3      1      3
  8347     1681      3      1    125
  8348     9999      0      1      0
  8349     1571      3      1    143
  8350      483      1      1    125
  8351      483      1      1    125
  8351     1689      3      2      3
  8351     1691      3      3    125
  8352      483      1      1    125
  8352     1615      3      2    125
  8352     1689      3      3      3
  8353     1594      3      1      3
  8354     1332      3      1    125
  8354     1689      3      2      3
  8355     1100      3      1    125
  8355     1165      3      2    125
  8355     1332      3      3    125
  8355     1689      3      4      3
  8356     1689      3      1      3
  8356     1711      3      2    125
  8357     1603      3      1    125
  8357     1604      3      2    125
  8358     1115      3      1    125
  8358     1603      3      2    125
  8358     1604      3      3    125
  8359     9999      0      1      0
  8360     9999      0      1      0
  8360     1736      5      2      0
  8361     9999      0      1      0
  8362     1736      5      1      0
  8363     1212      3      1      3
  8363     1625      3      2      3
  8364     9999      0      1      0
  8365      534      1      1    125
  8366     1689      3      1      3
  8366     1691      3      2    125
  8367     9999      0      1      0
  8368     1736      5      1      0
  8368     1697      3      2    125
  8369     1615      3      1    125
  8369     1689      3      2      3
  8370     1115      3      1    125
  8370     1603      3      2    125
  8370     1604      3      3    125
  8370     1689      3      4      3
  8371     1115      3      1    125
  8371     1689      3      2      3
  8372     1123      3      1    125
  8372     1689      3      2      3
  8373     1689      3      1      3
  8373     1691      3      2    125
  8374     9999      0      1      0
  8375     9999      0      1      0
  8376     9999      0      1      0
  8377     9999      0      1      0
  8378     1165      3      1    125
  8378     1213      3      2      3
  8378     1689      3      3      3
  8379      535      1      1     11
  8379     1615      3      2    125
  8379     1689      3      3      3
  8380     1791      5      1      0
  8380     1792      5      2      0
  8380     1793      5      3      0
  8380     1100      3      4    125
  8381     1615      3      1    125
  8381     1689      3      2      3
  8382     1332      3      1    125
  8382     1689      3      2      3
  8383     1791      5      1      0
  8383     1792      5      2      0
  8383     1793      5      3      0
  8383     1332      3      4    125
  8383     1689      3      5      3
  8384     1689      3      1      3
  8385     1165      3      1    125
  8385     1332      3      2    125
  8385     1689      3      3      3
  8386     1100      3      1    125
  8386     1165      3      2    125
  8386     1332      3      3    125
  8386     1689      3      4      3
  8387     1736      5      1      0
  8387     1697      3      2    125
  8388     1115      3      1    125
  8388     1603      3      2    125
  8388     1604      3      3    125
  8388     1689      3      4      3
  8389     1615      3      1    125
  8389     1689      3      2      3
  8390     1615      3      1    125
  8390     1689      3      2      3
  8391     1615      3      1    125
  8391     1689      3      2      3
  8392     1615      3      1    125
  8392     1689      3      2      3
  8393     1615      3      1    125
  8393     1689      3      2      3
  8394     1615      3      1    125
  8394     1689      3      2      3
  8395     1615      3      1    125
  8395     1689      3      2      3
  8396     1615      3      1    125
  8396     1689      3      2      3
  8397     1615      3      1    125
  8397     1689      3      2      3
  8398     1615      3      1    125
  8398     1689      3      2      3
  8399     1615      3      1    125
  8399     1689      3      2      3
  8400     1689      3      1      3
  8400     1711      3      2    125
  8401     1736      5      1      0
  8401     1697      3      2    125
  8402     9999      0      1      0
  8403     1332      3      1    125
  8404     1332      3      1    125
  8404     1689      3      2      3
  8405     1697      3      1    125
  8406     9999      0      1      0
  8407     1115      3      1    125
  8407     1681      3      2    125
  8407     1683      3      3    125
  8407     1684      3      4    125
  8408     9999      0      1      0
  8409     9999      0      1      0
  8410     1791      5      1      0
  8410     1792      5      2      0
  8410     1793      5      3      0
  8411     1791      5      1      0
  8411     1792      5      2      0
  8411     1793      5      3      0
  8412     9999      0      1      0
  8413     9999      0      1      0
  8414     9999      0      1      0
  8415     9999      0      1      0
  8416     9999      0      1      0
  8417     9999      0      1      0
  8418     1594      3      1      3
  8418     1595      3      2      3
  8418     1689      3      3      3
  8419     1689      3      1      3
  8420     1791      5      1      0
  8420     1792      5      2      0
  8420     1793      5      3      0
  8420     1689      3      4      3
  8421     1689      3      1      3
  8422     1689      3      1      3
  8423      434      1      1    126
  8424     9999      0      1      0
  8425     9999      0      1      0
  8426     9999      0      1      0
  8427     9999      0      1      0
  8428     9999      0      1      0
  8429     9999      0      1      0
  8430     9999      0      1      0
  8431     9999      0      1      0
  8432     9999      0      1      0
  8433     9999      0      1      0
  8434     9999      0      1      0
  8435     9999      0      1      0
  8436     9999      0      1      0
  8437     9999      0      1      0
  8438     9999      0      1      0
  8439      602      1      1    104
  8440     9999      0      1      0
  8441     1304      3      1    136
  8442     1309      3      1    136
  8443      359      1      1    126
  8443      563      1      2    126
  8443      602      1      3    104
  8444      359      1      1    126
  8444      602      1      2    104
  8445     9999      0      1      0
  8446      104      1      1    126
  8447     9999      0      1      0
  8448      137      1      1    126
  8449     9999      0      1      0
  8450     9999      0      1      0
  8451     9999      0      1      0
  8452     9999      0      1      0
  8453     9999      0      1      0
  8454     9999      0      1      0
  8455     9999      0      1      0
  8456     9999      0      1      0
  8457     9999      0      1      0
  8458     9999      0      1      0
  8459     9999      0      1      0
  8460     9999      0      1      0
  8461     9999      0      1      0
  8462     9999      0      1      0
  8463     9999      0      1      0
  8464     9999      0      1      0
  8465     9999      0      1      0
  8466     9999      0      1      0
  8467     9999      0      1      0
  8468     9999      0      1      0
  8469     9999      0      1      0
  8470     9999      0      1      0
  8471     9999      0      1      0
  8472     9999      0      1      0
  8473     9999      0      1      0
  8474     9999      0      1      0
  8475     9999      0      1      0
  8476     9999      0      1      0
  8477     9999      0      1      0
  8478     9999      0      1      0
  8479     9999      0      1      0
  8480     9999      0      1      0
  8481     9999      0      1      0
  8482     9999      0      1      0
  8483     9999      0      1      0
  8484     9999      0      1      0
  8485     9999      0      1      0
  8486     9999      0      1      0
  8487     9999      0      1      0
  8488     9999      0      1      0
  8489     9999      0      1      0
  8490     9999      0      1      0
  8491     9999      0      1      0
  8492     9999      0      1      0
  8493     9999      0      1      0
  8494     9999      0      1      0
  8495     9999      0      1      0
  8496     9999      0      1      0
  8497        1      1      1    104
  8498      611      1      1    126
  8498      612      1      2    126
  8499     1116      3      1    135
  8500     9999      0      1      0
  8501     1342      3      1     31
  8502     9999      0      1      0
  8503     1125      3      1    126
  8504      460      1      1    126
  8505     9999      0      1      0
  8506     9999      0      1      0
  8507     9999      0      1      0
  8508     1142      3      1     31
  8509       93      1      1    126
  8510      465      1      1    126
  8510     1116      3      2    135
  8511     1151      3      1    126
  8512     9999      0      1      0
  8513        1      1      1    104
  8514     9999      0      1      0
  8515      104      1      1    126
  8516      602      1      1    104
  8517      602      1      1    104
  8518      602      1      1    104
  8518     1630      3      2    126
  8519      602      1      1    104
  8519     1630      3      2    126
  8519     1631      3      3    126
  8520      423      1      1    126
  8521      460      1      1    126
  8522     9999      0      1      0
  8523      112      1      1    126
  8524      468      1      1    126
  8525     9999      0      1      0
  8526      468      1      1    126
  8526      469      1      2    126
  8526      470      1      3    126
  8526      471      1      4    126
  8526      472      1      5    126
  8526      473      1      6    126
  8526      474      1      7    126
  8527      112      1      1    126
  8528     9999      0      1      0
  8529     9999      0      1      0
  8530     9999      0      1      0
  8531     9999      0      1      0
  8532     9999      0      1      0
  8533     9999      0      1      0
  8534     9999      0      1      0
  8535     9999      0      1      0
  8536     9999      0      1      0
  8537     9999      0      1      0
  8538     9999      0      1      0
  8539     9999      0      1      0
  8540     9999      0      1      0
  8541     9999      0      1      0
  8542     9999      0      1      0
  8543     9999      0      1      0
  8544     9999      0      1      0
  8545      137      1      1    126
  8546     1196      3      1    126
  8547     9999      0      1      0
  8548      295      1      1    126
  8548      296      1      2    126
  8548      297      1      3    126
  8548      468      1      4    126
  8548      469      1      5    126
  8548      470      1      6    126
  8548      471      1      7    126
  8548      472      1      8    126
  8549     1175      3      1    104
  8550      651      3      1    126
  8551     1328      3      1    136
  8552      602      1      1    104
  8552     1464      3      2    126
  8553     1260      3      1    126
  8554      602      1      1    104
  8554     1630      3      2    126
  8555     9999      0      1      0
  8556     9999      0      1      0
  8557     9999      0      1      0
  8558     9999      0      1      0
  8559     9999      0      1      0
  8560     9999      0      1      0
  8561     9999      0      1      0
  8562     1276      3      1    126
  8563     1328      3      1    136
  8564     1297      3      1    126
  8565     1304      3      1    136
  8566     1309      3      1    136
  8567      713      3      1    126
  8568      714      3      1    126
  8569     1328      3      1    136
  8570      972      3      1    126
  8571     9999      0      1      0
  8572     1342      3      1     31
  8573      255      1      1    126
  8574      259      1      1    126
  8575     1378      3      1    126
  8576     9999      0      1      0
  8577     1387      3      1    126
  8578      468      1      1    126
  8579      295      1      1    126
  8579      296      1      2    126
  8580      295      1      1    126
  8580      296      1      2    126
  8580      297      1      3    126
  8581     1042      3      1    104
  8582     1468      3      1    126
  8583      310      1      1    126
  8583      311      1      2    126
  8584      314      1      1    126
  8585      314      1      1    126
  8585      699      3      2    126
  8586      310      1      1    126
  8586      311      1      2    126
  8586      314      1      3    126
  8587      855      3      1    126
  8588     9999      0      1      0
  8589     9999      0      1      0
  8590      602      1      1    104
  8591     9999      0      1      0
  8592      359      1      1    126
  8593      112      1      1    126
  8593      359      1      2    126
  8594      896      3      1    126
  8595      897      3      1    126
  8596      899      3      1    126
  8597      373      1      1    126
  8598     1342      3      1     31
  8599     9999      0      1      0
  8600     1342      3      1     31
  8601      379      1      1    126
  8602      602      1      1    104
  8603      381      1      1    126
  8604      112      1      1    126
  8605     1605      3      1    126
  8606      359      1      1    126
  8606      563      1      2    126
  8607      359      1      1    126
  8607      563      1      2    126
  8607     1670      3      3    126
  8608     1630      3      1    126
  8609      307      1      1    104
  8609      308      1      2    126
  8610      112      1      1    126
  8611      403      1      1    126
  8612      404      1      1    126
  8613      976      3      1    126
  8614      380      1      1    126
  8615      981      3      1    126
  8616     9999      0      1      0
  8617      986      3      1    126
  8618      379      1      1    126
  8618      381      1      2    126
  8619      992      3      1    126
  8620        1      1      1    104
  8621      418      1      1    126
  8622      310      1      1    126
  8622      311      1      2    126
  8622      419      1      3    126
  8623      423      1      1    126
  8624      430      1      1    126
  8625     9999      0      1      0
  8626     9999      0      1      0
  8627     9999      0      1      0
  8628     9999      0      1      0
  8629     9999      0      1      0
  8630     9999      0      1      0
  8631      277      1      1    127
  8631     1526      3      2    127
  8632     9999      0      1      0
  8633     9999      0      1      0
  8634     9999      0      1      0
  8635     9999      0      1      0
  8636     9999      0      1      0
  8637     9999      0      1      0
  8638     9999      0      1      0
  8639     9999      0      1      0
  8640     9999      0      1      0
  8641     9999      0      1      0
  8642     9999      0      1      0
  8643     9999      0      1      0
  8644     9999      0      1      0
  8645     9999      0      1      0
  8646     9999      0      1      0
  8647     9999      0      1      0
  8648     9999      0      1      0
  8649     9999      0      1      0
  8650     9999      0      1      0
  8651     9999      0      1      0
  8652     9999      0      1      0
  8653     9999      0      1      0
  8654     9999      0      1      0
  8655     9999      0      1      0
  8656     9999      0      1      0
  8657     9999      0      1      0
  8658     9999      0      1      0
  8659     9999      0      1      0
  8660     9999      0      1      0
  8661     9999      0      1      0
  8662     9999      0      1      0
  8663     9999      0      1      0
  8664      109      1      1    127
  8665     9999      0      1      0
  8666     9999      0      1      0
  8667     9999      0      1    128
  8668     9999      0      1      0
  8669     9999      0      1      0
  8670     9999      0      1      0
  8671     9999      0      1      0
  8672     9999      0      1      0
  8673     9999      0      1      0
  8674     9999      0      1      0
  8675     9999      0      1    128
  8676     9999      0      1      0
  8677     9999      0      1    128
  8678     9999      0      1    128
  8679     9999      0      1      0
  8680     9999      0      1      0
  8681     9999      0      1      0
  8682     9999      0      1      0
  8683     9999      0      1      0
  8684     9999      0      1      0
  8685      709      3      1    129
  8686      782      3      1    129
  8687     9999      0      1      0
  8688     9999      0      1      0
  8689     9999      0      1      0
  8690     9999      0      1      0
  8691     9999      0      1      0
  8692     9999      0      1      0
  8693     9999      0      1      0
  8694     9999      0      1      0
  8695     9999      0      1      0
  8696     9999      0      1      0
  8697     9999      0      1      0
  8698     9999      0      1      0
  8699     9999      0      1      0
  8700     9999      0      1      0
  8701     9999      0      1      0
  8702     9999      0      1      0
  8703     9999      0      1      0
  8704     9999      0      1      0
  8705     9999      0      1      0
  8706     9999      0      1      0
  8707     9999      0      1      0
  8708     9999      0      1      0
  8709     9999      0      1      0
  8710      933      3      1    129
  8711     9999      0      1      0
  8712     9999      0      1      0
  8713     9999      0      1      0
  8714     9999      0      1      0
  8715     9999      0      1      0
  8716     9999      0      1      0
  8717     9999      0      1      0
  8718     9999      0      1      0
  8719     9999      0      1      0
  8720     9999      0      1      0
  8721     9999      0      1      0
  8722     9999      0      1      0
  8723      956      3      1    129
  8724     9999      0      1      0
  8725     9999      0      1      0
  8726      568      1      1    130
  8727      568      1      1    130
  8728      568      1      1    130
  8728     1385      3      2    130
  8729      568      1      1    130
  8730      568      1      1    130
  8730     1385      3      2    130
  8731      568      1      1    130
  8732      568      1      1    130
  8733     9999      0      1      0
  8734     9999      0      1      0
  8735     9999      0      1      0
  8736     9999      0      1      0
  8737     9999      0      1      0
  8738     9999      0      1    130
  8739     9999      0      1    130
  8740     9999      0      1    130
  8741      568      1      1    130
  8742     9999      0      1      0
  8743      568      1      1    130
  8744      568      1      1    130
  8745      568      1      1    130
  8746      568      1      1    130
  8747      568      1      1    130
  8748      568      1      1    130
  8749      568      1      1    130
  8750      568      1      1    130
  8751      568      1      1    130
  8752      568      1      1    130
  8753      568      1      1    130
  8754      568      1      1    130
  8755      568      1      1    130
  8755     1385      3      2    130
  8756     9999      0      1    130
  8757     9999      0      1      0
  8758     9999      0      1      0
  8759     9999      0      1      0
  8760     9999      0      1      0
  8761     9999      0      1      0
  8762     9999      0      1      0
  8763     9999      0      1      0
  8764     9999      0      1      0
  8765     9999      0      1      0
  8766     9999      0      1      0
  8767     9999      0      1      0
  8768     9999      0      1      0
  8769     9999      0      1      0
  8770     9999      0      1      0
  8771     9999      0      1      0
  8772     9999      0      1      0
  8773     9999      0      1      0
  8774      568      1      1    131
  8775      568      1      1    131
  8775     1385      3      2    131
  8776      568      1      1    131
  8777      568      1      1    131
  8778      568      1      1    131
  8778     1385      3      2    131
  8779      568      1      1    131
  8779      583      1      2    131
  8780      568      1      1    131
  8780      583      1      2    131
  8780     1621      3      3    131
  8781     9999      0      1    131
  8782      568      1      1    131
  8782      583      1      2    131
  8782     1621      3      3    131
  8783      568      1      1    131
  8784      568      1      1    131
  8785      568      1      1    131
  8786      568      1      1    131
  8786      583      1      2    131
  8786     1621      3      3    131
  8787     9999      0      1    131
  8788      568      1      1    131
  8788      583      1      2    131
  8788     1621      3      3    131
  8789     9999      0      1    131
  8790      568      1      1    131
  8790      583      1      2    131
  8790     1621      3      3    131
  8791      568      1      1    131
  8792      568      1      1    131
  8792      583      1      2    131
  8792     1621      3      3    131
  8793      568      1      1    131
  8794      568      1      1    131
  8794      573      1      2    131
  8795      568      1      1    131
  8795      573      1      2    131
  8796      568      1      1    131
  8797      568      1      1    131
  8797     1441      3      2     79
  8798      568      1      1    131
  8798      573      1      2    131
  8799      568      1      1    131
  8800      568      1      1    131
  8800     1441      3      2     79
  8801      568      1      1    131
  8801      573      1      2    131
  8802      568      1      1    131
  8802     1441      3      2     79
  8803      568      1      1    131
  8803     1441      3      2     79
  8804      568      1      1    131
  8804     1441      3      2     79
  8805      568      1      1    131
  8806      568      1      1    131
  8806      573      1      2    131
  8807      568      1      1    131
  8807      573      1      2    131
  8808     9999      0      1    131
  8809      568      1      1    131
  8809      583      1      2    131
  8810      568      1      1    131
  8810      583      1      2    131
  8810     1621      3      3    131
  8811      568      1      1    131
  8811      584      1      2    131
  8811     1620      3      3    131
  8812      568      1      1    131
  8812      584      1      2    131
  8812     1140      3      3    131
  8812     1620      3      4    131
  8813      568      1      1    131
  8813      584      1      2    131
  8813      586      1      3    131
  8813     1620      3      4    131
  8813     1679      3      5    131
  8814      568      1      1    131
  8814      584      1      2    131
  8814      586      1      3    131
  8814     1140      3      4    131
  8814     1620      3      5    131
  8814     1679      3      6    131
  8815     9999      0      1    131
  8816      568      1      1    131
  8817      568      1      1    131
  8817      584      1      2    131
  8818      568      1      1    131
  8819      568      1      1    131
  8820      568      1      1    131
  8821      568      1      1    131
  8822      568      1      1    131
  8823      568      1      1    131
  8824      568      1      1    131
  8824     1385      3      2    131
  8825     9999      0      1      0
  8826      568      1      1    131
  8826      583      1      2    131
  8826     1621      3      3    131
  8827      568      1      1    131
  8827      583      1      2    131
  8827     1621      3      3    131
  8828      568      1      1    131
  8829      568      1      1    131
  8830      568      1      1    131
  8831      568      1      1    131
  8832      568      1      1    131
  8832     1385      3      2    131
  8833      568      1      1    131
  8834      568      1      1    131
  8834      583      1      2    131
  8834     1621      3      3    131
  8835     9999      0      1    131
  8836      568      1      1    131
  8837      568      1      1    131
  8837      573      1      2    131
  8838     9999      0      1    131
  8839      568      1      1    131
  8840      568      1      1    131
  8840      573      1      2    131
  8841      568      1      1    131
  8841      583      1      2    131
  8841     1621      3      3    131
  8842      568      1      1    131
  8842      583      1      2    131
  8842     1621      3      3    131
  8843      568      1      1    131
  8843     1441      3      2     79
  8844      275      1      1    131
  8844      568      1      2    131
  8844     1441      3      3     79
  8845      568      1      1    131
  8846      568      1      1    131
  8847      568      1      1    131
  8848     9999      0      1    131
  8849      568      1      1    131
  8849      583      1      2    131
  8849     1621      3      3    131
  8850     9999      0      1    131
  8851      568      1      1    131
  8852     9999      0      1      0
  8853      568      1      1    131
  8853      583      1      2    131
  8853     1621      3      3    131
  8854     9999      0      1    131
  8855      568      1      1    131
  8855      583      1      2    131
  8855     1621      3      3    131
  8856     9999      0      1    131
  8857      568      1      1    131
  8858      568      1      1    131
  8859      568      1      1    131
  8860      568      1      1    131
  8861      568      1      1    131
  8862      568      1      1    131
  8863      568      1      1    131
  8864      568      1      1    131
  8865      568      1      1    131
  8866      568      1      1    131
  8867      568      1      1    131
  8868      568      1      1    131
  8869      568      1      1    131
  8870      568      1      1    131
  8871      568      1      1    131
  8872      568      1      1    131
  8872     1140      3      2    131
  8873      568      1      1    131
  8873     1385      3      2    131
  8874      568      1      1    131
  8874     1441      3      2     79
  8875      275      1      1    131
  8875      568      1      2    131
  8876      275      1      1    131
  8876      568      1      2    131
  8876     1441      3      3     79
  8877      568      1      1    131
  8877      573      1      2    131
  8878      568      1      1    131
  8878      583      1      2    131
  8879      568      1      1    131
  8879      583      1      2    131
  8879     1621      3      3    131
  8880      568      1      1    131
  8880      583      1      2    131
  8880     1621      3      3    131
  8881      568      1      1    131
  8881      583      1      2    131
  8881     1621      3      3    131
  8882      568      1      1    131
  8882      583      1      2    131
  8882     1621      3      3    131
  8883      568      1      1    131
  8883      583      1      2    131
  8883     1621      3      3    131
  8884      568      1      1    131
  8884      583      1      2    131
  8884     1621      3      3    131
  8885      568      1      1    131
  8885      583      1      2    131
  8885     1621      3      3    131
  8886      568      1      1    131
  8886      583      1      2    131
  8886     1621      3      3    131
  8887      568      1      1    131
  8887      583      1      2    131
  8887     1621      3      3    131
  8888      568      1      1    131
  8888      583      1      2    131
  8888     1621      3      3    131
  8889      568      1      1    131
  8889      583      1      2    131
  8889     1621      3      3    131
  8890      568      1      1    131
  8890      584      1      2    131
  8891      568      1      1    131
  8891      584      1      2    131
  8891     1620      3      3    131
  8892      568      1      1    131
  8892      584      1      2    131
  8892     1140      3      3    131
  8892     1620      3      4    131
  8893      568      1      1    131
  8893      584      1      2    131
  8893      586      1      3    131
  8893     1620      3      4    131
  8893     1679      3      5    131
  8894      568      1      1    131
  8894      583      1      2    131
  8894      587      1      3    131
  8894     1706      3      4    131
  8895     9999      0      1      0
  8896     9999      0      1      0
  8897     9999      0      1      0
  8898     9999      0      1      0
  8899     9999      0      1      0
  8900     9999      0      1      0
  8901     9999      0      1      0
  8902     9999      0      1      0
  8903     9999      0      1      0
  8904     9999      0      1      0
  8905     9999      0      1      0
  8906     9999      0      1      0
  8907     9999      0      1      0
  8908     9999      0      1      0
  8909     9999      0      1      0
  8910     9999      0      1      0
  8911     9999      0      1      0
  8912     9999      0      1      0
  8913     9999      0      1      0
  8914     9999      0      1      0
  8915     9999      0      1      0
  8916       45      1      1    132
  8917     9999      0      1      0
  8918     9999      0      1      0
  8919     9999      0      1      0
  8920     9999      0      1      0
  8921     9999      0      1      0
  8922     9999      0      1      0
  8923     9999      0      1      0
  8924     9999      0      1      0
  8925     9999      0      1      0
  8926     9999      0      1      0
  8927     9999      0      1      0
  8928     9999      0      1      0
  8929     9999      0      1      0
  8930     9999      0      1      0
  8931     9999      0      1      0
  8932     9999      0      1      0
  8933     9999      0      1      0
  8934     9999      0      1      0
  8935     9999      0      1      0
  8936     9999      0      1      0
  8937      451      1      1    132
  8938      145      1      1    132
  8938      502      1      2    132
  8939      272      1      1    132
  8940       69      1      1    132
  8941     9999      0      1      0
  8942     9999      0      1      0
  8943     9999      0      1      0
  8944     9999      0      1      0
  8945     9999      0      1      0
  8946     9999      0      1      0
  8947     9999      0      1      0
  8948     9999      0      1      0
  8949     9999      0      1      0
  8950     9999      0      1      0
  8951     9999      0      1      0
  8952       71      1      1    132
  8953     9999      0      1      0
  8954     9999      0      1      0
  8955     9999      0      1      0
  8956     1120      3      1    132
  8957     9999      0      1      0
  8958     1134      3      1    132
  8959      145      1      1    132
  8959      509      1      2    132
  8960       92      1      1    132
  8960     1598      3      2    132
  8961      399      1      1    132
  8961     1375      3      2    132
  8962      106      1      1    132
  8962     1381      3      2    132
  8963      111      1      1    132
  8964     9999      0      1      0
  8965      780      3      1    132
  8966     9999      0      1      0
  8967     9999      0      1      0
  8968     9999      0      1      0
  8969     9999      0      1      0
  8970     9999      0      1      0
  8971     9999      0      1      0
  8972     9999      0      1      0
  8973     9999      0      1      0
  8974     1512      3      1    132
  8974     1513      3      2    132
  8975     9999      0      1      0
  8976      932      3      1    132
  8977     9999      0      1      0
  8978     9999      0      1      0
  8979     9999      0      1      0
  8980      106      1      1    132
  8980     1381      3      2    132
  8981      145      1      1    132
  8982      146      1      1    132
  8983      979      3      1    132
  8984     1008      3      1    132
  8985     9999      0      1      0
  8986      634      3      1    132
  8987     9999      0      1      0
  8988     9999      0      1      0
  8989     9999      0      1      0
  8990     9999      0      1      0
  8991     9999      0      1      0
  8992     9999      0      1      0
  8993     9999      0      1      0
  8994     9999      0      1      0
  8995     9999      0      1      0
  8996     9999      0      1      0
  8997     9999      0      1      0
  8998      174      1      1    132
  8999      180      1      1    132
  9000      181      1      1    132
  9001      182      1      1    132
  9002      185      1      1    132
  9003      195      1      1    132
  9004      197      1      1    132
  9005     9999      0      1      0
  9006      687      3      1    132
  9007     9999      0      1      0
  9008      205      1      1    132
  9009      694      3      1    132
  9010     9999      0      1      0
  9011     9999      0      1      0
  9012     9999      0      1      0
  9013     9999      0      1      0
  9014     9999      0      1      0
  9015     9999      0      1      0
  9016     9999      0      1      0
  9017     9999      0      1      0
  9018     9999      0      1      0
  9019     9999      0      1      0
  9020     9999      0      1      0
  9021     9999      0      1      0
  9022     9999      0      1      0
  9023     9999      0      1      0
  9024     9999      0      1      0
  9025     9999      0      1      0
  9026     9999      0      1      0
  9027     9999      0      1      0
  9028     9999      0      1      0
  9029     9999      0      1      0
  9030     9999      0      1      0
  9031     9999      0      1      0
  9032     9999      0      1      0
  9033     9999      0      1      0
  9034      697      3      1    132
  9035     9999      0      1      0
  9036     9999      0      1      0
  9037      705      3      1    132
  9038      213      1      1    132
  9039       68      1      1    132
  9040      878      3      1    132
  9041      215      1      1    132
  9042     9999      0      1      0
  9043      216      1      1    132
  9044      216      1      1    132
  9044     1598      3      2    132
  9045     9999      0      1      0
  9046      219      1      1    132
  9047      233      1      1    132
  9047     1493      3      2    132
  9048     9999      0      1      0
  9049     9999      0      1      0
  9050      215      1      1    132
  9050     1598      3      2    132
  9051     9999      0      1      0
  9052     9999      0      1      0
  9053      749      3      1    132
  9054      752      3      1    132
  9055     9999      0      1      0
  9056      761      3      1    132
  9057      801      3      1    132
  9057      866      3      2    132
  9058     9999      0      1      0
  9059     9999      0      1      0
  9060     9999      0      1      0
  9061     9999      0      1      0
  9062     9999      0      1      0
  9063      821      3      1    132
  9064      197      1      1    132
  9065     9999      0      1      0
  9066     9999      0      1      0
  9067     9999      0      1      0
  9068       68      1      1    132
  9069      285      1      1    132
  9070      286      1      1    132
  9071      801      3      1    132
  9072      801      3      1    132
  9072      802      3      2    132
  9073     9999      0      1      0
  9074      801      3      1    132
  9074      804      3      2    132
  9075       70      1      1    132
  9076      808      3      1    132
  9077      801      3      1    132
  9077      803      3      2    132
  9078      817      3      1    132
  9079      801      3      1    132
  9079      818      3      2    132
  9080      289      1      1    132
  9081      821      3      1    132
  9082     9999      0      1      0
  9083      291      1      1    132
  9084     1491      3      1    132
  9085      845      3      1    132
  9086      502      1      1    132
  9087      847      3      1    132
  9088      502      1      1    132
  9088      503      1      2    132
  9089      712      3      1    132
  9090     9999      0      1      0
  9091     9999      0      1      0
  9092     1512      3      1    132
  9092     1513      3      2    132
  9093     9999      0      1      0
  9094     9999      0      1      0
  9095      801      3      1    132
  9095      867      3      2    132
  9096      869      3      1    132
  9097      870      3      1    132
  9098     9999      0      1      0
  9099     1543      3      1    132
  9099     1544      3      2    132
  9100      342      1      1    132
  9101      879      3      1    132
  9102      344      1      1    132
  9103      884      3      1    132
  9104      360      1      1    132
  9105      904      3      1    132
  9106      801      3      1    132
  9106      906      3      2    132
  9107      820      3      1    132
  9108     1598      3      1    132
  9109      929      3      1    132
  9110      932      3      1    132
  9111      390      1      1    132
  9112      390      1      1    132
  9112     1374      3      2    132
  9113      391      1      1    132
  9114      941      3      1    132
  9115      947      3      1    132
  9116      958      3      1    132
  9117      960      3      1    132
  9118      962      3      1    132
  9119      161      1      1    132
  9120      979      3      1    132
  9121      985      3      1    132
  9122      987      3      1    132
  9123     9999      0      1      0
  9124        5      1      1    132
  9125     1006      3      1    132
  9126     1008      3      1    132
  9127     1012      3      1    132
  9128     1022      3      1    132
  9129      167      1      1    132
  9129     1487      3      2    132
  9130      369      1      1    133
  9130      568      1      2    133
  9130     1644      3      3    133
  9130     1645      3      4    133
  9130     1646      3      5    133
  9131     9999      0      1      0
  9132     9999      0      1      0
  9133     9999      0      1      0
  9134     9999      0      1      0
  9135     9999      0      1      0
  9136     9999      0      1      0
  9137     9999      0      1      0
  9138     9999      0      1      0
  9139     9999      0      1      0
  9140     9999      0      1      0
  9141     9999      0      1      0
  9142     9999      0      1      0
  9143     9999      0      1      0
  9144     9999      0      1      0
  9145      568      1      1    133
  9145      582      1      2    133
  9145     1736      5      3      0
  9146      356      1      1    133
  9146      568      1      2    133
  9146     1736      5      3      0
  9147      369      1      1    133
  9147      568      1      2    133
  9147     1736      5      3      0
  9148      476      1      1    133
  9148      568      1      2    133
  9149      476      1      1    133
  9149      568      1      2    133
  9149     1572      3      3    133
  9150      568      1      1    133
  9150      579      1      2     73
  9150     1736      5      3      0
  9150     1618      3      4    133
  9150     1619      3      5    133
  9151      568      1      1    133
  9152      568      1      1    133
  9152      589      1      2     73
  9152     1697      3      3    133
  9153      484      1      1     73
  9153      568      1      2    133
  9154     9999      0      1    133
  9155     9999      0      1    133
  9156     9999      0      1    133
  9157     9999      0      1    133
  9158     9999      0      1    133
  9159     9999      0      1      0
  9160     9999      0      1      0
  9161     9999      0      1      0
  9162     9999      0      1      0
  9163     9999      0      1      0
  9164     9999      0      1      0
  9165     9999      0      1      0
  9166     9999      0      1      0
  9167     9999      0      1      0
  9168     9999      0      1      0
  9169     9999      0      1      0
  9170     9999      0      1      0
  9171     9999      0      1      0
  9172     9999      0      1      0
  9173     9999      0      1      0
  9174     1736      5      1      0
  9174     1697      3      2    133
  9175     1736      5      1      0
  9175     1697      3      2    133
  9176     9999      0      1      0
  9177     1736      5      1      0
  9177     1697      3      2    133
  9178     9999      0      1      0
  9179      568      1      1    133
  9180      568      1      1    133
  9181      568      1      1    133
  9182      568      1      1    133
  9183      568      1      1    133
  9184      114      1      1    133
  9184     9999      0      2    133
  9184     1736      5      3      0
  9185      114      1      1    133
  9185      482      1      2    133
  9185     1641      3      3    133
  9185     1642      3      4    133
  9186      568      1      1    133
  9187      568      1      1    133
  9188      114      1      1    133
  9188      482      1      2    133
  9188     1641      3      3    133
  9188     1642      3      4    133
  9189     9999      0      1      0
  9190     9999      0      1      0
  9191     9999      0      1      0
  9192     9999      0      1      0
  9193     9999      0      1      0
  9194      568      1      1    133
  9195      114      1      1    133
  9195      482      1      2    133
  9195     1641      3      3    133
  9195     1642      3      4    133
  9196     9999      0      1      0
  9197     9999      0      1      0
  9198     1473      3      1    133
  9199      568      1      1    133
  9199     9999      0      2    133
  9199     1473      3      3    133
  9200      518      1      1    133
  9200     1535      3      2    133
  9201     9999      0      1      0
  9202     9999      0      1      0
  9203     9999      0      1      0
  9204     9999      0      1      0
  9205     9999      0      1      0
  9206     9999      0      1      0
  9207     9999      0      1      0
  9208     9999      0      1      0
  9209     9999      0      1      0
  9210     9999      0      1      0
  9211      370      1      1     73
  9211      565      1      2    133
  9212      114      1      1    133
  9212      482      1      2    133
  9212     1641      3      3    133
  9212     1642      3      4    133
  9213      114      1      1    133
  9213      482      1      2    133
  9213     1736      5      3      0
  9213     1641      3      4    133
  9213     1642      3      5    133
  9214     9999      0      1      0
  9215      568      1      1    133
  9216      568      1      1    133
  9217     9999      0      1    133
  9218     9999      0      1    133
  9219      568      1      1    133
  9220     9999      0      1    133
  9221     9999      0      1    133
  9222     9999      0      1    133
  9223     9999      0      1    133
  9224     9999      0      1    133
  9225     1535      3      1    133
  9226      518      1      1    133
  9226     1010      3      2    133
  9226     1013      3      3    133
  9226     1535      3      4    133
  9227     9999      0      1      0
  9228      568      1      1    133
  9228     9999      0      2      0
  9228     9999      0      3    133
  9229      568      1      1    133
  9229     9999      0      2    133
  9229     1736      5      3      0
  9229     1697      3      4    133
  9230      326      1      1    133
  9230      370      1      2     73
  9230      476      1      3    133
  9230      568      1      4    133
  9230     9999      0      5      0
  9230     9999      0      6    133
  9230     1013      3      7    133
  9230     1411      3      8    133
  9230     1535      3      9    133
  9230     1572      3     10    133
  9231      568      1      1    133
  9231     9999      0      2    133
  9231     1535      3      3    133
  9231     1538      3      4    133
  9232      114      1      1    133
  9232      482      1      2    133
  9232      567      1      3    133
  9232     9999      0      4      0
  9232     9999      0      5    133
  9232     1641      3      6    133
  9232     1642      3      7    133
  9232     1697      3      8    133
  9233      114      1      1    133
  9233      482      1      2    133
  9233     9999      0      3      0
  9233     1641      3      4    133
  9233     1642      3      5    133
  9233     1697      3      6    133
  9234     9999      0      1      0
  9235      114      1      1    133
  9235      368      1      2    133
  9235      412      1      3    133
  9235      482      1      4    133
  9235      568      1      5    133
  9235     1736      5      6      0
  9235     1025      3      7    133
  9235     1641      3      8    133
  9235     1642      3      9    133
  9236      518      1      1    133
  9236      568      1      2    133
  9236     1010      3      3    133
  9236     1013      3      4    133
  9236     1535      3      5    133
  9237     9999      0      1    133
  9238      568      1      1    133
  9238      590      1      2     73
  9239     1736      5      1      0
  9239     1697      3      2    133
  9240     9999      0      1      0
  9241     1736      5      1      0
  9241     1697      3      2    133
  9242     9999      0      1      0
  9243     1736      5      1      0
  9243     1697      3      2    133
  9244      568      1      1    133
  9244      590      1      2     73
  9244     1391      3      3    133
  9245      541      1      1    140
  9246      567      1      1    133
  9247      568      1      1    133
  9248      568      1      1    133
  9249     9999      0      1    133
  9250     1736      5      1      0
  9251     1736      5      1      0
  9251     1697      3      2    133
  9252     9999      0      1    133
  9253     1027      3      1    133
  9254     1045      3      1    133
  9255      568      1      1    133
  9255      590      1      2     73
  9256      568      1      1    133
  9257      568      1      1    133
  9257     1045      3      2    133
  9258     9999      0      1    133
  9259     1736      5      1      0
  9259     1697      3      2    133
  9260      625      3      1     23
  9261      568      1      1    133
  9261      589      1      2     73
  9262     9999      0      1    133
  9263      568      1      1    133
  9264     9999      0      1    133
  9265      476      1      1    133
  9265      568      1      2    133
  9265      591      1      3    133
  9265      592      1      4    133
  9265     1572      3      5    133
  9266     1027      3      1    133
  9267     1045      3      1    133
  9268     1736      5      1      0
  9268     1697      3      2    133
  9269     1736      5      1      0
  9269     1027      3      2    133
  9269     1697      3      3    133
  9270     1736      5      1      0
  9270     1045      3      2    133
  9270     1697      3      3    133
  9271      716      3      1    133
  9272      568      1      1    133
  9272      594      1      2    133
  9272     1535      3      3    133
  9272     1538      3      4    133
  9273      326      1      1    133
  9273      568      1      2    133
  9273     1013      3      3    133
  9273     1411      3      4    133
  9273     1535      3      5    133
  9274      568      1      1    133
  9274      594      1      2    133
  9274     1535      3      3    133
  9274     1538      3      4    133
  9275      568      1      1    133
  9276      568      1      1    133
  9276      575      1      2    133
  9276      576      1      3    133
  9277      476      1      1    133
  9277      568      1      2    133
  9277      574      1      3    133
  9277      591      1      4    133
  9277      592      1      5    133
  9277      593      1      6    133
  9278     1473      3      1    133
  9279      568      1      1    133
  9279      575      1      2    133
  9279      577      1      3    133
  9280      568      1      1    133
  9280      575      1      2    133
  9280      577      1      3    133
  9280     1473      3      4    133
  9281     9999      0      1    133
  9282     1736      5      1      0
  9282     1697      3      2    133
  9283      568      1      1    133
  9283      594      1      2    133
  9283     1535      3      3    133
  9283     1538      3      4    133
  9284      568      1      1    133
  9284     9999      0      2    133
  9285     1736      5      1      0
  9285     1697      3      2    133
  9286     9999      0      1      0
  9287     1736      5      1      0
  9287     1697      3      2    133
  9288     9999      0      1      0
  9289      518      1      1    133
  9289      568      1      2    133
  9289     1013      3      3    133
  9289     1535      3      4    133
  9290     1736      5      1      0
  9290     1697      3      2    133
  9291     1040      3      1     23
  9292     1138      3      1     23
  9293     1040      3      1     23
  9294     1138      3      1     23
  9295      568      1      1    133
  9295      579      1      2     73
  9295      595      1      3    133
  9295     1736      5      4      0
  9295     1618      3      5    133
  9295     1619      3      6    133
  9296     9999      0      1      0
  9297     1299      3      1    133
  9298      568      1      1    133
  9299      370      1      1     73
  9299     1632      3      2    133
  9299     1633      3      3    133
  9300      481      1      1    133
  9300     1025      3      2    133
  9301      568      1      1    133
  9301      597      1      2     73
  9302      568      1      1    133
  9302      597      1      2     73
  9302     1632      3      3    133
  9302     1633      3      4    133
  9303      370      1      1     73
  9303      486      1      2    133
  9303      598      1      3    133
  9303     1632      3      4    133
  9303     1633      3      5    133
  9304     9999      0      1      0
  9305     9999      0      1      0
  9306      532      1      1    133
  9307      598      1      1    133
  9308     9999      0      1      0
  9309     9999      0      1      0
  9310     9999      0      1      0
  9311      568      1      1    133
  9312      568      1      1    133
  9313      598      1      1    133
  9313     1736      5      2      0
  9314     1736      5      1      0
  9314     1697      3      2    133
  9315     9999      0      1      0
  9316     9999      0      1      0
  9317      568      1      1    133
  9318      370      1      1     73
  9318      486      1      2    133
  9318      598      1      3    133
  9319     9999      0      1    133
  9320     1736      5      1      0
  9320     1697      3      2    133
  9321      568      1      1    133
  9321      575      1      2    133
  9322      568      1      1    133
  9322      575      1      2    133
  9322      576      1      3    133
  9322      577      1      4    133
  9322      578      1      5    133
  9323      568      1      1    133
  9323     9999      0      2    133
  9324       80      1      1    133
  9325      568      1      1    133
  9326      568      1      1    133
  9327     1736      5      1      0
  9327     1697      3      2    133
  9328     9999      0      1      0
  9329     9999      0      1      0
  9330     9999      0      1      0
  9331     9999      0      1      0
  9332      376      1      1    142
  9332     1647      3      2    141
  9332     1650      3      3    141
  9333      538      1      1    142
  9333     1647      3      2    141
  9333     1650      3      3    141
  9333     1651      3      4    142
  9334      484      1      1     73
  9334      568      1      2    133
  9334     1391      3      3    133
  9334     1392      3      4    133
  9335      369      1      1    133
  9335      568      1      2    133
  9336      568      1      1    133
  9336     1535      3      2    133
  9336     1538      3      3    133
  9337      568      1      1    133
  9337      594      1      2    133
  9337     1535      3      3    133
  9337     1538      3      4    133
  9338     9999      0      1      0
  9339      568      1      1    133
  9339     1045      3      2    133
  9340      568      1      1    133
  9340     1572      3      2    133
  9341     9999      0      1    133
  9342      376      1      1    142
  9343      568      1      1    133
  9343     1388      3      2    133
  9344      273      1      1    133
  9345      326      1      1    133
  9345      568      1      2    133
  9346      326      1      1    133
  9346      568      1      2    133
  9346     1013      3      3    133
  9346     1411      3      4    133
  9346     1535      3      5    133
  9347     9999      0      1    133
  9348     1736      5      1      0
  9348     1697      3      2    133
  9349     9999      0      1      0
  9350      568      1      1    133
  9351     9999      0      1    133
  9352     1736      5      1      0
  9352     1697      3      2    133
  9353      568      1      1    133
  9353     1539      3      2    133
  9353     1541      3      3    133
  9354     9999      0      1    133
  9355     1299      3      1    133
  9356      326      1      1    133
  9356      568      1      2    133
  9357      326      1      1    133
  9357      568      1      2    133
  9357     1013      3      3    133
  9358      326      1      1    133
  9358      568      1      2    133
  9358     1013      3      3    133
  9358     1389      3      4    133
  9359      568      1      1    133
  9360      114      1      1    133
  9360     1641      3      2    133
  9360     1642      3      3    133
  9361      397      1      1    133
  9361      568      1      2    133
  9361      585      1      3    133
  9362      397      1      1    133
  9362      568      1      2    133
  9362      585      1      3    133
  9362     1402      3      4    133
  9363      397      1      1    133
  9363      568      1      2    133
  9363      585      1      3    133
  9363     1402      3      4    133
  9363     1403      3      5    133
  9364      568      1      1    133
  9365      568      1      1    133
  9365     1550      3      2    133
  9366      568      1      1    133
  9367      568      1      1    133
  9368      568      1      1    133
  9368      574      1      2    133
  9369      568      1      1    133
  9370     9999      0      1    133
  9371      114      1      1    133
  9371      482      1      2    133
  9371     1736      5      3      0
  9371     1641      3      4    133
  9371     1642      3      5    133
  9372      568      1      1    133
  9373     1647      3      1    141
  9373     1648      3      2    141
  9374     9999      0      1      0
  9375      568      1      1    133
  9375     1550      3      2    133
  9376      716      3      1    133
  9377      942      3      1    112
  9378      942      3      1    112
  9379     9999      0      1    133
  9380      568      1      1    133
  9380      590      1      2     73
  9381      397      1      1    133
  9382      767      3      1    112
  9383      767      3      1    112
  9384      481      1      1    133
  9384      568      1      2    133
  9384     1025      3      3    133
  9385     1025      3      1    133
  9386      568      1      1    133
  9386      590      1      2     73
  9386     1391      3      3    133
  9387      405      1      1    133
  9387     1535      3      2    133
  9387     1665      3      3    133
  9388      406      1      1    133
  9388     1535      3      2    133
  9388     1665      3      3    133
  9389     9999      0      1      0
  9390      481      1      1    133
  9390     1025      3      2    133
  9391     1736      5      1      0
  9391     1697      3      2    133
  9392      568      1      1    133
  9392      589      1      2     73
  9393      568      1      1    133
  9394      568      1      1    133
  9395      568      1      1    133
  9396      568      1      1    133
  9397      568      1      1    133
  9398      568      1      1    133
  9399      568      1      1    133
  9400      568      1      1    133
  9401      568      1      1    133
  9402      568      1      1    133
  9403      568      1      1    133
  9404      568      1      1    133
  9405      568      1      1    133
  9406      568      1      1    133
  9407      568      1      1    133
  9408      568      1      1    133
  9409      568      1      1    133
  9409      716      3      2    133
  9410      518      1      1    133
  9410     1010      3      2    133
  9410     1013      3      3    133
  9410     1535      3      4    133
  9411      568      1      1    133
  9411     1550      3      2    133
  9412      568      1      1    133
  9412      569      1      2    133
  9413      568      1      1    133
  9413      569      1      2    133
  9413      685      3      3    133
  9414      275      1      1    133
  9414      568      1      2    133
  9414      572      1      3    133
  9415      398      1      1    133
  9415      568      1      2    133
  9416      481      1      1    133
  9416      568      1      2    133
  9416     1025      3      3    133
  9417      481      1      1    133
  9417      568      1      2    133
  9417     1550      3      3    133
  9418      568      1      1    133
  9418      588      1      2     73
  9418     1550      3      3    133
  9419     9999      0      1    133
  9420     1736      5      1      0
  9420     1697      3      2    133
  9421      568      1      1    133
  9421     1550      3      2    133
  9422     9999      0      1      0
  9423     9999      0      1      0
  9424     1736      5      1      0
  9424     1697      3      2    133
  9425     9999      0      1      0
  9426     1736      5      1      0
  9426     1697      3      2    133
  9427     9999      0      1      0
  9428     1736      5      1      0
  9428     1697      3      2    133
  9429     9999      0      1      0
  9430     1736      5      1      0
  9430     1697      3      2    133
  9431     9999      0      1      0
  9432     9999      0      1      0
  9433     1736      5      1      0
  9433     1697      3      2    133
  9434      484      1      1     73
  9434      568      1      2    133
  9434     1391      3      3    133
  9434     1392      3      4    133
  9435     1736      5      1      0
  9435     1697      3      2    133
  9436     9999      0      1    133
  9437     9999      0      1      0
  9438     1736      5      1      0
  9438     1697      3      2    133
  9439     9999      0      1      0
  9440      476      1      1    133
  9441      942      3      1    112
  9442      942      3      1    112
  9443      942      3      1    112
  9444      942      3      1    112
  9445      942      3      1    112
  9446      942      3      1    112
  9447     9999      0      1      0
  9448     9999      0      1      0
  9449     9999      0      1      0
  9449     9999      0      2    133
  9449     1697      3      3    133
  9450     1697      3      1    133
  9451     9999      0      1      0
  9452      568      1      1    133
  9452      590      1      2     73
  9452     1391      3      3    133
  9453      568      1      1    133
  9453      589      1      2     73
  9454     9999      0      1    133
  9455     1040      3      1     23
  9456      568      1      1    133
  9456     1535      3      2    133
  9456     1538      3      3    133
  9457      476      1      1    133
  9457      568      1      2    133
  9457      591      1      3    133
  9457      592      1      4    133
  9457      593      1      5    133
  9458     9999      0      1      0
  9459      568      1      1    133
  9459      575      1      2    133
  9459      576      1      3    133
  9459     1473      3      4    133
  9460     1138      3      1     23
  9461     1736      5      1      0
  9461     1697      3      2    133
  9462      568      1      1    133
  9462     1736      5      2      0
  9462     1697      3      3    133
  9463     9999      0      1      0
  9464     1736      5      1      0
  9464     1697      3      2    133
  9465     9999      0      1      0
  9466      568      1      1    133
  9466      579      1      2     73
  9466      596      1      3    133
  9466     1736      5      4      0
  9466     1618      3      5    133
  9466     1619      3      6    133
  9467     1299      3      1    133
  9468     9999      0      1      0
  9469     9999      0      1      0
  9470     9999      0      1      0
  9471      370      1      1     73
  9471      486      1      2    133
  9471      598      1      3    133
  9471     1632      3      4    133
  9471     1633      3      5    133
  9472      568      1      1    133
  9473      568      1      1    133
  9473      575      1      2    133
  9474      942      3      1    112
  9475      942      3      1    112
  9476      942      3      1    112
  9477      326      1      1    133
  9477      568      1      2    133
  9477     1013      3      3    133
  9477     1411      3      4    133
  9477     1535      3      5    133
  9478     1040      3      1     23
  9479     1138      3      1     23
  9480      568      1      1    133
  9480     1535      3      2    133
  9481      568      1      1    133
  9482     9999      0      1    133
  9483      518      1      1    133
  9483     1010      3      2    133
  9483     1013      3      3    133
  9483     1535      3      4    133
  9484     1535      3      1    133
  9485      398      1      1    133
  9485      568      1      2    133
  9485     1395      3      3    133
  9485     1396      3      4    133
  9486      568      1      1    133
  9486     1539      3      2    133
  9487      397      1      1    133
  9487      398      1      2    133
  9487      568      1      3    133
  9488      397      1      1    133
  9488      398      1      2    133
  9488      568      1      3    133
  9488     1395      3      4    133
  9489      275      1      1    133
  9490      397      1      1    133
  9490      398      1      2    133
  9490      568      1      3    133
  9490     1395      3      4    133
  9490     1396      3      5    133
  9491      538      1      1    142
  9491     1647      3      2    141
  9491     1650      3      3    141
  9491     1651      3      4    142
  9492     9999      0      1    133
  9493      326      1      1    133
  9494      568      1      1    133
  9495      568      1      1    133
  9496      568      1      1    133
  9496     1736      5      2      0
  9497      568      1      1    133
  9497     1736      5      2      0
  9498      568      1      1    133
  9498     1736      5      2      0
  9499      568      1      1    133
  9499     1736      5      2      0
  9500      568      1      1    133
  9500     1736      5      2      0
  9501      568      1      1    133
  9501     1736      5      2      0
  9502      568      1      1    133
  9502     1736      5      2      0
  9503      568      1      1    133
  9503     1736      5      2      0
  9504      568      1      1    133
  9505      382      1      1    133
  9506      382      1      1    133
  9506     1653      3      2    133
  9507      568      1      1    133
  9507     1013      3      2    133
  9508      397      1      1    133
  9509      398      1      1    133
  9510      568      1      1    133
  9510     1014      3      2    133
  9511      568      1      1    133
  9511     1045      3      2    133
  9512      565      1      1    133
  9513      568      1      1    133
  9514     9999      0      1      0
  9515      567      1      1    133
  9516      326      1      1    133
  9516      568      1      2    133
  9517      568      1      1    133
  9517      716      3      2    133
  9518      326      1      1    133
  9518      568      1      2    133
  9518     1013      3      3    133
  9518     1411      3      4    133
  9519     9999      0      1      0
  9520     9999      0      1      0
  9521     9999      0      1      0
  9522     9999      0      1      0
  9523     9999      0      1      0
  9524     9999      0      1      0
  9525     9999      0      1      0
  9526     1736      5      1      0
  9526     1697      3      2    133
  9527     1736      5      1      0
  9527     1697      3      2    133
  9528     1736      5      1      0
  9528     1697      3      2    133
  9529     1736      5      1      0
  9529     1697      3      2    133
  9530     1736      5      1      0
  9530     1697      3      2    133
  9531     1736      5      1      0
  9531     1697      3      2    133
  9532     1736      5      1      0
  9532     1697      3      2    133
  9533     9999      0      1      0
  9534     9999      0      1      0
  9535     9999      0      1      0
  9536     9999      0      1      0
  9537     9999      0      1      0
  9538     9999      0      1      0
  9539     9999      0      1      0
  9540     9999      0      1      0
  9541     9999      0      1      0
  9542     9999      0      1      0
  9543     1697      3      1    133
  9544     9999      0      1      0
  9545     9999      0      1      0
  9546     9999      0      1      0
  9547     1736      5      1      0
  9548     1736      5      1      0
  9549     1736      5      1      0
  9550     9999      0      1      0
  9551     9999      0      1      0
  9552     9999      0      1      0
  9553     9999      0      1      0
  9554     9999      0      1      0
  9555     9999      0      1      0
  9556     9999      0      1      0
  9557     9999      0      1      0
  9558     9999      0      1      0
  9559     9999      0      1      0
  9560     9999      0      1      0
  9561      114      1      1    133
  9561      367      1      2    133
  9561     1736      5      3      0
  9562     1736      5      1      0
  9563     9999      0      1      0
  9564     9999      0      1      0
  9565     9999      0      1      0
  9566      814      3      1    133
  9567      568      1      1    133
  9567     1388      3      2    133
  9568     1013      3      1    133
  9569     1014      3      1    133
  9570     1027      3      1    133
  9571      568      1      1    133
  9571     1441      3      2     79
  9572     9999      0      1      0
  9573      326      1      1    133
  9573      568      1      2    133
  9573     1535      3      3    133
  9574     9999      0      1      0
  9575     9999      0      1      0
  9576     9999      0      1      0
  9577     9999      0      1      0
  9578     9999      0      1      0
  9579     9999      0      1      0
  9580     9999      0      1      0
  9581     9999      0      1      0
  9582     9999      0      1      0
  9583     9999      0      1      0
  9584      326      1      1    133
  9584      568      1      2    133
  9584     1013      3      3    133
  9584     1411      3      4    133
  9584     1535      3      5    133
  9585      326      1      1    133
  9585      568      1      2    133
  9585     1013      3      3    133
  9585     1410      3      4    133
  9586      326      1      1    133
  9586      568      1      2    133
  9586     1013      3      3    133
  9586     1411      3      4    133
  9587     1299      3      1    133
  9588     1299      3      1    133
  9589     1299      3      1    133
  9590     1299      3      1    133
  9591     1299      3      1    133
  9592     1299      3      1    133
  9593     1299      3      1    133
  9594      568      1      1    133
  9594      569      1      2    133
  9595      568      1      1    133
  9595      570      1      2    133
  9595     1383      3      3    133
  9596     1399      3      1    133
  9597      275      1      1    133
  9597      568      1      2    133
  9598      275      1      1    133
  9598      568      1      2    133
  9598      571      1      3    133
  9599      275      1      1    133
  9599      568      1      2    133
  9599      572      1      3    133
  9600      275      1      1    133
  9600      568      1      2    133
  9600      570      1      3    133
  9601      275      1      1    133
  9601      568      1      2    133
  9601      570      1      3    133
  9601      723      3      4    133
  9602      275      1      1    133
  9602      568      1      2    133
  9602      570      1      3    133
  9602     1383      3      4    133
  9603      275      1      1    133
  9603      568      1      2    133
  9603      570      1      3    133
  9603     1394      3      4    133
  9604      275      1      1    133
  9604      568      1      2    133
  9604      570      1      3    133
  9604      572      1      4    133
  9604     1383      3      5    133
  9605     1736      5      1      0
  9605     1697      3      2    133
  9606     1697      3      1    133
  9607     1697      3      1    133
  9608     1697      3      1    133
  9609     1697      3      1    133
  9610     1697      3      1    133
  9611     1697      3      1    133
  9612     1697      3      1    133
  9613     1697      3      1    133
  9614      326      1      1    133
  9614      568      1      2    133
  9614     1013      3      3    133
  9615       80      1      1    133
  9616      234      1      1    142
  9617      273      1      1    133
  9618      326      1      1    133
  9618      568      1      2    133
  9618     1013      3      3    133
  9618     1411      3      4    133
  9619      326      1      1    133
  9619      568      1      2    133
  9619     1535      3      3    133
  9620      370      1      1     73
  9621      114      1      1    133
  9621      370      1      2     73
  9622     1736      5      1      0
  9623     1736      5      1      0
  9623     1697      3      2    133
  9624     1736      5      1      0
  9624     1697      3      2    133
  9625     1736      5      1      0
  9625     1697      3      2    133
  9626     1736      5      1      0
  9626     1697      3      2    133
  9627     1736      5      1      0
  9627     1697      3      2    133
  9628     1736      5      1      0
  9628     1697      3      2    133
  9629     1736      5      1      0
  9629     1697      3      2    133
  9630     1736      5      1      0
  9630     1697      3      2    133
  9631     1736      5      1      0
  9631     1697      3      2    133
  9632     1736      5      1      0
  9632     1697      3      2    133
  9633     1736      5      1      0
  9633     1697      3      2    133
  9634     1736      5      1      0
  9634     1697      3      2    133
  9635     1736      5      1      0
  9635     1697      3      2    133
  9636     1736      5      1      0
  9636     1697      3      2    133
  9637     1736      5      1      0
  9637     1697      3      2    133
  9638      392      1      1    133
  9639      412      1      1    133
  9640      275      1      1    133
  9640      568      1      2    133
  9640      570      1      3    133
  9640      723      3      4    133
  9641      275      1      1    133
  9641      568      1      2    133
  9641      570      1      3    133
  9641     1394      3      4    133
  9642      476      1      1    133
  9643      476      1      1    133
  9644      397      1      1    133
  9644      568      1      2    133
  9645      397      1      1    133
  9645      568      1      2    133
  9645      585      1      3    133
  9646      481      1      1    133
  9646     1025      3      2    133
  9647      114      1      1    133
  9647      482      1      2    133
  9647     1736      5      3      0
  9647     1641      3      4    133
  9647     1642      3      5    133
  9648      114      1      1    133
  9648      482      1      2    133
  9648     1736      5      3      0
  9648     1641      3      4    133
  9648     1642      3      5    133
  9649      397      1      1    133
  9649      568      1      2    133
  9649      585      1      3    133
  9649     1402      3      4    133
  9650     1045      3      1    133
  9651      114      1      1    133
  9651      370      1      2     73
  9651      486      1      3    133
  9652      397      1      1    133
  9652      568      1      2    133
  9652      585      1      3    133
  9652     1402      3      4    133
  9652     1403      3      5    133
  9653      398      1      1    133
  9653      568      1      2    133
  9654     9999      0      1    133
  9655      398      1      1    133
  9655      568      1      2    133
  9655     1395      3      3    133
  9656     9999      0      1    133
  9657     9999      0      1    133
  9658      568      1      1    133
  9658     1388      3      2    133
  9659     9999      0      1    133
  9660      814      3      1    133
  9661     9999      0      1      0
  9662     9999      0      1      0
  9663     9999      0      1      0
  9664     9999      0      1    133
  9665     9999      0      1    133
  9666     9999      0      1    133
  9667     9999      0      1    133
  9668     1013      3      1    133
  9669     1013      3      1    133
  9669     1535      3      2    133
  9670      568      1      1    133
  9670     1013      3      2    133
  9671      568      1      1    133
  9671     1013      3      2    133
  9671     1535      3      3    133
  9672      568      1      1    133
  9672     1535      3      2    133
  9673      568      1      1    133
  9673     1535      3      2    133
  9673     1538      3      3    133
  9674      326      1      1    133
  9674      568      1      2    133
  9674     1013      3      3    133
  9674     1411      3      4    133
  9674     1535      3      5    133
  9675      568      1      1    133
  9675     1535      3      2    133
  9675     1538      3      3    133
  9676      568      1      1    133
  9676      594      1      2    133
  9676     1535      3      3    133
  9676     1538      3      4    133
  9677      518      1      1    133
  9677     1013      3      2    133
  9677     1535      3      3    133
  9678      568      1      1    133
  9679      568      1      1    133
  9680      568      1      1    133
  9680     1535      3      2    133
  9680     1538      3      3    133
  9681      518      1      1    133
  9681      568      1      2    133
  9681     1013      3      3    133
  9681     1535      3      4    133
  9682      568      1      1    133
  9683      568      1      1    133
  9683     1013      3      2    133
  9684      568      1      1    133
  9684     1535      3      2    133
  9684     1538      3      3    133
  9685      568      1      1    133
  9685     1535      3      2    133
  9685     1538      3      3    133
  9686      568      1      1    133
  9686     1535      3      2    133
  9686     1538      3      3    133
  9687     1014      3      1    133
  9688      568      1      1    133
  9689      568      1      1    133
  9689     1014      3      2    133
  9690      568      1      1    133
  9690     1539      3      2    133
  9691      568      1      1    133
  9691     1539      3      2    133
  9692      568      1      1    133
  9692     1539      3      2    133
  9693      568      1      1    133
  9694      568      1      1    133
  9695      568      1      1    133
  9695     1539      3      2    133
  9695     1541      3      3    133
  9696      532      1      1    133
  9697      568      1      1    133
  9697     1539      3      2    133
  9697     1541      3      3    133
  9698      568      1      1    133
  9698     1539      3      2    133
  9698     1541      3      3    133
  9699      568      1      1    133
  9699     1539      3      2    133
  9700      568      1      1    133
  9701      568      1      1    133
  9701      589      1      2     73
  9702      568      1      1    133
  9702      590      1      2     73
  9703      568      1      1    133
  9703      575      1      2    133
  9703      577      1      3    133
  9704      568      1      1    133
  9704      575      1      2    133
  9704      576      1      3    133
  9704      577      1      4    133
  9704      578      1      5    133
  9705      568      1      1    133
  9705      575      1      2    133
  9706      568      1      1    133
  9706      575      1      2    133
  9707     9999      0      1    133
  9708     1736      5      1      0
  9708     1697      3      2    133
  9709     1736      5      1      0
  9709     1697      3      2    133
  9710      568      1      1    133
  9711      568      1      1    133
  9711      589      1      2     73
  9712     9999      0      1    133
  9713     9999      0      1    133
  9714      568      1      1    133
  9715     9999      0      1    133
  9716      541      1      1    140
  9717      568      1      1    133
  9718     9999      0      1      0
  9719      369      1      1    133
  9719      568      1      2    133
  9720      368      1      1    133
  9720      369      1      2    133
  9720      568      1      3    133
  9721      369      1      1    133
  9721      568      1      2    133
  9721      582      1      3    133
  9721     1736      5      4      0
  9722      369      1      1    133
  9722      568      1      2    133
  9722     1736      5      3      0
  9723      369      1      1    133
  9723      568      1      2    133
  9723      582      1      3    133
  9723     1736      5      4      0
  9724      568      1      1    133
  9724     1045      3      2    133
  9725      568      1      1    133
  9725     1572      3      2    133
  9726      476      1      1    133
  9726      568      1      2    133
  9726     1572      3      3    133
  9727      368      1      1    133
  9727      568      1      2    133
  9727     1644      3      3    133
  9727     1645      3      4    133
  9727     1646      3      5    133
  9728      369      1      1    133
  9728      568      1      2    133
  9728     1644      3      3    133
  9728     1645      3      4    133
  9728     1646      3      5    133
  9729      368      1      1    133
  9729      369      1      2    133
  9729      568      1      3    133
  9729     1644      3      4    133
  9729     1645      3      5    133
  9729     1646      3      6    133
  9730      568      1      1    133
  9730     1736      5      2      0
  9731      568      1      1    133
  9731     1736      5      2      0
  9732      568      1      1    133
  9732     1736      5      2      0
  9732     1616      3      3    133
  9732     1617      3      4    133
  9733      568      1      1    133
  9733      580      1      2    133
  9733     1736      5      3      0
  9733     1618      3      4    133
  9733     1619      3      5    133
  9734      568      1      1    133
  9734      581      1      2    133
  9734     1736      5      3      0
  9734     1616      3      4    133
  9734     1643      3      5    133
  9735      568      1      1    133
  9735      582      1      2    133
  9735     1736      5      3      0
  9735     1616      3      4    133
  9735     1643      3      5    133
  9736      568      1      1    133
  9736      579      1      2     73
  9736      596      1      3    133
  9736     1736      5      4      0
  9736     1618      3      5    133
  9736     1619      3      6    133
  9737      368      1      1    133
  9737      568      1      2    133
  9737     1644      3      3    133
  9737     1645      3      4    133
  9737     1646      3      5    133
  9738      568      1      1    133
  9738      579      1      2     73
  9738     1736      5      3      0
  9738     1618      3      4    133
  9738     1619      3      5    133
  9739      568      1      1    133
  9739      579      1      2     73
  9739      595      1      3    133
  9739     1736      5      4      0
  9739     1618      3      5    133
  9739     1619      3      6    133
  9740      568      1      1    133
  9741      568      1      1    133
  9741     1644      3      2    133
  9741     1645      3      3    133
  9741     1646      3      4    133
  9742      369      1      1    133
  9742      568      1      2    133
  9742     1644      3      3    133
  9742     1645      3      4    133
  9742     1646      3      5    133
  9743      476      1      1    133
  9743      568      1      2    133
  9743      591      1      3    133
  9743      592      1      4    133
  9743     1572      3      5    133
  9744      568      1      1    133
  9745      476      1      1    133
  9745      568      1      2    133
  9745     1572      3      3    133
  9746      476      1      1    133
  9746      568      1      2    133
  9746      591      1      3    133
  9746      592      1      4    133
  9746     1572      3      5    133
  9747      476      1      1    133
  9747      568      1      2    133
  9747      591      1      3    133
  9747      592      1      4    133
  9747      593      1      5    133
  9748      568      1      1    133
  9749      568      1      1    133
  9749     1644      3      2    133
  9749     1645      3      3    133
  9749     1646      3      4    133
  9750      368      1      1    133
  9750      568      1      2    133
  9751      369      1      1    133
  9751      568      1      2    133
  9752      369      1      1    133
  9752      568      1      2    133
  9752     1644      3      3    133
  9752     1645      3      4    133
  9752     1646      3      5    133
  9753      370      1      1     73
  9753      565      1      2    133
  9754      369      1      1    133
  9754      568      1      2    133
  9755      326      1      1    133
  9756      326      1      1    133
  9756      568      1      2    133
  9757      326      1      1    133
  9757      568      1      2    133
  9757     1013      3      3    133
  9757     1411      3      4    133
  9757     1535      3      5    133
  9758      568      1      1    133
  9759      568      1      1    133
  9760      568      1      1    133
  9761      568      1      1    133
  9762      568      1      1    133
  9763      568      1      1    133
  9764      476      1      1    133
  9764      568      1      2    133
  9765      476      1      1    133
  9765      568      1      2    133
  9766      568      1      1    133
  9767      568      1      1    133
  9768      568      1      1    133
  9769      568      1      1    133
  9770      568      1      1    133
  9771      568      1      1    133
  9772      568      1      1    133
  9773      568      1      1    133
  9774      326      1      1    133
  9774      568      1      2    133
  9774     1013      3      3    133
  9774     1410      3      4    133
  9775      568      1      1    133
  9775     1013      3      2    133
  9776      326      1      1    133
  9776      568      1      2    133
  9776     1013      3      3    133
  9776     1411      3      4    133
  9776     1535      3      5    133
  9777      568      1      1    133
  9778      568      1      1    133
  9778     1535      3      2    133
  9779      326      1      1    133
  9779      568      1      2    133
  9779     1013      3      3    133
  9780      568      1      1    133
  9780     1535      3      2    133
  9781      568      1      1    133
  9781     1550      3      2    133
  9782      568      1      1    133
  9782     1644      3      2    133
  9782     1645      3      3    133
  9782     1646      3      4    133
  9783      368      1      1    133
  9783      568      1      2    133
  9783     1736      5      3      0
  9783     1697      3      4    133
  9784      326      1      1    133
  9785      326      1      1    133
  9785      568      1      2    133
  9786      326      1      1    133
  9786      568      1      2    133
  9786     1013      3      3    133
  9787      326      1      1    133
  9787      568      1      2    133
  9787     1013      3      3    133
  9787     1410      3      4    133
  9788      326      1      1    133
  9788      568      1      2    133
  9788     1013      3      3    133
  9788     1411      3      4    133
  9789     9999      0      1    133
  9790      326      1      1    133
  9790      568      1      2    133
  9791      326      1      1    133
  9791      568      1      2    133
  9791     1013      3      3    133
  9791     1411      3      4    133
  9791     1535      3      5    133
  9792      326      1      1    133
  9792      568      1      2    133
  9793      326      1      1    133
  9793      568      1      2    133
  9793     1013      3      3    133
  9793     1410      3      4    133
  9794      326      1      1    133
  9794      568      1      2    133
  9794     1013      3      3    133
  9794     1410      3      4    133
  9795     1736      5      1      0
  9796      326      1      1    133
  9796      568      1      2    133
  9797     9999      0      1    133
  9798      326      1      1    133
  9798      568      1      2    133
  9798     1013      3      3    133
  9798     1410      3      4    133
  9799      568      1      1    133
  9799      575      1      2    133
  9800     9999      0      1    133
  9801      568      1      1    133
  9802      568      1      1    133
  9802      575      1      2    133
  9803     1736      5      1      0
  9803     1697      3      2    133
  9804     9999      0      1    133
  9805     9999      0      1      0
  9806      568      1      1    133
  9807     1736      5      1      0
  9807     1697      3      2    133
  9808     9999      0      1      0
  9809     1736      5      1      0
  9809     1697      3      2    133
  9810      568      1      1    133
  9811     9999      0      1    133
  9812      568      1      1    133
  9813     9999      0      1    133
  9814     9999      0      1    133
  9815      532      1      1    133
  9816     9999      0      1      0
  9817      568      1      1    133
  9818      568      1      1    133
  9819     1736      5      1      0
  9819     1697      3      2    133
  9820     1736      5      1      0
  9820     1697      3      2    133
  9821     1736      5      1      0
  9821     1697      3      2    133
  9822     1736      5      1      0
  9822     1697      3      2    133
  9823      568      1      1    133
  9823     1013      3      2    133
  9823     1535      3      3    133
  9824      568      1      1    133
  9824     1535      3      2    133
  9824     1538      3      3    133
  9825      568      1      1    133
  9825     1539      3      2    133
  9826      568      1      1    133
  9826     1539      3      2    133
  9826     1540      3      3    133
  9827      568      1      1    133
  9827     1539      3      2    133
  9827     1541      3      3    133
  9828      568      1      1    133
  9828     1572      3      2    133
  9829      568      1      1    133
  9829      574      1      2    133
  9830      568      1      1    133
  9830      575      1      2    133
  9831      568      1      1    133
  9831      575      1      2    133
  9831      576      1      3    133
  9832      568      1      1    133
  9832      575      1      2    133
  9832      576      1      3    133
  9832     1473      3      4    133
  9833      568      1      1    133
  9833      575      1      2    133
  9833      577      1      3    133
  9834      568      1      1    133
  9834      575      1      2    133
  9834      577      1      3    133
  9834     1473      3      4    133
  9835      568      1      1    133
  9835      575      1      2    133
  9835      576      1      3    133
  9835      577      1      4    133
  9835      578      1      5    133
  9836      568      1      1    133
  9836      575      1      2    133
  9836      576      1      3    133
  9836      577      1      4    133
  9836      578      1      5    133
  9836     1473      3      6    133
  9837      326      1      1    133
  9837      568      1      2    133
  9838      326      1      1    133
  9838      568      1      2    133
  9838     1013      3      3    133
  9838     1411      3      4    133
  9838     1535      3      5    133
  9839      368      1      1    133
  9839      568      1      2    133
  9840      368      1      1    133
  9840      568      1      2    133
  9840     1644      3      3    133
  9840     1645      3      4    133
  9840     1646      3      5    133
  9841      369      1      1    133
  9841      568      1      2    133
  9842     9999      0      1      0
  9843     9999      0      1      0
  9844     9999      0      1      0
  9845     9999      0      1      0
  9846     9999      0      1      0
  9847     9999      0      1      0
  9848     9999      0      1      0
  9849     9999      0      1      0
  9850     9999      0      1      0
  9851     9999      0      1      0
  9852     9999      0      1      0
  9853     9999      0      1      0
  9854     9999      0      1      0
  9855     9999      0      1      0
  9856     9999      0      1      0
  9857     9999      0      1      0
  9858     9999      0      1      0
  9859     9999      0      1      0
  9860     1598      3      1    132
  9861     9999      0      1      0
  9862     9999      0      1      0
  9863     9999      0      1      0
  9864     9999      0      1      0
  9865     9999      0      1      0
  9866     9999      0      1      0
  9867     9999      0      1      0
  9868     9999      0      1      0
  9869     9999      0      1      0
  9870     9999      0      1      0
  9871     9999      0      1      0
  9872     9999      0      1      0
  9873     9999      0      1      0
  9874     9999      0      1      0
  9875     9999      0      1      0
  9876     9999      0      1      0
  9877     9999      0      1      0
  9878     9999      0      1      0
  9879     9999      0      1      0
  9880     9999      0      1      0
  9881     9999      0      1      0
  9882     9999      0      1      0
  9883     9999      0      1      0
  9884     9999      0      1      0
  9885     9999      0      1      0
  9886     9999      0      1      0
  9887     9999      0      1      0
  9888     9999      0      1      0
  9889     9999      0      1      0
  9890     9999      0      1      0
  9891     9999      0      1      0
  9892     9999      0      1      0
  9893     9999      0      1      0
  9894     9999      0      1      0
  9895     9999      0      1      0
  9896     9999      0      1      0
  9897     9999      0      1      0
  9898     9999      0      1      0
  9899      289      1      1    132
  9900      292      1      1    134
  9901      292      1      1    134
  9901     1598      3      2    132
  9902     9999      0      1      0
  9903     9999      0      1      0
  9904     9999      0      1      0
  9905     9999      0      1      0
  9906     9999      0      1      0
  9907     9999      0      1      0
  9908     9999      0      1      0
  9909     9999      0      1      0
  9910     9999      0      1      0
  9911     9999      0      1      0
  9912     9999      0      1      0
  9913     9999      0      1      0
  9914     9999      0      1      0
  9915     9999      0      1      0
  9916     9999      0      1      0
  9917     9999      0      1      0
  9918     9999      0      1      0
  9919     9999      0      1      0
  9920     9999      0      1      0
  9921     9999      0      1      0
  9922     9999      0      1      0
  9923     9999      0      1      0
  9924     9999      0      1      0
  9925     9999      0      1      0
  9926     9999      0      1      0
  9927     9999      0      1      0
  9928     9999      0      1      0
  9929     9999      0      1      0
  9930     9999      0      1      0
  9931     9999      0      1      0
  9932     9999      0      1      0
  9933     9999      0      1      0
  9934     9999      0      1      0
  9935     9999      0      1      0
  9936     9999      0      1      0
  9937     9999      0      1      0
  9938     9999      0      1      0
  9939     9999      0      1      0
  9940      923      3      1    135
  9941     9999      0      1      0
  9942     9999      0      1      0
  9943     9999      0      1      0
  9944     9999      0      1      0
  9945     9999      0      1      0
  9946     9999      0      1      0
  9947     9999      0      1      0
  9948     9999      0      1      0
  9949     9999      0      1      0
  9950     9999      0      1      0
  9951     9999      0      1      0
  9952     9999      0      1      0
  9953     9999      0      1      0
  9954     9999      0      1      0
  9955     9999      0      1      0
  9956     9999      0      1      0
  9957     9999      0      1      0
  9958     9999      0      1      0
  9959     9999      0      1      0
  9960     9999      0      1      0
  9961     9999      0      1      0
  9962     9999      0      1      0
  9963     9999      0      1      0
  9964     9999      0      1      0
  9965     9999      0      1      0
  9966     9999      0      1      0
  9967     9999      0      1      0
  9968     9999      0      1      0
  9969     9999      0      1      0
  9970     9999      0      1      0
  9971     9999      0      1      0
  9972     9999      0      1      0
  9973     9999      0      1      0
  9974     9999      0      1      0
  9975     9999      0      1      0
  9976     1116      3      1    135
  9977     9999      0      1      0
  9978     9999      0      1      0
  9979     9999      0      1      0
  9980     9999      0      1      0
  9981     9999      0      1      0
  9982      465      1      1    126
  9982     1116      3      2    135
  9983      465      1      1    126
  9983     1116      3      2    135
  9983     1267      3      3    135
  9984     9999      0      1      0
  9985     9999      0      1      0
  9986     9999      0      1      0
  9987     9999      0      1      0
  9988     9999      0      1      0
  9989     9999      0      1      0
  9990     9999      0      1      0
  9991     9999      0      1      0
  9992     9999      0      1      0
  9993     9999      0      1      0
  9994     9999      0      1      0
  9995     9999      0      1      0
  9996     9999      0      1      0
  9997     9999      0      1      0
  9998     9999      0      1      0
  9999     9999      0      1      0
 10000     9999      0      1      0
 10001     9999      0      1      0
 10002     1047      3      1    136
 10003     1048      3      1    136
 10004     9999      0      1      0
 10005     9999      0      1      0
 10006     9999      0      1      0
 10007     9999      0      1      0
 10008     9999      0      1      0
 10009     9999      0      1      0
 10010     9999      0      1      0
 10011     9999      0      1      0
 10012     9999      0      1      0
 10013      388      1      1    136
 10014     9999      0      1      0
 10015     1328      3      1    136
 10016     9999      0      1      0
 10017     9999      0      1      0
 10018     9999      0      1      0
 10019     9999      0      1      0
 10020     9999      0      1      0
 10021     9999      0      1      0
 10022     9999      0      1      0
 10023      604      1      1    136
 10023      605      1      2    136
 10023     1423      3      3    124
 10024     1423      3      1    124
 10025     9999      0      1      0
 10026     9999      0      1      0
 10027     9999      0      1      0
 10028     9999      0      1      0
 10029     9999      0      1      0
 10030     9999      0      1      0
 10031     9999      0      1      0
 10032     9999      0      1      0
 10033     9999      0      1      0
 10034     9999      0      1      0
 10035     9999      0      1      0
 10036      315      1      1    136
 10037      388      1      1    136
 10038      315      1      1    136
 10038      388      1      2    136
 10039      315      1      1    136
 10039      389      1      2    136
 10040      616      1      1    136
 10041      616      1      1    136
 10041     1423      3      2    124
 10042     1125      3      1    126
 10043      617      1      1    136
 10043      619      1      2    136
 10043     1423      3      3    124
 10044     9999      0      1      0
 10045     1304      3      1    136
 10046     1328      3      1    136
 10047     9999      0      1      0
 10048     1328      3      1    136
 10049     9999      0      1      0
 10050     1328      3      1    136
 10051      315      1      1    136
 10051      389      1      2    136
 10052      315      1      1    136
 10053     1304      3      1    136
 10054      316      1      1    136
 10054      323      1      2    136
 10055     9999      0      1      0
 10056     1328      3      1    136
 10057     9999      0      1      0
 10058     1328      3      1    136
 10059      871      3      1    124
 10060     9999      0      1      0
 10061     9999      0      1      0
 10062     9999      0      1      0
 10063     9999      0      1      0
 10064     9999      0      1      0
 10065     9999      0      1      0
 10066     1328      3      1    136
 10067     9999      0      1      0
 10068     9999      0      1      0
 10069     9999      0      1      0
 10070     9999      0      1      0
 10071     9999      0      1      0
 10072     9999      0      1      0
 10073     9999      0      1      0
 10074     9999      0      1      0
 10075     9999      0      1      0
 10076      168      1      1    137
 10077      168      1      1    137
 10077     1423      3      2    124
 10078      168      1      1    137
 10078     1423      3      2    124
 10079      168      1      1    137
 10079     1423      3      2    124
 10080     9999      0      1      0
 10081     9999      0      1      0
 10082     9999      0      1      0
 10083     9999      0      1      0
 10084     9999      0      1      0
 10085     9999      0      1      0
 10086     9999      0      1      0
 10087     9999      0      1      0
 10088     9999      0      1      0
 10089     9999      0      1      0
 10090     1423      3      1    124
 10091      316      1      1    136
 10091      322      1      2    124
 10091      606      1      3    136
 10091      608      1      4    136
 10091     1423      3      5    124
 10091     1424      3      6    124
 10092      604      1      1    136
 10092      605      1      2    136
 10093      604      1      1    136
 10093      605      1      2    136
 10093     1423      3      3    124
 10094      606      1      1    136
 10095      606      1      1    136
 10095      607      1      2    136
 10095     1423      3      3    124
 10096     9999      0      1      0
 10097     9999      0      1      0
 10098     9999      0      1      0
 10099     9999      0      1      0
 10100     9999      0      1      0
 10101      290      1      1    137
 10102      290      1      1    137
 10102     1465      3      2    137
 10103      615      1      1    136
 10104      606      1      1    136
 10104      607      1      2    136
 10104      615      1      3    136
 10105      606      1      1    136
 10105      607      1      2    136
 10105      615      1      3    136
 10105     1423      3      4    124
 10106      616      1      1    104
 10107     9999      0      1      0
 10108     1465      3      1    137
 10109      413      1      1    137
 10110      316      1      1    136
 10110      322      1      2    124
 10111      316      1      1    136
 10111      322      1      2    124
 10111     1423      3      3    124
 10112      316      1      1    136
 10112      322      1      2    124
 10112      606      1      3    136
 10112      608      1      4    136
 10113     1423      3      1    124
 10114      604      1      1    136
 10114      605      1      2    136
 10114     1423      3      3    124
 10115      606      1      1    136
 10115      607      1      2    136
 10115      615      1      3    136
 10115     1423      3      4    124
 10116      616      1      1    104
 10116     1423      3      2    124
 10117     9999      0      1      0
 10118     9999      0      1      0
 10119     9999      0      1      0
 10120     9999      0      1      0
 10121      433      1      1    137
 10121     1596      3      2    138
 10122     9999      0      1      0
 10123     9999      0      1      0
 10124     9999      0      1      0
 10125     9999      0      1      0
 10126     9999      0      1      0
 10127     9999      0      1      0
 10128     9999      0      1      0
 10129     9999      0      1      0
 10130     9999      0      1      0
 10131     9999      0      1      0
 10132     9999      0      1      0
 10133     9999      0      1      0
 10134     9999      0      1      0
 10135     9999      0      1      0
 10136     9999      0      1      0
 10137     9999      0      1      0
 10138     9999      0      1      0
 10139     9999      0      1      0
 10140     9999      0      1      0
 10141     9999      0      1      0
 10142     9999      0      1      0
 10143     1068      3      1    138
 10144     1068      3      1    138
 10145     1068      3      1    138
 10146     1068      3      1    138
 10147     1068      3      1    138
 10148     1068      3      1    138
 10149     1068      3      1    138
 10150     1068      3      1    138
 10151     1068      3      1    138
 10152     1068      3      1    138
 10153     1068      3      1    138
 10154     9999      0      1      0
 10155     9999      0      1      0
 10156     9999      0      1      0
 10157     9999      0      1      0
 10158     9999      0      1      0
 10159     9999      0      1      0
 10160     9999      0      1      0
 10161     9999      0      1      0
 10162     1074      3      1    138
 10163     9999      0      1      0
 10164     9999      0      1      0
 10165     9999      0      1      0
 10166     9999      0      1      0
 10167     9999      0      1      0
 10168     9999      0      1      0
 10169     9999      0      1      0
 10170      456      1      1    138
 10171     9999      0      1      0
 10172     9999      0      1      0
 10173     9999      0      1      0
 10174       88      1      1    138
 10175      119      1      1    138
 10176      120      1      1    138
 10177      120      1      1    138
 10177     1657      3      2    138
 10178      125      1      1    138
 10179     9999      0      1      0
 10180     9999      0      1      0
 10181     9999      0      1      0
 10182     9999      0      1      0
 10183     9999      0      1      0
 10184     9999      0      1      0
 10185     9999      0      1      0
 10186     9999      0      1      0
 10187     9999      0      1      0
 10188     9999      0      1      0
 10189     1185      3      1    138
 10190      133      1      1    139
 10190     1074      3      2    138
 10191      139      1      1    138
 10192      139      1      1    138
 10192     1204      3      2    138
 10193      139      1      1    138
 10193     1578      3      2    138
 10194      139      1      1    138
 10194     1204      3      2    138
 10194     1578      3      3    138
 10195     1204      3      1    138
 10196     1068      3      1    138
 10196     1204      3      2    138
 10197      142      1      1    138
 10197     1068      3      2    138
 10198      144      1      1    138
 10198     1068      3      2    138
 10198     1204      3      3    138
 10199      144      1      1    138
 10199     1068      3      2    138
 10199     1204      3      3    138
 10199     1578      3      4    138
 10200      139      1      1    138
 10200      144      1      2    138
 10200     1204      3      3    138
 10200     1578      3      4    138
 10201      636      3      1    138
 10202      639      3      1    139
 10203     9999      0      1      0
 10204     9999      0      1      0
 10205     9999      0      1      0
 10206     1248      3      1    138
 10207     9999      0      1      0
 10208      659      3      1    138
 10209      337      1      1    138
 10210     9999      0      1      0
 10211     9999      0      1      0
 10212     9999      0      1      0
 10213      203      1      1    138
 10213     1463      3      2    138
 10214      209      1      1    138
 10215      706      3      1    138
 10216     9999      0      1      0
 10217     9999      0      1      0
 10218     9999      0      1      0
 10219     9999      0      1      0
 10220     9999      0      1      0
 10221     9999      0      1      0
 10222     1189      3      1    138
 10223     1365      3      1    138
 10224     1368      3      1    139
 10224     1369      3      2    139
 10225     1074      3      1    138
 10225     1368      3      2    139
 10225     1369      3      3    139
 10226      779      3      1    138
 10227      279      1      1    138
 10228      279      1      1    138
 10228     1185      3      2    138
 10229     9999      0      1    138
 10230      456      1      1    138
 10231     1202      3      1    138
 10232     9999      0      1      0
 10233      142      1      1    138
 10234     9999      0      1      0
 10235      491      1      1    139
 10235     1003      3      2    139
 10235     1074      3      3    138
 10236     9999      0      1      0
 10237      636      3      1    138
 10238      515      1      1    138
 10238     1068      3      2    138
 10238     1578      3      3    138
 10239      331      1      1    138
 10240      336      1      1    138
 10241     9999      0      1      0
 10242      337      1      1    138
 10242     1365      3      2    138
 10243      874      3      1    138
 10244      876      3      1    138
 10245     9999      0      1      0
 10246     1552      3      1    138
 10247      659      3      1    138
 10247     1552      3      2    138
 10248      350      1      1    138
 10249      351      1      1    138
 10249     1596      3      2    138
 10250      353      1      1    138
 10250     1596      3      2    138
 10251      357      1      1    138
 10251      358      1      2    138
 10252     1578      3      1    138
 10253     1068      3      1    138
 10253     1578      3      2    138
 10254     1596      3      1    138
 10255      383      1      1    138
 10256      384      1      1    138
 10257      386      1      1    138
 10258      387      1      1    138
 10259      396      1      1    138
 10260      396      1      1    138
 10261      396      1      1    138
 10262      396      1      1    138
 10263      396      1      1    138
 10264      396      1      1    138
 10265      396      1      1    138
 10266      396      1      1    138
 10266     1596      3      2    138
 10267      351      1      1    138
 10267      396      1      2    138
 10267     1596      3      3    138
 10268     1657      3      1    138
 10269     1663      3      1    138
 10270     1068      3      1    138
 10270     1663      3      2    138
 10271      433      1      1    137
 10272      431      1      1    137
 10273      431      1      1    137
 10273     1596      3      2    138
 10274      432      1      1    137
 10275     1028      3      1    138
 10276     9999      0      1      0
 10277     9999      0      1      0
 10278     9999      0      1      0
 10279     9999      0      1      0
 10280     9999      0      1      0
 10281     9999      0      1      0
 10282     9999      0      1      0
 10283     9999      0      1      0
 10284     9999      0      1      0
 10285     9999      0      1      0
 10286     9999      0      1      0
 10287     9999      0      1      0
 10288      438      1      1    139
 10289      439      1      1    139
 10290     9999      0      1      0
 10291     9999      0      1      0
 10292     9999      0      1      0
 10293     9999      0      1      0
 10294     9999      0      1      0
 10295     9999      0      1      0
 10296     9999      0      1      0
 10297     9999      0      1      0
 10298     9999      0      1      0
 10299     9999      0      1      0
 10300     9999      0      1      0
 10301     9999      0      1      0
 10302     9999      0      1      0
 10303     9999      0      1      0
 10304     9999      0      1      0
 10305     9999      0      1      0
 10306     9999      0      1      0
 10307     9999      0      1      0
 10308     9999      0      1      0
 10309     9999      0      1      0
 10310     9999      0      1      0
 10311     9999      0      1      0
 10312     9999      0      1      0
 10313     9999      0      1      0
 10314     9999      0      1      0
 10315     9999      0      1      0
 10316     9999      0      1      0
 10317     9999      0      1      0
 10318     9999      0      1      0
 10319     9999      0      1      0
 10320     9999      0      1      0
 10321     9999      0      1      0
 10322     9999      0      1      0
 10323     1074      3      1    138
 10324     1091      3      1    139
 10325     1091      3      1    139
 10326     1091      3      1    139
 10327     1091      3      1    139
 10328     1091      3      1    139
 10329     9999      0      1      0
 10330     9999      0      1      0
 10331     9999      0      1      0
 10332     9999      0      1      0
 10333     9999      0      1      0
 10334     9999      0      1      0
 10335     9999      0      1      0
 10336     9999      0      1      0
 10337     9999      0      1      0
 10338     9999      0      1      0
 10339     1628      3      1    139
 10339     1629      3      2    139
 10340     9999      0      1      0
 10341     1092      3      1    140
 10342     9999      0      1      0
 10343     9999      0      1      0
 10344     1149      3      1    139
 10345     9999      0      1      0
 10346     9999      0      1      0
 10347     9999      0      1      0
 10348     9999      0      1      0
 10349     9999      0      1      0
 10350     9999      0      1      0
 10351     9999      0      1      0
 10352     9999      0      1      0
 10353      105      1      1    139
 10354     9999      0      1      0
 10355     1172      3      1     12
 10356      122      1      1    139
 10357     1347      3      1    140
 10358     9999      0      1      0
 10359      133      1      1    139
 10360      133      1      1    139
 10360     1074      3      2    138
 10361     1191      3      1    139
 10362      364      1      1    139
 10362      378      1      2    139
 10363     1074      3      1    138
 10363     1368      3      2    139
 10363     1369      3      3    139
 10364     1231      3      1    139
 10365      158      1      1    139
 10366     1233      3      1    139
 10367     1149      3      1    139
 10368     9999      0      1      0
 10369     9999      0      1      0
 10370     9999      0      1      0
 10371     1627      3      1    139
 10371     1628      3      2    139
 10372     9999      0      1      0
 10373     1092      3      1    140
 10374     1231      3      1    139
 10375     1091      3      1    139
 10376     9999      0      1      0
 10377     9999      0      1      0
 10378     1231      3      1    139
 10379     9999      0      1    139
 10380     1091      3      1    139
 10381     1231      3      1    139
 10382     9999      0      1    139
 10383     1091      3      1    139
 10384     1231      3      1    139
 10385     1232      3      1    139
 10386     9999      0      1    139
 10387     1231      3      1    139
 10388     1232      3      1    139
 10389     1628      3      1    139
 10389     1629      3      2    139
 10390     1628      3      1    139
 10390     1629      3      2    139
 10391     1628      3      1    139
 10391     1629      3      2    139
 10392     1628      3      1    139
 10392     1629      3      2    139
 10393     1628      3      1    139
 10393     1629      3      2    139
 10394     1628      3      1    139
 10394     1629      3      2    139
 10395     1628      3      1    139
 10395     1629      3      2    139
 10396     1628      3      1    139
 10396     1629      3      2    139
 10397     1327      3      1    139
 10398      228      1      1    139
 10399     1339      3      1    139
 10400     1340      3      1    139
 10401     9999      0      1      0
 10402       65      1      1    139
 10403     9999      0      1      0
 10404     9999      0      1      0
 10405     9999      0      1      0
 10406     9999      0      1      0
 10407     1149      3      1    139
 10408     1627      3      1    139
 10408     1628      3      2    139
 10409     9999      0      1      0
 10410     1627      3      1    139
 10410     1628      3      2    139
 10411     1628      3      1    139
 10411     1629      3      2    139
 10412      320      1      1    139
 10413     1368      3      1    139
 10413     1369      3      2    139
 10414      320      1      1    139
 10414      364      1      2    139
 10414      378      1      3    139
 10415      550      1      1    140
 10415      551      1      2    140
 10415      552      1      3    140
 10416      274      1      1    139
 10417       65      1      1    139
 10418      378      1      1    139
 10419      364      1      1    139
 10419      378      1      2    139
 10420     9999      0      1      0
 10421     1231      3      1    139
 10422     1232      3      1    139
 10423     1233      3      1    139
 10424     9999      0      1      0
 10425     1092      3      1    140
 10426     1092      3      1    140
 10426     1713      3      2    140
 10427     9999      0      1      0
 10428     9999      0      1      0
 10429      540      1      1     37
 10429     1114      3      2    139
 10430     9999      0      1      0
 10431     1191      3      1    139
 10432      540      1      1     37
 10432     1114      3      2    139
 10433     1347      3      1    140
 10434     1092      3      1    140
 10435      491      1      1    139
 10435     1003      3      2    139
 10436      491      1      1    139
 10436     1003      3      2    139
 10436     1074      3      3    138
 10437     9999      0      1      0
 10438     1091      3      1    139
 10439     1149      3      1    139
 10440     9999      0      1      0
 10441     1149      3      1    139
 10442     9999      0      1      0
 10443      228      1      1    139
 10444     9999      0      1      0
 10445     1092      3      1    140
 10446      320      1      1    139
 10447     1091      3      1    139
 10448      510      1      1    139
 10449      510      1      1    139
 10449     1339      3      2    139
 10450      439      1      1    139
 10450      510      1      2    139
 10451     9999      0      1      0
 10452      438      1      1    139
 10453      439      1      1    139
 10454     9999      0      1      0
 10455     9999      0      1      0
 10456     9999      0      1      0
 10457      540      1      1     37
 10458      540      1      1     37
 10458     1114      3      2    139
 10459      540      1      1     37
 10459     1114      3      2    139
 10460      540      1      1     37
 10460     1114      3      2    139
 10461      540      1      1     37
 10461     1114      3      2    139
 10462      540      1      1     37
 10462     1114      3      2    139
 10463      540      1      1     37
 10463     1114      3      2    139
 10464      540      1      1     37
 10464     1191      3      2    139
 10465      320      1      1    139
 10465      540      1      2     37
 10465     1114      3      3    139
 10466      378      1      1    139
 10467      364      1      1    139
 10467      378      1      2    139
 10468     1627      3      1    139
 10468     1628      3      2    139
 10469     1628      3      1    139
 10469     1629      3      2    139
 10470     1232      3      1    139
 10471      550      1      1    140
 10471      551      1      2    140
 10471      552      1      3    140
 10472     1092      3      1    140
 10473     1092      3      1    140
 10474     1092      3      1    140
 10475     1092      3      1    140
 10476     1092      3      1    140
 10477     1092      3      1    140
 10478     1092      3      1    140
 10479     1092      3      1    140
 10480     1092      3      1    140
 10481     1092      3      1    140
 10481     1713      3      2    140
 10482     9999      0      1      0
 10483     9999      0      1      0
 10484     9999      0      1      0
 10485     9999      0      1      0
 10486     9999      0      1      0
 10487     9999      0      1      0
 10488     9999      0      1      0
 10489     9999      0      1      0
 10490     9999      0      1      0
 10491     9999      0      1      0
 10492     9999      0      1      0
 10493     1038      3      1    100
 10494     9999      0      1      0
 10495     9999      0      1      0
 10496     9999      0      1      0
 10497     9999      0      1      0
 10498     9999      0      1      0
 10499     1168      3      1    140
 10500     9999      0      1      0
 10501     9999      0      1      0
 10502     9999      0      1      0
 10503     9999      0      1      0
 10504     9999      0      1      0
 10505     9999      0      1      0
 10506     9999      0      1      0
 10507     9999      0      1      0
 10508     9999      0      1      0
 10509     9999      0      1      0
 10510     9999      0      1      0
 10511     9999      0      1      0
 10512     9999      0      1      0
 10513     9999      0      1      0
 10514     9999      0      1      0
 10515     9999      0      1      0
 10516     9999      0      1      0
 10517      452      1      1    140
 10518       61      1      1    100
 10519     9999      0      1      0
 10520     9999      0      1      0
 10521     9999      0      1      0
 10522     9999      0      1      0
 10523     9999      0      1      0
 10524     9999      0      1      0
 10525     9999      0      1      0
 10526     9999      0      1      0
 10527     9999      0      1      0
 10528     9999      0      1      0
 10529     9999      0      1      0
 10530      293      1      1    140
 10530      452      1      2    140
 10531     9999      0      1      0
 10532     9999      0      1      0
 10533     1092      3      1    140
 10534     1092      3      1    140
 10535     1092      3      1    140
 10536     1092      3      1    140
 10537     1092      3      1    140
 10538     1092      3      1    140
 10539     1092      3      1    140
 10540     1092      3      1    140
 10541     1092      3      1    140
 10542     9999      0      1      0
 10543     9999      0      1      0
 10544     9999      0      1      0
 10545     9999      0      1      0
 10546     9999      0      1      0
 10547     9999      0      1      0
 10548     9999      0      1      0
 10549     9999      0      1      0
 10550     9999      0      1      0
 10551     9999      0      1      0
 10552     9999      0      1      0
 10553     1092      3      1    140
 10554     9999      0      1      0
 10555     9999      0      1      0
 10556     9999      0      1      0
 10557     9999      0      1      0
 10558     9999      0      1      0
 10559     9999      0      1      0
 10560     9999      0      1      0
 10561     9999      0      1      0
 10562     9999      0      1      0
 10563     1168      3      1    140
 10564     9999      0      1      0
 10565     9999      0      1      0
 10566     9999      0      1      0
 10567     9999      0      1      0
 10568     9999      0      1      0
 10569     9999      0      1      0
 10570     9999      0      1      0
 10571     9999      0      1      0
 10572     9999      0      1      0
 10573     9999      0      1      0
 10574     9999      0      1      0
 10575     9999      0      1      0
 10576     9999      0      1      0
 10577     9999      0      1      0
 10578     9999      0      1      0
 10579     9999      0      1      0
 10580     9999      0      1      0
 10581     9999      0      1      0
 10582     9999      0      1      0
 10583     9999      0      1      0
 10584     9999      0      1      0
 10585     9999      0      1      0
 10586     9999      0      1      0
 10587     9999      0      1      0
 10588     9999      0      1      0
 10589     9999      0      1      0
 10590     9999      0      1      0
 10591       61      1      1    100
 10591      230      1      2    100
 10592     9999      0      1      0
 10593      755      3      1    140
 10594     1197      3      1    140
 10595     1210      3      1    100
 10596     1210      3      1    100
 10597     1210      3      1    100
 10598     1210      3      1    100
 10599     1210      3      1    100
 10600      626      3      1    100
 10601     1092      3      1    140
 10602     1197      3      1    140
 10603     1418      3      1    140
 10604     1469      3      1    105
 10605     1581      3      1    140
 10606     1581      3      1    140
 10607     1581      3      1    140
 10608     1581      3      1    140
 10609     1581      3      1    140
 10610     1581      3      1    140
 10611     1581      3      1    140
 10612     1347      3      1    140
 10613      686      3      1    100
 10614     9999      0      1    140
 10615     9999      0      1    140
 10616     9999      0      1    140
 10617     9999      0      1      0
 10618     1092      3      1    140
 10619      128      1      1    140
 10620      293      1      1    140
 10621      238      1      1    140
 10622     1347      3      1    140
 10623     1092      3      1    140
 10624     9999      0      1      0
 10625     1313      3      1    100
 10626     1347      3      1    140
 10627     9999      0      1      0
 10628     1347      3      1    140
 10629      320      1      1    139
 10630      364      1      1    139
 10630      365      1      2    139
 10631      452      1      1    140
 10632      320      1      1    139
 10632      364      1      2    139
 10632      378      1      3    139
 10633      550      1      1    140
 10633      551      1      2    140
 10633      552      1      3    140
 10634      550      1      1    140
 10634      551      1      2    140
 10634      553      1      3    140
 10634      554      1      4    140
 10635      550      1      1    140
 10635      551      1      2    140
 10636      550      1      1    140
 10636      551      1      2    140
 10636      552      1      3    140
 10637      550      1      1    140
 10637      551      1      2    140
 10637      553      1      3    140
 10637      554      1      4    140
 10638      364      1      1    139
 10638      365      1      2    139
 10639      378      1      1    139
 10640      320      1      1    139
 10640      364      1      2    139
 10640      378      1      3    139
 10641      550      1      1    140
 10641      551      1      2    140
 10642     9999      0      1      0
 10643      301      1      1    139
 10644      363      1      1    139
 10645      301      1      1    139
 10645      422      1      2    139
 10646      363      1      1    139
 10646      422      1      2    139
 10647      378      1      1    139
 10648      364      1      1    139
 10648      378      1      2    139
 10649      526      1      1    139
 10650      485      1      1    140
 10651      364      1      1    139
 10651      485      1      2    140
 10652      364      1      1    139
 10652      378      1      2    139
 10653     1347      3      1    140
 10654     1092      3      1    140
 10655     1092      3      1    140
 10656     1347      3      1    140
 10657     1092      3      1    140
 10657     1347      3      2    140
 10658     9999      0      1      0
 10659     1581      3      1    140
 10660      301      1      1    139
 10661     9999      0      1      0
 10662     1313      3      1    100
 10663     1701      3      1    100
 10663     1702      3      2    100
 10664     9999      0      1      0
 10665      309      1      1    100
 10666     1092      3      1    140
 10667     1092      3      1    140
 10668     1313      3      1    100
 10669     9999      0      1      0
 10670      256      1      1    140
 10671      256      1      1    140
 10671      257      1      2    140
 10672      256      1      1    140
 10672      258      1      2    140
 10673     9999      0      1      0
 10674      294      1      1    139
 10675      294      1      1    139
 10675      698      3      2    140
 10676     9999      0      1      0
 10677      526      1      1    139
 10678      487      1      1    105
 10679      230      1      1    100
 10679      347      1      2    100
 10680      536      1      1    100
 10681       61      1      1    100
 10681      536      1      2    100
 10682      363      1      1    139
 10683      364      1      1    139
 10684      364      1      1    139
 10684      365      1      2    139
 10685      550      1      1    140
 10685      551      1      2    140
 10686      550      1      1    140
 10686      551      1      2    140
 10686      552      1      3    140
 10687      550      1      1    140
 10687      551      1      2    140
 10687      553      1      3    140
 10687      554      1      4    140
 10688     9999      0      1      0
 10689     1092      3      1    140
 10690      378      1      1    139
 10691      364      1      1    139
 10691      378      1      2    139
 10692      969      3      1    140
 10693     1701      3      1    100
 10693     1702      3      2    100
 10694      301      1      1    139
 10694      422      1      2    139
 10695      347      1      1    100
 10696      536      1      1    100
 10697      886      3      1    141
 10698     1559      3      1    100
 10699      355      1      1    141
 10700     1559      3      1    100
 10700     1561      3      2    100
 10701     1559      3      1    100
 10701     1561      3      2    100
 10702      420      1      1    140
 10703      420      1      1    140
 10703     1506      3      2    141
 10704     9999      0      1      0
 10705     9999      0      1      0
 10706     9999      0      1      0
 10707     9999      0      1      0
 10708     9999      0      1      0
 10709     9999      0      1      0
 10710      421      1      1    140
 10710     1506      3      2    141
 10711      421      1      1    140
 10711     1606      3      2    141
 10712       61      1      1    100
 10712      536      1      2    100
 10713     9999      0      1    141
 10714      235      1      1    141
 10714      421      1      2    140
 10714     1506      3      3    141
 10715      235      1      1    141
 10716      458      1      1    140
 10717      458      1      1    140
 10717     1606      3      2    141
 10718      235      1      1    141
 10718      458      1      2    140
 10719      235      1      1    141
 10719      458      1      2    140
 10719     1606      3      3    141
 10720      546      1      1    100
 10721      230      1      1    100
 10721      453      1      2    100
 10721      546      1      3    100
 10722      458      1      1    140
 10722     1612      3      2    105
 10723      730      3      1    141
 10724     9999      0      1      0
 10725      453      1      1    100
 10726      230      1      1    100
 10726      347      1      2    100
 10726      453      1      3    100
 10727     1606      3      1    141
 10728      235      1      1    141
 10728      480      1      2    105
 10729     1178      3      1    123
 10730      420      1      1    140
 10730      480      1      2    105
 10731      421      1      1    140
 10731      480      1      2    105
 10732      480      1      1    105
 10733      908      3      1    141
 10734     9999      0      1      0
 10735     9999      0      1      0
 10736     9999      0      1      0
 10737     9999      0      1      0
 10738     9999      0      1      0
 10739     9999      0      1      0
 10740      683      3      1    141
 10740     1119      3      2    141
 10741      683      3      1    141
 10741     1119      3      2    141
 10742     9999      0      1      0
 10743      235      1      1    141
 10743      421      1      2    140
 10743      480      1      3    105
 10744      235      1      1    141
 10744      458      1      2    140
 10744     1612      3      3    105
 10745     9999      0      1      0
 10746      487      1      1    105
 10747      377      1      1    142
 10747     1647      3      2    141
 10747     1649      3      3    123
 10747     1650      3      4    141
 10748      421      1      1    140
 10748      489      1      2    105
 10749     9999      0      1      0
 10750     9999      0      1      0
 10751     9999      0      1      0
 10752      492      1      1    100
 10752      493      1      2    100
 10753      492      1      1    100
 10753      493      1      2    100
 10754      492      1      1    100
 10754      493      1      2    100
 10755      683      3      1    141
 10756      230      1      1    100
 10756      347      1      2    100
 10757      971      3      1    141
 10758     9999      0      1      0
 10759     9999      0      1      0
 10760      971      3      1    141
 10761      421      1      1    140
 10762      230      1      1    100
 10763      230      1      1    100
 10764     9999      0      1      0
 10765     9999      0      1      0
 10766     9999      0      1      0
 10767     9999      0      1      0
 10768     9999      0      1      0
 10769      235      1      1    141
 10770      235      1      1    141
 10771      235      1      1    141
 10772      235      1      1    141
 10773      235      1      1    141
 10774      235      1      1    141
 10775     9999      0      1      0
 10776     9999      0      1      0
 10777     9999      0      1      0
 10778      235      1      1    141
 10778     1606      3      2    141
 10779     9999      0      1      0
 10780     1181      3      1    141
 10781     1181      3      1    141
 10782     1181      3      1    141
 10783     1181      3      1    141
 10784     1182      3      1    141
 10785     9999      0      1      0
 10786     9999      0      1      0
 10787     1181      3      1    141
 10788     1390      3      1    141
 10789      318      1      1    139
 10790      318      1      1    139
 10791      537      1      1    142
 10791     1067      3      2    142
 10792      537      1      1    142
 10792     1067      3      2    142
 10792     1577      3      3    142
 10793      537      1      1    142
 10793     1067      3      2    142
 10793     1187      3      3    105
 10793     1577      3      4    142
 10794      538      1      1    142
 10794     1647      3      2    141
 10794     1650      3      3    141
 10794     1651      3      4    142
 10795     1400      3      1    142
 10796      421      1      1    140
 10797      421      1      1    140
 10798      421      1      1    140
 10798     1606      3      2    105
 10799      421      1      1    140
 10799     1606      3      2    105
 10800     9999      0      1      0
 10801     9999      0      1      0
 10802     9999      0      1      0
 10803     9999      0      1      0
 10804     9999      0      1      0
 10805      376      1      1    142
 10805     1647      3      2    141
 10805     1650      3      3    141
 10806      538      1      1    142
 10806     1647      3      2    141
 10806     1650      3      3    141
 10806     1651      3      4    142
 10807      374      1      1    142
 10807     1647      3      2    141
 10807     1649      3      3    142
 10807     1650      3      4    141
 10808      375      1      1    142
 10808     1649      3      2    142
 10809      375      1      1    142
 10809     1647      3      2    141
 10809     1650      3      3    141
 10810      376      1      1    142
 10810     1647      3      2    141
 10810     1650      3      3    141
 10811      538      1      1    142
 10811     1647      3      2    141
 10811     1650      3      3    141
 10811     1651      3      4    142
 10812      377      1      1    142
 10812     1647      3      2    141
 10812     1650      3      3    141
 10813      374      1      1    142
 10813     1649      3      2    142
 10814      479      1      1    105
 10815      421      1      1    140
 10815      479      1      2    105
 10816      421      1      1    140
 10816      479      1      2    105
 10816     1606      3      3    105
 10817      480      1      1    105
 10818      537      1      1    142
 10819     9999      0      1      0
 10820     9999      0      1      0
 10821     9999      0      1      0
 10822     9999      0      1      0
 10823     9999      0      1      0
 10824     9999      0      1      0
 10825     9999      0      1      0
 10826      377      1      1    142
 10827      318      1      1    139
 10828     1178      3      1    142
 10828     1647      3      2    141
 10828     1650      3      3    141
 10829      377      1      1    142
 10829     1647      3      2    141
 10829     1649      3      3    142
 10829     1650      3      4    141
 10830     1606      3      1    105
 10831      234      1      1    142
 10831      494      1      2    143
 10832     1647      3      1    141
 10832     1648      3      2    141
 10833     1178      3      1    142
 10833     1647      3      2    141
 10833     1650      3      3    141
 10834      143      1      1    143
 10834      234      1      2    142
 10835     9999      0      1      0
 10836     9999      0      1      0
 10837     9999      0      1      0
 10838     9999      0      1      0
 10839     9999      0      1      0
 10840     9999      0      1      0
 10841     9999      0      1      0
 10842     9999      0      1      0
 10843     9999      0      1      0
 10844     9999      0      1      0
 10845     9999      0      1      0
 10846     9999      0      1      0
 10847     9999      0      1      0
 10848     9999      0      1      0
 10849     9999      0      1      0
 10850     1178      3      1    142
 10851      234      1      1    142
 10852      234      1      1    142
 10853     9999      0      1      0
 10854     9999      0      1      0
 10855     9999      0      1      0
 10856     9999      0      1      0
 10857     9999      0      1      0
 10858     9999      0      1      0
 10859     9999      0      1      0
 10860     9999      0      1      0
 10861     9999      0      1      0
 10862     9999      0      1      0
 10863     9999      0      1      0
 10864     9999      0      1      0
 10865     9999      0      1      0
 10866     9999      0      1      0
 10867     9999      0      1    143
 10868     1105      3      1    143
 10869      234      1      1    142
 10869      494      1      2    143
 10870      143      1      1    143
 10871      143      1      1    143
 10871     1105      3      2    143
 10872     1105      3      1    143
 10872     1106      3      2    123
 10872     1476      3      3    143
 10873     1105      3      1    143
 10873     1106      3      2    123
 10873     1476      3      3    143
 10874     1105      3      1    143
 10874     1106      3      2    123
 10874     1476      3      3    143
 10875     1105      3      1    143
 10875     1106      3      2    123
 10875     1476      3      3    143
 10876     1105      3      1    143
 10877      130      1      1    144
 10878     1571      3      1    143
 10879      234      1      1    142
 10880      234      1      1    142
 10881     9999      0      1      0
 10882     9999      0      1      0
 10883     9999      0      1      0
 10884      234      1      1    142
 10885     1105      3      1    143
 10886      130      1      1    144
 10886     1105      3      2    143
 10887     9999      0      1      0
 10888      143      1      1    143
 10888      234      1      2    142
 10889     9999      0      1      0
 10890     9999      0      1      0
 10891     9999      0      1      0
 10892     9999      0      1      0
 10893     9999      0      1      0
 10894     9999      0      1      0
 10895     9999      0      1      0
 10896     9999      0      1      0
 10897     1791      5      1      0
 10897     1792      5      2      0
 10897     1793      5      3      0
 10898     1791      5      1      0
 10898     1792      5      2      0
 10898     1793      5      3      0
 10899     9999      0      1      0
 10900     9999      0      1      0
 10901      130      1      1    144
 10902     1791      5      1      0
 10902     1792      5      2      0
 10902     1793      5      3      0
 10903     1791      5      1      0
 10903     1792      5      2      0
 10903     1793      5      3      0
 10904     1791      5      1      0
 10904     1792      5      2      0
 10904     1793      5      3      0
 10905     1791      5      1      0
 10905     1792      5      2      0
 10905     1793      5      3      0
 10906     1791      5      1      0
 10906     1792      5      2      0
 10906     1793      5      3      0
 10907     1791      5      1      0
 10907     1792      5      2      0
 10907     1793      5      3      0
 10908     1791      5      1      0
 10908     1792      5      2      0
 10908     1793      5      3      0
 10909     1791      5      1      0
 10909     1792      5      2      0
 10909     1793      5      3      0
 10910     1791      5      1      0
 10910     1792      5      2      0
 10910     1793      5      3      0
 10911      135      1      1    145
 10912      136      1      1    145
 10913      332      1      1    145
 10913     1791      5      2      0
 10913     1792      5      3      0
 10913     1793      5      4      0
 10914     1791      5      1      0
 10914     1792      5      2      0
 10914     1793      5      3      0
 10915      332      1      1    145
 10915     1791      5      2      0
 10915     1792      5      3      0
 10915     1793      5      4      0
 10916      332      1      1    145
 10916      426      1      2    145
 10916     1791      5      3      0
 10916     1792      5      4      0
 10916     1793      5      5      0
 10917      332      1      1    145
 10917      542      1      2    145
 10917      543      1      3    145
 10917     1791      5      4      0
 10917     1792      5      5      0
 10917     1793      5      6      0
 10918     1791      5      1      0
 10918     1792      5      2      0
 10918     1793      5      3      0
 10919     1791      5      1      0
 10919     1792      5      2      0
 10919     1793      5      3      0
 10920     1791      5      1      0
 10920     1792      5      2      0
 10920     1793      5      3      0
 10921     1791      5      1      0
 10921     1792      5      2      0
 10921     1793      5      3      0
 10922     9999      0      1      0
 10923     9999      0      1      0
 10924     9999      0      1      0
 10925     9999      0      1      0
 10926     9999      0      1      0
 10927     9999      0      1      0
 10928      332      1      1    145
 10928      542      1      2    145
 10929      332      1      1    145
 10929      542      1      2    145
 10929      543      1      3    145
 10929     1791      5      4      0
 10929     1792      5      5      0
 10929     1793      5      6      0
 10930     1791      5      1      0
 10930     1792      5      2      0
 10930     1793      5      3      0
 10930     1568      3      4    145
 10931     9999      0      1      0
 10932     1791      5      1      0
 10932     1792      5      2      0
 10932     1793      5      3      0
 10933     1791      5      1      0
 10933     1792      5      2      0
 10933     1793      5      3      0
 10934     1791      5      1      0
 10934     1792      5      2      0
 10934     1793      5      3      0
 10935     1791      5      1      0
 10935     1792      5      2      0
 10935     1793      5      3      0
 10935     1407      3      4    145
 10936      332      1      1    145
 10936      542      1      2    145
 10936     1791      5      3      0
 10936     1792      5      4      0
 10936     1793      5      5      0
 10937     9999      0      1      0
 10938     9999      0      1      0
 10939     9999      0      1      0
 10940     9999      0      1      0
 10941     9999      0      1      0
 10942     9999      0      1      0
 10943     1791      5      1      0
 10943     1792      5      2      0
 10943     1793      5      3      0
 10943     1569      3      4    145
 10944     1791      5      1      0
 10944     1792      5      2      0
 10944     1793      5      3      0
 10944     1044      3      4    145
 10945      332      1      1    145
 10945      426      1      2    145
 10945      542      1      3    145
 10945     1791      5      4      0
 10945     1792      5      5      0
 10945     1793      5      6      0
 10946     1791      5      1      0
 10946     1792      5      2      0
 10946     1793      5      3      0
 10947     1791      5      1      0
 10947     1792      5      2      0
 10947     1793      5      3      0
 10947     1599      3      4    145
 10947     1600      3      5    145
 10948     9999      0      1      0
 10949     1791      5      1      0
 10949     1792      5      2      0
 10949     1793      5      3      0
 10949     1570      3      4    145
 10950     1791      5      1      0
 10950     1792      5      2      0
 10950     1793      5      3      0
 10951     1791      5      1      0
 10951     1792      5      2      0
 10951     1793      5      3      0
 10952     1791      5      1      0
 10952     1792      5      2      0
 10952     1793      5      3      0
 10953     1791      5      1      0
 10953     1792      5      2      0
 10953     1793      5      3      0
 10954     1791      5      1      0
 10954     1792      5      2      0
 10954     1793      5      3      0
 10955      332      1      1    145
 10956      210      1      1    145
 10956     1791      5      2      0
 10956     1792      5      3      0
 10956     1793      5      4      0
 10957     9999      0      1      0
 10958     9999      0      1      0
 10959     9999      0      1      0
 10960     9999      0      1      0
 10961     9999      0      1      0
 10962     9999      0      1      0
 10963     9999      0      1      0
 10964     9999      0      1      0
 10965     9999      0      1      0
 10966     9999      0      1      0
 10967     9999      0      1      0
 10968     9999      0      1      0
 10969     9999      0      1      0
 10970     9999      0      1      0
 10971     9999      0      1      0
 10972     9999      0      1      0
 10973     9999      0      1      0
 10974     9999      0      1      0
 10975     9999      0      1      0
 10976      132      1      1    145
 10977     1599      3      1    145
 10977     1600      3      2    145
 10978     1039      3      1    146
 10979     1050      3      1    146
 10980     9999      0      1      0
 10981     9999      0      1      0
 10982     9999      0      1      0
 10983     9999      0      1      0
 10984     9999      0      1      0
 10985     9999      0      1      0
 10986     9999      0      1      0
 10987     9999      0      1      0
 10988     9999      0      1      0
 10989     9999      0      1      0
 10990     9999      0      1      0
 10991     9999      0      1      0
 10992     9999      0      1      0
 10993     9999      0      1      0
 10994     9999      0      1      0
 10995     9999      0      1      0
 10996     9999      0      1      0
 10997     9999      0      1      0
 10998     1056      3      1    146
 10999     1064      3      1    146
 11000     1064      3      1    146
 11000     1066      3      2    146
 11001     9999      0      1      0
 11002     9999      0      1      0
 11003     1073      3      1    146
 11004      922      3      1    146
 11004     1073      3      2    146
 11005     1088      3      1    146
 11006      670      3      1    146
 11006     1088      3      2    146
 11007     9999      0      1      0
 11008     9999      0      1      0
 11009     9999      0      1      0
 11010     9999      0      1      0
 11011     9999      0      1      0
 11012     9999      0      1      0
 11013     9999      0      1      0
 11014     9999      0      1      0
 11015     9999      0      1      0
 11016     9999      0      1      0
 11017     9999      0      1      0
 11018     9999      0      1      0
 11019     9999      0      1      0
 11020     9999      0      1      0
 11021     9999      0      1      0
 11022     9999      0      1      0
 11023     9999      0      1      0
 11024     9999      0      1      0
 11025     9999      0      1      0
 11026     9999      0      1      0
 11027     9999      0      1      0
 11028     9999      0      1      0
 11029     9999      0      1      0
 11030     9999      0      1      0
 11031     9999      0      1      0
 11032     9999      0      1      0
 11033     9999      0      1      0
 11034     9999      0      1      0
 11035     9999      0      1      0
 11036     9999      0      1      0
 11037     9999      0      1      0
 11038     9999      0      1      0
 11039     9999      0      1      0
 11040     9999      0      1      0
 11041     9999      0      1      0
 11042     9999      0      1      0
 11043     9999      0      1      0
 11044     9999      0      1      0
 11045     9999      0      1      0
 11046     9999      0      1      0
 11047     9999      0      1      0
 11048     9999      0      1      0
 11049     9999      0      1      0
 11050     9999      0      1      0
 11051      984      3      1    146
 11052     1110      3      1    146
 11053     1128      3      1    146
 11054     9999      0      1      0
 11055     9999      0      1      0
 11056      984      3      1    146
 11057     1128      3      1    146
 11058     1266      3      1    146
 11059     1139      3      1    146
 11060     1141      3      1    146
 11061     1150      3      1    146
 11062     9999      0      1      0
 11063     9999      0      1      0
 11064     9999      0      1      0
 11065     9999      0      1      0
 11066     9999      0      1      0
 11067     1050      3      1    146
 11067     1052      3      2    146
 11068     1791      5      1      0
 11068     1792      5      2      0
 11068     1793      5      3      0
 11069     1791      5      1      0
 11069     1792      5      2      0
 11069     1793      5      3      0
 11070     1180      3      1    146
 11071     9999      0      1      0
 11072     9999      0      1      0
 11073     9999      0      1      0
 11074     9999      0      1      0
 11075     9999      0      1      0
 11076     9999      0      1      0
 11077     9999      0      1      0
 11078     9999      0      1      0
 11079     9999      0      1      0
 11080     9999      0      1      0
 11081     9999      0      1      0
 11082     9999      0      1      0
 11083     9999      0      1      0
 11084     9999      0      1      0
 11085     9999      0      1      0
 11086     9999      0      1      0
 11087     9999      0      1      0
 11088     9999      0      1      0
 11089     9999      0      1      0
 11090     9999      0      1      0
 11091     9999      0      1      0
 11092     9999      0      1      0
 11093     9999      0      1      0
 11094     9999      0      1      0
 11095     9999      0      1      0
 11096     9999      0      1      0
 11097     9999      0      1      0
 11098     9999      0      1      0
 11099     9999      0      1      0
 11100     1791      5      1      0
 11100     1792      5      2      0
 11100     1793      5      3      0
 11101     1791      5      1      0
 11101     1792      5      2      0
 11101     1793      5      3      0
 11102     1791      5      1      0
 11102     1792      5      2      0
 11102     1793      5      3      0
 11103     1791      5      1      0
 11103     1792      5      2      0
 11103     1793      5      3      0
 11104     1791      5      1      0
 11104     1792      5      2      0
 11104     1793      5      3      0
 11105     1791      5      1      0
 11105     1792      5      2      0
 11105     1793      5      3      0
 11106     1791      5      1      0
 11106     1792      5      2      0
 11106     1793      5      3      0
 11107     1791      5      1      0
 11107     1792      5      2      0
 11107     1793      5      3      0
 11108     1791      5      1      0
 11108     1792      5      2      0
 11108     1793      5      3      0
 11109     1791      5      1      0
 11109     1792      5      2      0
 11109     1793      5      3      0
 11110     1791      5      1      0
 11110     1792      5      2      0
 11110     1793      5      3      0
 11111     1791      5      1      0
 11111     1792      5      2      0
 11111     1793      5      3      0
 11112     1791      5      1      0
 11112     1792      5      2      0
 11112     1793      5      3      0
 11113      132      1      1    145
 11114     1188      3      1    146
 11115      134      1      1    146
 11116     1194      3      1    146
 11117     1198      3      1    146
 11118     1205      3      1    146
 11119     1206      3      1    146
 11120     1791      5      1      0
 11120     1792      5      2      0
 11120     1793      5      3      0
 11121     1791      5      1      0
 11121     1792      5      2      0
 11121     1793      5      3      0
 11122     1791      5      1      0
 11122     1792      5      2      0
 11122     1793      5      3      0
 11123     1791      5      1      0
 11123     1792      5      2      0
 11123     1793      5      3      0
 11124     1724      5      1      0
 11124     1791      5      2      0
 11124     1792      5      3      0
 11124     1793      5      4      0
 11125     1215      3      1      1
 11126     1275      3      1    146
 11127     1228      3      1    146
 11128     1791      5      1      0
 11128     1792      5      2      0
 11128     1793      5      3      0
 11129     1791      5      1      0
 11129     1792      5      2      0
 11129     1793      5      3      0
 11130     1238      3      1    146
 11131      166      1      1    146
 11132      648      3      1    146
 11133      516      1      1    146
 11133     1791      5      2      0
 11133     1792      5      3      0
 11133     1793      5      4      0
 11134     1791      5      1      0
 11134     1792      5      2      0
 11134     1793      5      3      0
 11135     1791      5      1      0
 11135     1792      5      2      0
 11135     1793      5      3      0
 11136     1791      5      1      0
 11136     1792      5      2      0
 11136     1793      5      3      0
 11137     1791      5      1      0
 11137     1792      5      2      0
 11137     1793      5      3      0
 11138     1791      5      1      0
 11138     1792      5      2      0
 11138     1793      5      3      0
 11138     1517      3      4    146
 11139     1791      5      1      0
 11139     1792      5      2      0
 11139     1793      5      3      0
 11140     1791      5      1      0
 11140     1792      5      2      0
 11140     1793      5      3      0
 11141     1266      3      1    146
 11142      667      3      1    146
 11143      668      3      1    146
 11144      669      3      1    146
 11145      670      3      1    146
 11146      671      3      1    146
 11147     9999      0      1      0
 11148      673      3      1    146
 11149      674      3      1    146
 11150      676      3      1    146
 11151      678      3      1    146
 11152      679      3      1    146
 11153      681      3      1    146
 11154     1791      5      1      0
 11154     1792      5      2      0
 11154     1793      5      3      0
 11154     1626      3      4    146
 11155     1286      3      1    146
 11156     1287      3      1    146
 11157     1291      3      1    146
 11158     1073      3      1    146
 11158     1293      3      2    146
 11159     9999      0      1    146
 11160      707      3      1    146
 11161     1318      3      1    146
 11162      720      3      1    146
 11163      725      3      1    146
 11164     1791      5      1      0
 11164     1792      5      2      0
 11164     1793      5      3      0
 11165      457      1      1    146
 11165     1791      5      2      0
 11165     1792      5      3      0
 11165     1793      5      4      0
 11166     1073      3      1    146
 11166     1329      3      2    146
 11167      231      1      1    146
 11168      734      3      1    146
 11169     1724      5      1      0
 11169     1791      5      2      0
 11169     1792      5      3      0
 11169     1793      5      4      0
 11170     1724      5      1      0
 11170     1791      5      2      0
 11170     1792      5      3      0
 11170     1793      5      4      0
 11171      304      1      1    140
 11171     1791      5      2      0
 11171     1792      5      3      0
 11171     1793      5      4      0
 11172      693      3      1    146
 11173     9999      0      1      0
 11173     1791      5      2      0
 11173     1792      5      3      0
 11173     1793      5      4      0
 11174     1724      5      1      0
 11174     1791      5      2      0
 11174     1792      5      3      0
 11174     1793      5      4      0
 11175     1348      3      1    146
 11176     1088      3      1    146
 11176     1348      3      2    146
 11177     1791      5      1      0
 11177     1792      5      2      0
 11177     1793      5      3      0
 11178     1791      5      1      0
 11178     1792      5      2      0
 11178     1793      5      3      0
 11179      766      3      1    146
 11180     1791      5      1      0
 11180     1792      5      2      0
 11180     1793      5      3      0
 11181     1791      5      1      0
 11181     1792      5      2      0
 11181     1793      5      3      0
 11182     1791      5      1      0
 11182     1792      5      2      0
 11182     1793      5      3      0
 11183     1791      5      1      0
 11183     1792      5      2      0
 11183     1793      5      3      0
 11184     1791      5      1      0
 11184     1792      5      2      0
 11184     1793      5      3      0
 11185     1791      5      1      0
 11185     1792      5      2      0
 11185     1793      5      3      0
 11186     1791      5      1      0
 11186     1792      5      2      0
 11186     1793      5      3      0
 11187     1791      5      1      0
 11187     1792      5      2      0
 11187     1793      5      3      0
 11188     1791      5      1      0
 11188     1792      5      2      0
 11188     1793      5      3      0
 11189      457      1      1    146
 11189     1791      5      2      0
 11189     1792      5      3      0
 11189     1793      5      4      0
 11190     9999      0      1      0
 11191     1791      5      1      0
 11191     1792      5      2      0
 11191     1793      5      3      0
 11191     1517      3      4    146
 11192     1050      3      1    146
 11192     1386      3      2    146
 11193      475      2      1    122
 11194     1412      3      1    146
 11195     1093      3      1    146
 11195     1094      3      2    146
 11196      796      3      1    146
 11197     1432      3      1    146
 11198      805      3      1    146
 11199     1440      3      1    146
 11200      813      3      1    146
 11201     1451      3      1    146
 11202     1457      3      1    146
 11203      826      3      1    146
 11204      835      3      1    146
 11205     1311      3      1    146
 11206      500      1      1    146
 11206     1791      5      2      0
 11206     1792      5      3      0
 11206     1793      5      4      0
 11207      846      3      1    146
 11208     1503      3      1    146
 11209     1504      3      1    146
 11210      856      3      1    146
 11211      857      3      1    146
 11212      511      1      1      1
 11212      513      1      2      1
 11212     1496      3      3    147
 11213      511      1      1      1
 11213      514      1      2      1
 11213     1495      3      3    147
 11214      922      3      1    146
 11215     1511      3      1    146
 11216      863      3      1    146
 11217      517      1      1    146
 11218      865      3      1    146
 11219      872      3      1    146
 11220     1791      5      1      0
 11220     1792      5      2      0
 11220     1793      5      3      0
 11221      881      3      1    146
 11222      883      3      1    146
 11223      892      3      1    146
 11224      898      3      1    146
 11225      902      3      1    146
 11226      914      3      1    146
 11227      917      3      1    146
 11228     9999      0      1      0
 11229      517      1      1    146
 11229      556      1      2    123
 11229      557      1      3    123
 11230      931      3      1    146
 11231     1130      3      1    146
 11232     1626      3      1    146
 11233      883      3      1    146
 11234     1636      3      1    146
 11235     1110      3      1    146
 11235     1636      3      2    146
 11236     1636      3      1    146
 11236     1638      3      2    146
 11237     1640      3      1    146
 11238      949      3      1    146
 11239     9999      0      1      0
 11240     9999      0      1      0
 11241     9999      0      1      0
 11242     9999      0      1      0
 11243      961      3      1    146
 11244      964      3      1    146
 11245      970      3      1    146
 11246     1056      3      1    146
 11246     1699      3      2    146
 11246     1700      3      3    146
 11247      556      1      1    123
 11247      557      1      2    123
 11248      991      3      1    146
 11249     1001      3      1    146
 11250      838      3      1    146
 11251      497      1      1    146
 11252     1724      5      1      0
 11253     1724      5      1      0
 11254     1724      5      1      0
 11255     1724      5      1      0
 11256     1724      5      1      0
 11257     1724      5      1      0
 11258     1724      5      1      0
 11259     1724      5      1      0
 11260     1732      5      1      0
 11261     1732      5      1      0
 11262      361      1      1      1
 11263      361      1      1      1
 11264      361      1      1      1
 11265      361      1      1      1
 11266      361      1      1      1
 11267      361      1      1      1
 11268      361      1      1      1
 11269      361      1      1      1
 11270     9999      0      1      0
 11271     9999      0      1      0
 11272     9999      0      1      0
 11273     9999      0      1      0
 11274     9999      0      1      0
 11275     9999      0      1      0
 11276     9999      0      1      0
 11277     9999      0      1      0
 11278     9999      0      1      0
 11279     1724      5      1      0
 11280      603      1      1    146
 11281      603      1      1    146
 11282      603      1      1    146
 11283      603      1      1    146
 11284      603      1      1    146
 11285      603      1      1    146
 11286      603      1      1    146
 11287     9999      0      1      0
 11288     9999      0      1      0
 11289     9999      0      1      0
 11290     9999      0      1      0
 11291     9999      0      1      0
 11292     9999      0      1      0
 11293     9999      0      1      0
 11294     9999      0      1      0
 11295     9999      0      1      0
 11296     9999      0      1      0
 11297     9999      0      1      0
 11298     9999      0      1      0
 11299     9999      0      1      0
 11300     9999      0      1      0
 11301     9999      0      1      0
 11302     9999      0      1      0
 11303     9999      0      1      0
 11304     9999      0      1      0
 11305     9999      0      1      0
 11306     9999      0      1      0
 11307     9999      0      1      0
 11308     9999      0      1      0
 11309     9999      0      1      0
 11310     9999      0      1      0
 11311     9999      0      1      0
 11312     9999      0      1      0
 11313     9999      0      1      0
 11314     9999      0      1      0
 11315     9999      0      1      0
 11316     9999      0      1      0
 11317     9999      0      1      0
 11318     9999      0      1      0
 11319     9999      0      1      0
 11320     9999      0      1      0
 11321     9999      0      1      0
 11322     9999      0      1      0
 11323     9999      0      1      0
 11324     9999      0      1      0
 11325     9999      0      1      0
 11326     9999      0      1      0
 11327     9999      0      1      0
 11328     9999      0      1      0
 11329     9999      0      1      0
 11330     9999      0      1      0
 11331     9999      0      1      0
 11332     1724      5      1      0
 11332     1791      5      2      0
 11332     1792      5      3      0
 11332     1793      5      4      0
 11333     1791      5      1      0
 11333     1792      5      2      0
 11333     1793      5      3      0
 11334     9999      0      1      0
 11335     9999      0      1      0
 11336     9999      0      1      0
 11337     9999      0      1      0
 11338     1724      5      1      0
 11338     1791      5      2      0
 11338     1792      5      3      0
 11338     1793      5      4      0
 11339     9999      0      1      0
 11340     9999      0      1      0
 11341     9999      0      1      0
 11342     9999      0      1      0
 11343     9999      0      1      0
 11344     1791      5      1      0
 11344     1792      5      2      0
 11344     1793      5      3      0
 11345     1791      5      1      0
 11345     1792      5      2      0
 11345     1793      5      3      0
 11346     1791      5      1      0
 11346     1792      5      2      0
 11346     1793      5      3      0
