{"farmer_1_1": {"60.0": {"profit": {"Value": -3903797.2975083976, "Envir": 133479.09741923548, "Vars": "[90.  0.  9.  2.  2.  0.]", "Mean": -2368973.4971345826, "Nsamples": 11, "stop_bool": 0, "per_change": 5.680002933105131}, "envir": {"Value": 64420.12200196244, "Profit": -881436.2073194634, "Vars": "[84. 94. 91.  1.  1.  1.]", "Mean": -2368973.497134583, "Nsamples": 11, "stop_bool": 0, "per_change": 5.680002933105152}}, "16.0": {"profit": {"Value": -137525.3330200734, "Envir": 176002.00482479046, "Vars": "[86. 57. 52.  0.  0.  1.]", "Mean": -45031.334811804336, "Nsamples": 12, "stop_bool": 1, "per_change": -6.14477838348871}, "envir": {"Value": 34597.087794623396, "Profit": -27633.034965642764, "Vars": "[93. 24. 29.  0.  0.  1.]", "Mean": -45031.33481180434, "Nsamples": 12, "stop_bool": 1, "per_change": -6.144778383488723}}, "6.0": {"profit": {"Value": 0.0, "Envir": 0.0, "Vars": "[58. 57. 37.  2.  1.  0.]", "Mean": 0.0, "Nsamples": 9, "stop_bool": 0, "per_change": NaN}, "envir": {"Value": 0.0, "Profit": 0.0, "Vars": "[58. 57. 37.  2.  1.  0.]", "Mean": 0.0, "Nsamples": 9, "stop_bool": 0, "per_change": NaN}}, "55.0": {"profit": {"Value": -2592457.9955123407, "Envir": 200649.08737577673, "Vars": "[10. 89.  0.  1.  1.  2.]", "Mean": -1431903.6272535685, "Nsamples": 11, "stop_bool": 1, "per_change": -11.99413169456834}, "envir": {"Value": 68269.59932259316, "Profit": -641816.3973903061, "Vars": "[12.  1. 86.  1.  2.  2.]", "Mean": -1431903.627253569, "Nsamples": 11, "stop_bool": 1, "per_change": -11.994131694568336}}, "15.0": {"profit": {"Value": -41299.760524876954, "Envir": 206413.45409684847, "Vars": "[71. 83. 42.  1.  2.  0.]", "Mean": -27281.339686011084, "Nsamples": 7, "stop_bool": 1, "per_change": -26.069925883336747}, "envir": {"Value": 80657.81792447578, "Profit": -4874.092946965557, "Vars": "[11. 85.  3.  1.  0.  0.]", "Mean": -27281.339686011088, "Nsamples": 7, "stop_bool": 1, "per_change": -26.069925883336737}}, "23.0": {"profit": {"Value": -328548.99984691106, "Envir": 165903.5268790223, "Vars": "[ 3. 84. 13.  0.  1.  0.]", "Mean": -185409.85937573208, "Nsamples": 8, "stop_bool": 1, "per_change": -9.089026675443778}, "envir": {"Value": 67129.67861053855, "Profit": -110232.09215467749, "Vars": "[ 2.  3. 94.  2.  2.  0.]", "Mean": -185409.85937573208, "Nsamples": 8, "stop_bool": 1, "per_change": -9.089026675443778}}, "62.0": {"profit": {"Value": -4159711.1728813564, "Envir": 189564.32977773104, "Vars": "[91.  4.  5.  0.  1.  2.]", "Mean": -2986889.1494150884, "Nsamples": 7, "stop_bool": 0, "per_change": 0}, "envir": {"Value": 61626.84946924707, "Profit": -1173920.9736265268, "Vars": "[90.  9.  1.  1.  1.  1.]", "Mean": -2986889.149415088, "Nsamples": 7, "stop_bool": 0, "per_change": 0}}, "22.0": {"profit": {"Value": -291341.3186537024, "Envir": 134224.39876175844, "Vars": "[65. 20. 76.  2.  1.  0.]", "Mean": -136075.35050641018, "Nsamples": 8, "stop_bool": 1, "per_change": -2.715998367089233}, "envir": {"Value": 67118.12177601343, "Profit": -2204.0525948533113, "Vars": "[31.  0. 68.  2.  0.  0.]", "Mean": -136075.35050641015, "Nsamples": 8, "stop_bool": 1, "per_change": -2.7159983670892336}}, "38.0": {"profit": {"Value": -1290319.7031775946, "Envir": 210270.98597601126, "Vars": "[ 2. 88.  9.  2.  2.  1.]", "Mean": -905496.3699152753, "Nsamples": 5, "stop_bool": 0, "per_change": 0}, "envir": {"Value": 103530.50152836755, "Profit": -429078.2479030046, "Vars": "[ 1. 86. 12.  0.  1.  0.]", "Mean": -905496.3699152753, "Nsamples": 5, "stop_bool": 0, "per_change": 0}}, "28.0": {"profit": {"Value": -648461.4474357574, "Envir": 228170.15520052298, "Vars": "[93.  5.  1.  2.  2.  1.]", "Mean": -367270.41880882304, "Nsamples": 10, "stop_bool": 1, "per_change": -26.014346487570666}, "envir": {"Value": 58315.8404301399, "Profit": -57688.351352168684, "Vars": "[ 8. 85.  7.  0.  0.  1.]", "Mean": -367270.41880882304, "Nsamples": 10, "stop_bool": 1, "per_change": -26.014346487570666}}, "7.0": {"profit": {"Value": 0.0, "Envir": 0.0, "Vars": "[45. 44. 72.  0.  2.  0.]", "Mean": 0.0, "Nsamples": 1, "stop_bool": 0, "per_change": 0}, "envir": {"Value": 0.0, "Profit": 0.0, "Vars": "[45. 44. 72.  0.  2.  0.]", "Mean": 0.0, "Nsamples": 1, "stop_bool": 0, "per_change": 0}}, "13.0": {"profit": {"Value": 0.0, "Envir": 0.0, "Vars": "[70. 72. 11.  0.  2.  0.]", "Mean": 0.0, "Nsamples": 1, "stop_bool": 0, "per_change": 0}, "envir": {"Value": 0.0, "Profit": 0.0, "Vars": "[70. 72. 11.  0.  2.  0.]", "Mean": 0.0, "Nsamples": 1, "stop_bool": 0, "per_change": 0}}, "14.0": {"profit": {"Value": -11081.496406779683, "Envir": 74425.81107294999, "Vars": "[77.  7. 55.  1.  0.  0.]", "Mean": -5540.748203389841, "Nsamples": 2, "stop_bool": 1, "per_change": -Infinity}, "envir": {"Value": 0.0, "Profit": 0.0, "Vars": "[67. 63. 41.  1.  0.  2.]", "Mean": -5540.748203389841, "Nsamples": 2, "stop_bool": 1, "per_change": -Infinity}}, "34.0": {"profit": {"Value": -1119327.694297066, "Envir": 231576.1440416522, "Vars": "[88.  5.  7.  0.  1.  1.]", "Mean": -523249.731206777, "Nsamples": 7, "stop_bool": 0, "per_change": 0}, "envir": {"Value": 99089.75106870096, "Profit": -79815.84985290453, "Vars": "[ 4. 92.  3.  1.  1.  2.]", "Mean": -523249.731206777, "Nsamples": 7, "stop_bool": 0, "per_change": 0}}, "50.0": {"profit": {"Value": -2136211.7342289565, "Envir": 222040.2596129214, "Vars": "[ 1. 91.  7.  2.  1.  1.]", "Mean": -1503429.9469968723, "Nsamples": 8, "stop_bool": 0, "per_change": 0}, "envir": {"Value": 103565.20445899504, "Profit": -802292.6105339794, "Vars": "[50. 68. 57.  1.  0.  0.]", "Mean": -1503429.9469968723, "Nsamples": 8, "stop_bool": 0, "per_change": 0}}, "2.0": {"profit": {"Value": 0.0, "Envir": 0.0, "Vars": "[34. 71. 16.  0.  2.  0.]", "Mean": 0.0, "Nsamples": 4, "stop_bool": 0, "per_change": NaN}, "envir": {"Value": 0.0, "Profit": 0.0, "Vars": "[34. 71. 16.  0.  2.  0.]", "Mean": 0.0, "Nsamples": 4, "stop_bool": 0, "per_change": NaN}}, "8.0": {"profit": {"Value": 0.0, "Envir": 0.0, "Vars": "[53. 85. 74.  0.  0.  2.]", "Mean": 0.0, "Nsamples": 4, "stop_bool": 0, "per_change": NaN}, "envir": {"Value": 0.0, "Profit": 0.0, "Vars": "[53. 85. 74.  0.  0.  2.]", "Mean": 0.0, "Nsamples": 4, "stop_bool": 0, "per_change": NaN}}, "24.0": {"profit": {"Value": -353092.6931000547, "Envir": 172897.26786761245, "Vars": "[ 5.  1. 94.  1.  2.  0.]", "Mean": -243969.38414229348, "Nsamples": 9, "stop_bool": 1, "per_change": 0.43169660699048695}, "envir": {"Value": 42524.94441277094, "Profit": -137235.93873379435, "Vars": "[ 4. 87.  9.  0.  1.  1.]", "Mean": -243969.38414229348, "Nsamples": 9, "stop_bool": 1, "per_change": 0.431696606990499}}, "82.0": {"profit": {"Value": -4861266.552146842, "Envir": 240903.55387594193, "Vars": "[88.  0. 11.  0.  0.  2.]", "Mean": -4636998.517339892, "Nsamples": 3, "stop_bool": 0, "per_change": 0}, "envir": {"Value": 93619.24343461951, "Profit": -4230579.5539825475, "Vars": "[ 0. 53. 52.  0.  2.  0.]", "Mean": -4636998.517339892, "Nsamples": 3, "stop_bool": 0, "per_change": 0}}, "3.0": {"profit": {"Value": 0.0, "Envir": 0.0, "Vars": "[31. 81.  4.  0.  1.  0.]", "Mean": 0.0, "Nsamples": 2, "stop_bool": 0, "per_change": NaN}, "envir": {"Value": 0.0, "Profit": 0.0, "Vars": "[31. 81.  4.  0.  1.  0.]", "Mean": 0.0, "Nsamples": 2, "stop_bool": 0, "per_change": NaN}}, "0.0": {"profit": {"Value": 0.0, "Envir": 0.0, "Vars": "[90. 31. 75.  0.  0.  2.]", "Mean": 0.0, "Nsamples": 3, "stop_bool": 0, "per_change": NaN}, "envir": {"Value": 0.0, "Profit": 0.0, "Vars": "[90. 31. 75.  0.  0.  2.]", "Mean": 0.0, "Nsamples": 3, "stop_bool": 0, "per_change": NaN}}, "74.0": {"profit": {"Value": -4627204.212044053, "Envir": 219457.45229872275, "Vars": "[79.  0. 20.  1.  1.  1.]", "Mean": -4490371.250580167, "Nsamples": 4, "stop_bool": 0, "per_change": 0}, "envir": {"Value": 94476.32457359665, "Profit": -4233392.528446771, "Vars": "[85.  3. 12.  2.  2.  0.]", "Mean": -4490371.250580167, "Nsamples": 4, "stop_bool": 0, "per_change": 0}},