{"farmer_1_1": {}, "farmer_1_2": {}, "farmer_1_3": {}, "farmer_2_1": {}, "farmer_2_2": {}, "farmer_2_3": {"25.0": {"profit": {"Value": -176412.63613237918, "Envir": 133255.04328150672, "Vars": "[ 6. 13. 16. 65.  1.  2.  2.  0.]", "Mean": -76278.57436002452, "Nsamples": 14, "stop_bool": 1, "per_change": 2.210378981425435}, "envir": {"Value": 81707.74079187801, "Profit": -2545.790742125835, "Vars": "[29. 10. 25. 45.  0.  2.  2.  0.]", "Mean": -76278.57436002453, "Nsamples": 14, "stop_bool": 1, "per_change": 2.2103789814254546}}, "79.0": {"profit": {"Value": -2413448.568283727, "Envir": 192671.40995680893, "Vars": "[ 2.  2. 32. 63.  2.  0.  1.  1.]", "Mean": -1524539.9222009229, "Nsamples": 18, "stop_bool": 1, "per_change": 0.8586315777794414}, "envir": {"Value": 97861.86900789996, "Profit": -425609.3762663736, "Vars": "[56.  1. 16. 27.  1.  2.  2.  1.]", "Mean": -1524539.9222009226, "Nsamples": 18, "stop_bool": 1, "per_change": 0.858631577779426}}, "54.0": {"profit": {"Value": -1373770.2340770785, "Envir": 193835.566540832, "Vars": "[ 7. 75. 16.  1.  1.  0.  2.  2.]", "Mean": -879209.8865899564, "Nsamples": 9, "stop_bool": 1, "per_change": -10.16848146022072}, "envir": {"Value": 109508.0126148586, "Profit": -567658.3765508495, "Vars": "[ 4.  6. 82.  7.  0.  1.  1.  2.]", "Mean": -879209.8865899564, "Nsamples": 9, "stop_bool": 1, "per_change": -10.16848146022072}}, "0.0": {"profit": {"Value": 0.0, "Envir": 0.0, "Vars": "[72. 45. 10. 40.  2.  2.  2.  1.]", "Mean": 0.0, "Nsamples": 1, "stop_bool": 0, "per_change": 0}, "envir": {"Value": 0.0, "Profit": 0.0, "Vars": "[72. 45. 10. 40.  2.  2.  2.  1.]", "Mean": 0.0, "Nsamples": 1, "stop_bool": 0, "per_change": 0}}, "61.0": {"profit": {"Value": -1600718.1885938402, "Envir": 193689.9853563808, "Vars": "[73. 16.  0. 46.  1.  0.  0.  1.]", "Mean": -1041222.324977576, "Nsamples": 11, "stop_bool": 1, "per_change": -16.98946908453617}, "envir": {"Value": 96542.26171212381, "Profit": -746804.0304056131, "Vars": "[22. 64. 12.  2.  2.  2.  2.  1.]", "Mean": -1041222.3249775764, "Nsamples": 11, "stop_bool": 1, "per_change": -16.989469084536143}}, "22.0": {"profit": {"Value": -179723.40365955894, "Envir": 160333.76531742277, "Vars": "[79. 14.  6.  0.  2.  1.  2.  2.]", "Mean": -115763.95085728822, "Nsamples": 3, "stop_bool": 0, "per_change": 0}, "envir": {"Value": 70057.63244704324, "Profit": -15912.645920533156, "Vars": "[ 0.  5. 81. 13.  2.  1.  1.  2.]", "Mean": -115763.95085728822, "Nsamples": 3, "stop_bool": 0, "per_change": 0}}, "89.0": {"profit": {"Value": -2561719.6693759207, "Envir": 237967.04434790168, "Vars": "[ 0. 77.  6. 16.  0.  1.  1.  0.]", "Mean": -1710086.5412231802, "Nsamples": 10, "stop_bool": 1, "per_change": -0.9374207268401549}, "envir": {"Value": 85460.54147834246, "Profit": -1281249.3054048582, "Vars": "[38. 83. 58. 92.  0.  0.  1.  2.]", "Mean": -1710086.5412231805, "Nsamples": 10, "stop_bool": 1, "per_change": -0.9374207268401413}}, "52.0": {"profit": {"Value": -1362367.6627203336, "Envir": 152619.1884174347, "Vars": "[ 4.  4.  1. 91.  2.  1.  0.  1.]", "Mean": -782892.719539205, "Nsamples": 8, "stop_bool": 1, "per_change": 4.708975704746619}, "envir": {"Value": 80496.10630252396, "Profit": -226507.68525522927, "Vars": "[ 0. 13. 12. 75.  0.  2.  2.  2.]", "Mean": -782892.719539205, "Nsamples": 8, "stop_bool": 1, "per_change": 4.708975704746635}}, "21.0": {"profit": {"Value": -89418.25226899947, "Envir": 194108.1538449591, "Vars": "[37. 70.  1. 79.  2.  2.  0.  2.]", "Mean": -70027.97163196866, "Nsamples": 7, "stop_bool": 1, "per_change": -12.092977036606808}, "envir": {"Value": 65062.087851954115, "Profit": -40055.94177412307, "Vars": "[ 0.  6.  5. 89.  0.  2.  0.  0.]", "Mean": -70027.97163196866, "Nsamples": 7, "stop_bool": 1, "per_change": -12.092977036606808}}, "87.0": {"profit": {"Value": -2150950.9750407683, "Envir": 285986.5574053301, "Vars": "[19. 62.  2. 17.  2.  0.  0.  0.]", "Mean": -1421295.822129673, "Nsamples": 12, "stop_bool": 0, "per_change": 0}, "envir": {"Value": 96248.48252657932, "Profit": -450520.96524078713, "Vars": "[29.  4.  8. 58.  1.  1.  2.  0.]", "Mean": -1421295.822129673, "Nsamples": 12, "stop_bool": 0, "per_change": 0}}, "20.0": {"profit": {"Value": -109773.40978974488, "Envir": 70522.04204814586, "Vars": "[91. 14. 94. 77.  0.  1.  0.  1.]", "Mean": -59986.51989631598, "Nsamples": 6, "stop_bool": 0, "per_change": 19.90315563492969}, "envir": {"Value": 70522.04204814586, "Profit": -109773.40978974488, "Vars": "[91. 14. 94. 77.  0.  1.  0.  1.]", "Mean": -59986.51989631598, "Nsamples": 6, "stop_bool": 0, "per_change": 19.90315563492969}}, "85.0": {"profit": {"Value": -2505497.6824603337, "Envir": 190608.99478111512, "Vars": "[ 9. 18.  2. 71.  1.  1.  2.  1.]", "Mean": -1463671.92916421, "Nsamples": 11, "stop_bool": 1, "per_change": -19.138598536045972}, "envir": {"Value": 100937.19666529029, "Profit": -262593.3290266224, "Vars": "[97.  1. 79. 53.  0.  2.  2.  2.]", "Mean": -1463671.9291642099, "Nsamples": 11, "stop_bool": 1, "per_change": -19.138598536045986}}, "15.0": {"profit": {"Value": -91379.50385892049, "Envir": 121150.84009789496, "Vars": "[22.  2. 71.  5.  2.  1.  1.  2.]", "Mean": -36278.99328185311, "Nsamples": 7, "stop_bool": 1, "per_change": -30.70917767587295}, "envir": {"Value": 66439.97896662808, "Profit": -19359.122465095046, "Vars": "[49. 64. 89. 88.  1.  0.  0.  1.]", "Mean": -36278.9932818531, "Nsamples": 7, "stop_bool": 1, "per_change": -30.709177675872958}}, "78.0": {"profit": {"Value": -2436404.6533096647, "Envir": 153258.14637675765, "Vars": "[24.  2.  0. 74.  0.  1.  1.  2.]", "Mean": -1791026.993684981, "Nsamples": 2, "stop_bool": 0, "per_change": 0}, "envir": {"Value": 96651.2649088137, "Profit": -1145649.3340602976, "Vars": "[40. 43. 77. 30.  0.  1.  2.  0.]", "Mean": -1791026.993684981, "Nsamples": 2, "stop_bool": 0, "per_change": 0}}, "71.0": {"profit": {"Value": -2323388.5407992047, "Envir": 132470.6292313362, "Vars": "[67. 14.  1. 18.  2.  2.  1.  2.]", "Mean": -1119577.6939866256, "Nsamples": 6, "stop_bool": 1, "per_change": 0.9146316052355565}, "envir": {"Value": 92096.73828780402, "Profit": -577890.8297654074, "Vars": "[80. 11. 19. 48.  2.  2.  2.  0.]", "Mean": -1119577.6939866254, "Nsamples": 6, "stop_bool": 1, "per_change": 0.9146316052355355}}, "60.0": {"profit": {"Value": -1958780.282391997, "Envir": 181671.74396571162, "Vars": "[ 4.  6.  3. 87.  0.  2.  1.  0.]", "Mean": -913378.4058462845, "Nsamples": 8, "stop_bool": 1, "per_change": -3.55657174906433}, "envir": {"Value": 99265.52092079993, "Profit": -694513.1131891429, "Vars": "[17. 64.  3. 15.  0.  1.  1.  0.]", "Mean": -913378.4058462845, "Nsamples": 8, "stop_bool": 1, "per_change": -3.55657174906433}}, "68.0": {"profit": {"Value": -2379815.3316266984, "Envir": 220478.26858825076, "Vars": "[ 5. 75. 11.  9.  0.  2.  0.  1.]", "Mean": -1285408.6649855007, "Nsamples": 10, "stop_bool": 1, "per_change": -2.7540437087188647}, "envir": {"Value": 104879.34487653323, "Profit": -1170725.291335027, "Vars": "[ 3. 56. 19. 21.  1.  1.  2.  1.]", "Mean": -1285408.664985501, "Nsamples": 10, "stop_bool": 1, "per_change": -2.754043708718864}}, "36.0": {"profit": {"Value": -650067.0798189043, "Envir": 123300.2987553833, "Vars": "[85. 35. 83. 17.  2.  1.  1.  0.]", "Mean": -307891.24022666685, "Nsamples": 8, "stop_bool": 1, "per_change": 3.271053772225137}, "envir": {"Value": 68188.97760098884, "Profit": -133865.90683081152, "Vars": "[33. 79. 51. 96.  0.  0.  1.  2.]", "Mean": -307891.2402266669, "Nsamples": 8, "stop_bool": 1, "per_change": 3.2710537722251765}}, "69.0": {"profit": {"Value": -2293244.5880609574, "Envir": 199977.48254989347, "Vars": "[13. 15. 37. 39.  0.  2.  2.  1.]", "Mean": -1292300.6989407584, "Nsamples": 4, "stop_bool": 0, "per_change": 0}, "envir": {"Value": 97596.62438422588, "Profit": -541996.3420573742, "Vars": "[46. 43.  8.  2.  1.  2.  1.  2.]", "Mean": -1292300.6989407584, "Nsamples": 4, "stop_bool": 0, "per_change": 0}},