{"farmer_1_1": {}, "farmer_1_2": {}, "farmer_1_3": {}, "farmer_2_1": {}, "farmer_2_2": {}, "farmer_2_3": {}, "farmer_3_1": {}, "farmer_3_2": {}, "farmer_3_3": {"80.0": {"profit": {"Value": -2526261.4270463055, "Envir": 166521.67118096456, "Vars": "[30. 63.  7.  1.  2.  1.]", "Mean": -2062063.4910713828, "Nsamples": 7, "stop_bool": 0, "per_change": 0}, "envir": {"Value": 130933.15379476489, "Profit": -1214941.6647159297, "Vars": "[ 1. 90.  8.  2.  1.  1.]", "Mean": -2062063.4910713832, "Nsamples": 7, "stop_bool": 0, "per_change": 0}}, "19.0": {"profit": {"Value": -166319.4226571898, "Envir": 227000.68037709227, "Vars": "[91. 94. 21.  0.  2.  0.]", "Mean": -148462.65493362595, "Nsamples": 3, "stop_bool": 0, "per_change": 0}, "envir": {"Value": 84037.80883735078, "Profit": -127513.79908376958, "Vars": "[ 7. 19. 74.  0.  0.  0.]", "Mean": -148462.65493362595, "Nsamples": 3, "stop_bool": 0, "per_change": 0}}, "84.0": {"profit": {"Value": -2672000.154239544, "Envir": 232159.27578219114, "Vars": "[73. 24.  2.  2.  1.  1.]", "Mean": -1953166.0287036246, "Nsamples": 6, "stop_bool": 0, "per_change": 0}, "envir": {"Value": 120611.78250010655, "Profit": -1207413.072518908, "Vars": "[31. 68.  1.  1.  1.  1.]", "Mean": -1953166.0287036246, "Nsamples": 6, "stop_bool": 0, "per_change": 0}}, "96.0": {"profit": {"Value": -2773154.3172368626, "Envir": 252616.0740709802, "Vars": "[17. 69. 13.  2.  2.  1.]", "Mean": -2450959.8613296244, "Nsamples": 6, "stop_bool": 0, "per_change": 0}, "envir": {"Value": 120975.74591100015, "Profit": -1722208.48636685, "Vars": "[ 4. 86.  9.  0.  2.  2.]", "Mean": -2450959.8613296244, "Nsamples": 6, "stop_bool": 0, "per_change": 0}}, "78.0": {"profit": {"Value": -2445226.453147622, "Envir": 125449.72973452702, "Vars": "[30.  0. 69.  2.  2.  2.]", "Mean": -1802569.2966503096, "Nsamples": 2, "stop_bool": 0, "per_change": 0}, "envir": {"Value": 118328.1137043075, "Profit": -1159912.1401529976, "Vars": "[71. 57. 84.  2.  0.  1.]", "Mean": -1802569.2966503096, "Nsamples": 2, "stop_bool": 0, "per_change": 0}}, "55.0": {"profit": {"Value": -1805668.2934775453, "Envir": 148020.32540930712, "Vars": "[ 1. 82. 17.  1.  2.  1.]", "Mean": -1239879.3181695375, "Nsamples": 5, "stop_bool": 0, "per_change": 0}, "envir": {"Value": 120324.45162293906, "Profit": -602447.5760083206, "Vars": "[ 4.  6. 90.  2.  1.  2.]", "Mean": -1239879.3181695375, "Nsamples": 5, "stop_bool": 0, "per_change": 0}}}}