{"farmer_1": {"60.0": {"profit": {"Value": -2940582.9337216127, "Envir": 114055.61307882494, "Vars": "[ 4.  0. 96.  0.  1.  1.]", "Mean": -1849281.9539450645, "Nsamples": 4, "stop_bool": 0, "per_change": 0}, "envir": {"Value": 84105.59416969851, "Profit": -1063528.2094240836, "Vars": "[79.  3. 18.  2.  1.  1.]", "Mean": -1849281.9539450645, "Nsamples": 4, "stop_bool": 0, "per_change": 0}}, "26.0": {"profit": {"Value": -662922.5945044132, "Envir": 195992.67902778258, "Vars": "[ 6. 13. 80.  1.  2.  2.]", "Mean": -305639.18180121726, "Nsamples": 7, "stop_bool": 0, "per_change": 0}, "envir": {"Value": 57407.49730555464, "Profit": -2372.9700086803205, "Vars": "[ 5. 88.  6.  0.  1.  1.]", "Mean": -305639.1818012173, "Nsamples": 7, "stop_bool": 0, "per_change": 0}}, "15.0": {"profit": {"Value": -10624.79161134109, "Envir": 115913.51367341648, "Vars": "[64. 59. 71.  1.  0.  2.]", "Mean": -6893.646865256684, "Nsamples": 2, "stop_bool": 0, "per_change": 0}, "envir": {"Value": 92243.58952300405, "Profit": -3162.502119172277, "Vars": "[ 3.  8. 89.  0.  2.  0.]", "Mean": -6893.646865256684, "Nsamples": 2, "stop_bool": 0, "per_change": 0}}, "30.0": {"profit": {"Value": -816182.9493087558, "Envir": 198166.28185748906, "Vars": "[ 0. 88. 11.  1.  0.  0.]", "Mean": -545693.6816757241, "Nsamples": 6, "stop_bool": 0, "per_change": 0}, "envir": {"Value": 81075.18058562, "Profit": -160195.42211519615, "Vars": "[ 1.  8. 90.  1.  2.  1.]", "Mean": -545693.6816757241, "Nsamples": 6, "stop_bool": 0, "per_change": 0}}, "100.0": {"profit": {"Value": -5785765.906367601, "Envir": 177851.74285021966, "Vars": "[82.  0. 18.  1.  1.  1.]", "Mean": -5317463.013683116, "Nsamples": 4, "stop_bool": 0, "per_change": 0}, "envir": {"Value": 104105.66251579803, "Profit": -5105643.48042882, "Vars": "[97.  3.  0.  2.  0.  2.]", "Mean": -5317463.013683116, "Nsamples": 4, "stop_bool": 0, "per_change": 0}}, "71.0": {"profit": {"Value": -4245062.883682373, "Envir": 146317.81461069887, "Vars": "[ 14.  76. 100.   0.   1.   2.]", "Mean": -3071000.333158689, "Nsamples": 3, "stop_bool": 0, "per_change": 0}, "envir": {"Value": 121002.74478178634, "Profit": -998340.0887559212, "Vars": "[82. 10.  7.  2.  2.  1.]", "Mean": -3071000.333158689, "Nsamples": 3, "stop_bool": 0, "per_change": 0}}}}