{"farmer_1_1": {}, "farmer_1_2": {}, "farmer_1_3": {"60.0": {"profit": {"Value": -4303405.522143248, "Envir": 118876.9229340174, "Vars": "[76.  3. 21.  2.  1.  2.]", "Mean": -3196877.912774614, "Nsamples": 2, "stop_bool": 0, "per_change": 0}, "envir": {"Value": 103676.1329194589, "Profit": -2090350.3034059806, "Vars": "[31. 81. 63.  2.  1.  2.]", "Mean": -3196877.912774614, "Nsamples": 2, "stop_bool": 0, "per_change": 0}}, "22.0": {"profit": {"Value": -407759.8687807547, "Envir": 186562.7617386341, "Vars": "[83.  0. 95.  1.  1.  0.]", "Mean": -230533.30642599158, "Nsamples": 4, "stop_bool": 0, "per_change": 0}, "envir": {"Value": 73043.21496360042, "Profit": -63586.67337177828, "Vars": "[ 1. 90.  9.  0.  0.  1.]", "Mean": -230533.3064259916, "Nsamples": 4, "stop_bool": 0, "per_change": 0}}, "77.0": {"profit": {"Value": -4855052.032795699, "Envir": 214475.4845536449, "Vars": "[ 4.  0. 95.  2.  0.  2.]", "Mean": -3675713.918812606, "Nsamples": 4, "stop_bool": 0, "per_change": 0}, "envir": {"Value": 64108.83990604202, "Profit": -1266866.8725184107, "Vars": "[86.  4. 10.  1.  2.  2.]", "Mean": -3675713.9188126056, "Nsamples": 4, "stop_bool": 0, "per_change": 0}}, "57.0": {"profit": {"Value": -3849912.627446692, "Envir": 119651.60478598357, "Vars": "[95.  0.  4.  0.  2.  1.]", "Mean": -2690429.3404914974, "Nsamples": 3, "stop_bool": 0, "per_change": 0}, "envir": {"Value": 100304.51168450373, "Profit": -649873.7066303163, "Vars": "[98.  0.  2.  0.  2.  0.]", "Mean": -2690429.340491498, "Nsamples": 3, "stop_bool": 0, "per_change": 0}}, "98.0": {"profit": {"Value": -5625554.316272397, "Envir": 136325.38353423553, "Vars": "[77.  0. 22.  2.  2.  2.]", "Mean": -5481978.831154986, "Nsamples": 2, "stop_bool": 0, "per_change": 0}, "envir": {"Value": 85561.70266349378, "Profit": -5338403.346037576, "Vars": "[82.  4. 92.  1.  2.  0.]", "Mean": -5481978.831154986, "Nsamples": 2, "stop_bool": 0, "per_change": 0}}, "32.0": {"profit": {"Value": -680505.6580763885, "Envir": 183068.68129529132, "Vars": "[78. 43. 27.  2.  0.  0.]", "Mean": -576173.7262150845, "Nsamples": 4, "stop_bool": 0, "per_change": 0}, "envir": {"Value": 74536.99339534673, "Profit": -423171.8507749746, "Vars": "[ 1. 88. 10.  2.  0.  1.]", "Mean": -576173.7262150845, "Nsamples": 4, "stop_bool": 0, "per_change": 0}}, "5.0": {"profit": {"Value": -22508.769819573536, "Envir": 140191.54938368895, "Vars": "[ 5. 71. 51.  1.  0.  2.]", "Mean": -10657.163978494624, "Nsamples": 4, "stop_bool": 0, "per_change": 0}, "envir": {"Value": 119753.8269759028, "Profit": -3332.668905725215, "Vars": "[ 3. 79. 18.  2.  0.  1.]", "Mean": -10657.163978494624, "Nsamples": 4, "stop_bool": 0, "per_change": 0}}}}