{"farmer_1_1": {}, "farmer_1_2": {"60.0": {"profit": {"Value": -2931094.7420949806, "Envir": 112421.77849038382, "Vars": "[13.  0. 87.  1.  1.  1.]", "Mean": -2327198.781331794, "Nsamples": 8, "stop_bool": 1, "per_change": -12.950672016837938}, "envir": {"Value": 75091.9185725044, "Profit": -2364389.4540014965, "Vars": "[74. 67. 65.  1.  0.  2.]", "Mean": -2327198.781331794, "Nsamples": 8, "stop_bool": 1, "per_change": -12.950672016837938}}, "16.0": {"profit": {"Value": -245843.31797235023, "Envir": 177609.89194343396, "Vars": "[92. 38. 24.  0.  2.  0.]", "Mean": -126753.0380711361, "Nsamples": 9, "stop_bool": 1, "per_change": -6.545229840764305}, "envir": {"Value": 57119.85443406836, "Profit": -31843.62980516898, "Vars": "[ 1. 98.  0.  1.  1.  0.]", "Mean": -126753.03807113609, "Nsamples": 9, "stop_bool": 1, "per_change": -6.545229840764316}}, "6.0": {"profit": {"Value": -33363.71647895026, "Envir": 124142.43511247956, "Vars": "[94. 92. 97.  2.  2.  1.]", "Mean": -19522.58028096094, "Nsamples": 7, "stop_bool": 1, "per_change": 1.6674443816851923}, "envir": {"Value": 121499.19649109122, "Profit": -31443.716478950257, "Vars": "[ 8. 92.  0.  2.  0.  0.]", "Mean": -19522.58028096094, "Nsamples": 7, "stop_bool": 1, "per_change": 1.6674443816851923}}, "55.0": {"profit": {"Value": -1994303.5013220666, "Envir": 121184.14969825457, "Vars": "[25.  3. 71.  1.  1.  2.]", "Mean": -1443874.1903568578, "Nsamples": 7, "stop_bool": 0, "per_change": 20.88786263337024}, "envir": {"Value": 68630.18892802806, "Profit": -1050302.2708817518, "Vars": "[86. 52. 89.  0.  2.  1.]", "Mean": -1443874.1903568578, "Nsamples": 7, "stop_bool": 0, "per_change": 20.88786263337024}}, "15.0": {"profit": {"Value": -215117.50566273535, "Envir": 168748.33597222756, "Vars": "[ 0. 96.  4.  2.  2.  2.]", "Mean": -121670.79796546855, "Nsamples": 11, "stop_bool": 1, "per_change": -12.012263300029332}, "envir": {"Value": 56194.33836439652, "Profit": -16411.651863467065, "Vars": "[ 2. 86. 11.  0.  1.  0.]", "Mean": -121670.79796546853, "Nsamples": 11, "stop_bool": 1, "per_change": -12.012263300029344}}, "23.0": {"profit": {"Value": -449866.29606998357, "Envir": 182002.14682501412, "Vars": "[27. 73.  0.  2.  1.  0.]", "Mean": -282722.77499235235, "Nsamples": 9, "stop_bool": 0, "per_change": 7.672048097380209}, "envir": {"Value": 80901.25712408929, "Profit": -130423.79776103937, "Vars": "[ 8. 70. 22.  2.  2.  2.]", "Mean": -282722.77499235235, "Nsamples": 9, "stop_bool": 0, "per_change": 7.672048097380185}}, "62.0": {"profit": {"Value": -2972744.1455137352, "Envir": 187985.01485271644, "Vars": "[54.  0. 46.  0.  1.  2.]", "Mean": -2191410.631737177, "Nsamples": 4, "stop_bool": 0, "per_change": 0}, "envir": {"Value": 111235.0521045231, "Profit": -953624.1908474771, "Vars": "[13.  3. 83.  1.  1.  0.]", "Mean": -2191410.631737177, "Nsamples": 4, "stop_bool": 0, "per_change": 0}}, "22.0": {"profit": {"Value": -343879.8687807547, "Envir": 257286.01065794783, "Vars": "[ 1. 63. 36.  1.  1.  1.]", "Mean": -213552.4364153196, "Nsamples": 14, "stop_bool": 1, "per_change": -1.3650333635449945}, "envir": {"Value": 77955.52683269087, "Profit": -114680.43942317922, "Vars": "[ 5. 74. 21.  1.  0.  0.]", "Mean": -213552.43641531962, "Nsamples": 14, "stop_bool": 1, "per_change": -1.3650333635449812}}, "38.0": {"profit": {"Value": -852402.5884683279, "Envir": 237704.1775961587, "Vars": "[63. 64. 79.  0.  0.  2.]", "Mean": -691707.4101075473, "Nsamples": 6, "stop_bool": 0, "per_change": 0}, "envir": {"Value": 86690.86304508043, "Profit": -479639.2044588804, "Vars": "[ 2. 87. 11.  1.  2.  1.]", "Mean": -691707.4101075473, "Nsamples": 6, "stop_bool": 0, "per_change": 0}}, "28.0": {"profit": {"Value": -638847.7506834336, "Envir": 174440.737801017, "Vars": "[30. 67.  3.  1.  2.  1.]", "Mean": -320859.1193081408, "Nsamples": 19, "stop_bool": 1, "per_change": -0.6363937243458694}, "envir": {"Value": 57937.158343600575, "Profit": -115175.77001540054, "Vars": "[57. 71. 99.  1.  2.  1.]", "Mean": -320859.1193081409, "Nsamples": 19, "stop_bool": 1, "per_change": -0.6363937243458693}}, "7.0": {"profit": {"Value": -41352.93505011847, "Envir": 132712.57533005968, "Vars": "[13. 86.  0.  2.  0.  1.]", "Mean": -38835.20602697284, "Nsamples": 2, "stop_bool": 0, "per_change": 0}, "envir": {"Value": 130661.33565391038, "Profit": -36317.47700382722, "Vars": "[90. 80. 94.  1.  2.  2.]", "Mean": -38835.20602697284, "Nsamples": 2, "stop_bool": 0, "per_change": 0}}, "13.0": {"profit": {"Value": -126192.5852253378, "Envir": 153807.0399755834, "Vars": "[ 5. 68. 26.  2.  1.  2.]", "Mean": -39468.06127307118, "Nsamples": 5, "stop_bool": 0, "per_change": 0}, "envir": {"Value": 88240.81204364127, "Profit": -3796.73060230167, "Vars": "[12. 86.  2.  2.  0.  2.]", "Mean": -39468.06127307118, "Nsamples": 5, "stop_bool": 0, "per_change": 0}}, "14.0": {"profit": {"Value": -192539.62724986332, "Envir": 160459.74858914968, "Vars": "[10. 82.  8.  2.  2.  2.]", "Mean": -92953.42681343033, "Nsamples": 12, "stop_bool": 1, "per_change": 1.5505595192148076}, "envir": {"Value": 40619.090860147364, "Profit": -15308.4840209424, "Vars": "[ 2. 86. 12.  2.  1.  2.]", "Mean": -92953.42681343033, "Nsamples": 12, "stop_bool": 1, "per_change": 1.5505595192148076}}, "34.0": {"profit": {"Value": -753774.260782847, "Envir": 135005.08171315037, "Vars": "[36. 59. 94.  2.  2.  2.]", "Mean": -626698.9500196099, "Nsamples": 3, "stop_bool": 0, "per_change": 0}, "envir": {"Value": 53853.27524847639, "Profit": -549439.0114684615, "Vars": "[ 0. 95.  5.  1.  1.  0.]", "Mean": -626698.9500196099, "Nsamples": 3, "stop_bool": 0, "per_change": 0}}, "50.0": {"profit": {"Value": -1923128.8565180036, "Envir": 179661.78162704827, "Vars": "[17. 84. 70.  2.  1.  1.]", "Mean": -1867745.4305028315, "Nsamples": 2, "stop_bool": 0, "per_change": 0}, "envir": {"Value": 66201.84228900919, "Profit": -1812362.004487659, "Vars": "[ 4.  1. 95.  0.  0.  0.]", "Mean": -1867745.4305028315, "Nsamples": 2, "stop_bool": 0, "per_change": 0}}, "2.0": {"profit": {"Value": 0.0, "Envir": 0.0, "Vars": "[89.  1. 79.  0.  2.  1.]", "Mean": 0.0, "Nsamples": 4, "stop_bool": 0, "per_change": NaN}, "envir": {"Value": 0.0, "Profit": 0.0, "Vars": "[89.  1. 79.  0.  2.  1.]", "Mean": 0.0, "Nsamples": 4, "stop_bool": 0, "per_change": NaN}}, "8.0": {"profit": {"Value": -54630.429393110986, "Envir": 155436.90732548424, "Vars": "[ 1. 98.  1.  0.  1.  0.]", "Mean": -30331.65607883587, "Nsamples": 8, "stop_bool": 1, "per_change": -13.964204903231622}, "envir": {"Value": 83650.45957306284, "Profit": -7209.798440954051, "Vars": "[76. 89. 83.  2.  0.  1.]", "Mean": -30331.656078835877, "Nsamples": 8, "stop_bool": 1, "per_change": -13.96420490323162}}, "24.0": {"profit": {"Value": -432507.15988440206, "Envir": 196957.47581347384, "Vars": "[ 0. 99.  0.  0.  2.  2.]", "Mean": -278641.8275309775, "Nsamples": 8, "stop_bool": 1, "per_change": -34.61255602796609}, "envir": {"Value": 79992.36769470156, "Profit": -419772.1482046314, "Vars": "[24. 64. 20.  2.  2.  0.]", "Mean": -278641.8275309775, "Nsamples": 8, "stop_bool": 1, "per_change": -34.61255602796609}}, "82.0": {"profit": {"Value": -3944249.6317217704, "Envir": 179190.02387358565, "Vars": "[19.  0. 80.  0.  1.  1.]", "Mean": -3151740.6369360364, "Nsamples": 3, "stop_bool": 0, "per_change": 0}, "envir": {"Value": 120241.44991914557, "Profit": -1884719.099973239, "Vars": "[13. 86. 89.  0.  2.  2.]", "Mean": -3151740.6369360364, "Nsamples": 3, "stop_bool": 0, "per_change": 0}}, "3.0": {"profit": {"Value": -3052.8374209169706, "Envir": 120826.25927262093, "Vars": "[ 5. 92. 53.  1.  2.  2.]", "Mean": -1526.4187104584853, "Nsamples": 2, "stop_bool": 1, "per_change": -Infinity}, "envir": {"Value": 0.0, "Profit": 0.0, "Vars": "[76. 59. 69.  2.  1.  0.]", "Mean": -1526.4187104584853, "Nsamples": 2, "stop_bool": 1, "per_change": -Infinity}}, "0.0": {"profit": {"Value": 0.0, "Envir": 0.0, "Vars": "[19. 83. 18.  1.  2.  0.]", "Mean": 0.0, "Nsamples": 3, "stop_bool": 0, "per_change": NaN},