{"farmer_1": {}, "farmer_2": {"25.0": {"profit": {"Value": -237589.58776751545, "Envir": 224160.28515030805, "Vars": "[87. 79. 75. 35.  2.  1.  0.  0.]", "Mean": -202306.36049367106, "Nsamples": 4, "stop_bool": 0, "per_change": 0}, "envir": {"Value": 100755.38023161865, "Profit": -166635.02571541967, "Vars": "[ 7. 70.  8. 15.  0.  0.  0.  0.]", "Mean": -202306.36049367106, "Nsamples": 4, "stop_bool": 0, "per_change": 0}}, "62.0": {"profit": {"Value": -3136778.323571436, "Envir": 153956.12320196602, "Vars": "[23. 58.  3. 15.  2.  2.  2.  2.]", "Mean": -1739028.258774218, "Nsamples": 4, "stop_bool": 0, "per_change": 0}, "envir": {"Value": 103587.13099493246, "Profit": -575301.0125411671, "Vars": "[12.  7. 77.  3.  0.  1.  1.  2.]", "Mean": -1739028.258774218, "Nsamples": 4, "stop_bool": 0, "per_change": 0}}, "69.0": {"profit": {"Value": -3020695.8663077964, "Envir": 183480.5297069613, "Vars": "[33.  0.  2. 64.  1.  1.  1.  2.]", "Mean": -1521359.6420942445, "Nsamples": 6, "stop_bool": 0, "per_change": 0}, "envir": {"Value": 77380.6256019204, "Profit": -470820.67688736785, "Vars": "[23. 14. 57.  6.  1.  1.  1.  1.]", "Mean": -1521359.6420942445, "Nsamples": 6, "stop_bool": 0, "per_change": 0}}, "58.0": {"profit": {"Value": -2008386.909319719, "Envir": 124635.12155366052, "Vars": "[90.  8.  0.  1.  2.  1.  1.  2.]", "Mean": -1291375.707525503, "Nsamples": 2, "stop_bool": 0, "per_change": 0}, "envir": {"Value": 71429.49876382541, "Profit": -574364.5057312866, "Vars": "[42. 80. 95. 84.  2.  2.  0.  1.]", "Mean": -1291375.707525503, "Nsamples": 2, "stop_bool": 0, "per_change": 0}}, "48.0": {"profit": {"Value": -1612875.5333510912, "Envir": 115962.0253214607, "Vars": "[44. 19.  2. 35.  1.  2.  1.  1.]", "Mean": -897587.0169619063, "Nsamples": 2, "stop_bool": 0, "per_change": 0}, "envir": {"Value": 110347.28738313288, "Profit": -182298.50057272136, "Vars": "[10. 24. 48. 43.  1.  0.  1.  1.]", "Mean": -897587.0169619063, "Nsamples": 2, "stop_bool": 0, "per_change": 0}}}}