{"farmer_1_1": {}, "farmer_1_2": {"60.0": {"profit": {"Value": -2609234.692482496, "Envir": 234415.8874017534, "Vars": "[ 0. 10. 88.  0.  1.  2.]", "Mean": -2467994.8736186237, "Nsamples": 6, "stop_bool": 0, "per_change": 0}, "envir": {"Value": 96079.59642915701, "Profit": -2278713.504647348, "Vars": "[ 1. 11. 87.  1.  0.  1.]", "Mean": -2467994.8736186237, "Nsamples": 6, "stop_bool": 0, "per_change": 0}}, "22.0": {"profit": {"Value": -365226.63264547364, "Envir": 191978.8462696172, "Vars": "[ 1. 57. 73.  2.  2.  2.]", "Mean": -229507.26083452097, "Nsamples": 7, "stop_bool": 0, "per_change": 0}, "envir": {"Value": 82425.69457262437, "Profit": -66955.55164965134, "Vars": "[15. 85.  0.  0.  1.  2.]", "Mean": -229507.26083452097, "Nsamples": 7, "stop_bool": 0, "per_change": 0}}, "77.0": {"profit": {"Value": -3783390.979571092, "Envir": 87925.9706486688, "Vars": "[80. 20. 87.  2.  0.  1.]", "Mean": -2895820.5573006803, "Nsamples": 2, "stop_bool": 0, "per_change": 0}, "envir": {"Value": 78118.15023052247, "Profit": -2008250.1350302687, "Vars": "[ 0.  2. 98.  0.  2.  1.]", "Mean": -2895820.5573006803, "Nsamples": 2, "stop_bool": 0, "per_change": 0}}, "57.0": {"profit": {"Value": -2912930.3232050566, "Envir": 73194.65773083294, "Vars": "[ 1.  0. 98.  1.  2.  1.]", "Mean": -2875595.697466403, "Nsamples": 2, "stop_bool": 0, "per_change": 0}, "envir": {"Value": 59654.754792209525, "Profit": -2838261.071727749, "Vars": "[ 49. 100.  26.   0.   1.   0.]", "Mean": -2875595.697466403, "Nsamples": 2, "stop_bool": 0, "per_change": 0}}, "98.0": {"profit": {"Value": -4261068.150553267, "Envir": 211063.02172133123, "Vars": "[21.  0. 79.  1.  1.  1.]", "Mean": -4048384.8455007463, "Nsamples": 5, "stop_bool": 0, "per_change": 0}, "envir": {"Value": 96662.94553157262, "Profit": -3959884.299232111, "Vars": "[12.  6. 81.  0.  2.  2.]", "Mean": -4048384.8455007463, "Nsamples": 5, "stop_bool": 0, "per_change": 0}}, "32.0": {"profit": {"Value": -674166.5337453203, "Envir": 264143.6614444544, "Vars": "[11. 85.  4.  0.  2.  1.]", "Mean": -587724.7353797769, "Nsamples": 4, "stop_bool": 0, "per_change": 0}, "envir": {"Value": 83280.08408657827, "Profit": -496943.56624529883, "Vars": "[95.  1.  4.  1.  2.  2.]", "Mean": -587724.7353797769, "Nsamples": 4, "stop_bool": 0, "per_change": 0}}, "5.0": {"profit": {"Value": -18693.12192454894, "Envir": 123108.65819163305, "Vars": "[42. 94. 82.  2.  2.  0.]", "Mean": -18693.12192454894, "Nsamples": 1, "stop_bool": 0, "per_change": 0}, "envir": {"Value": 123108.65819163305, "Profit": -18693.12192454894, "Vars": "[42. 94. 82.  2.  2.  0.]", "Mean": -18693.12192454894, "Nsamples": 1, "stop_bool": 0, "per_change": 0}}}}