{"farmer_1_1": {"60.0": {"profit": {"Value": -3260150.785340314, "Envir": 183201.6965330601, "Vars": "[11.  2. 86.  2.  1.  2.]", "Mean": -2033000.3807283188, "Nsamples": 5, "stop_bool": 0, "per_change": 0}, "envir": {"Value": 92737.3096177732, "Profit": -823635.8316579399, "Vars": "[79. 17.  4.  0.  2.  2.]", "Mean": -2033000.3807283186, "Nsamples": 5, "stop_bool": 0, "per_change": 0}}, "22.0": {"profit": {"Value": -226956.337548387, "Envir": 171064.60567033204, "Vars": "[15. 83.  2.  1.  2.  1.]", "Mean": -149522.70366116826, "Nsamples": 5, "stop_bool": 0, "per_change": 0}, "envir": {"Value": 74123.58590109162, "Profit": -64271.06310446278, "Vars": "[14. 83.  2.  1.  0.  1.]", "Mean": -149522.70366116826, "Nsamples": 5, "stop_bool": 0, "per_change": 0}}, "77.0": {"profit": {"Value": -5003294.521465969, "Envir": 133313.37384765357, "Vars": "[14. 80. 87.  0.  0.  2.]", "Mean": -4938179.47145527, "Nsamples": 2, "stop_bool": 0, "per_change": 0}, "envir": {"Value": 100493.32352365319, "Profit": -4873064.421444572, "Vars": "[96.  1.  2.  1.  2.  0.]", "Mean": -4938179.47145527, "Nsamples": 2, "stop_bool": 0, "per_change": 0}}, "57.0": {"profit": {"Value": -3365149.9861745024, "Envir": 87135.37352552883, "Vars": "[73.  0. 27.  1.  1.  1.]", "Mean": -2034370.8357880672, "Nsamples": 3, "stop_bool": 0, "per_change": 0}, "envir": {"Value": 53041.58226237505, "Profit": -979979.8778030131, "Vars": "[45. 45. 84.  1.  0.  1.]", "Mean": -2034370.8357880674, "Nsamples": 3, "stop_bool": 0, "per_change": 0}}, "98.0": {"profit": {"Value": -5499545.201191567, "Envir": 204170.5060666635, "Vars": "[65. 41. 53.  2.  0.  0.]", "Mean": -5165450.479357564, "Nsamples": 5, "stop_bool": 0, "per_change": 0}, "envir": {"Value": 143594.78904566623, "Profit": -4794361.421377167, "Vars": "[73.  5. 21.  1.  2.  2.]", "Mean": -5165450.479357564, "Nsamples": 5, "stop_bool": 0, "per_change": 0}}, "32.0": {"profit": {"Value": -1016692.5061361254, "Envir": 143369.72409174775, "Vars": "[ 8. 78. 14.  1.  2.  1.]", "Mean": -571405.7464680619, "Nsamples": 7, "stop_bool": 0, "per_change": 0}, "envir": {"Value": 59601.68798685791, "Profit": -221365.51997087908, "Vars": "[ 4. 94.  1.  2.  1.  2.]", "Mean": -571405.7464680619, "Nsamples": 7, "stop_bool": 0, "per_change": 0}}, "5.0": {"profit": {"Value": 0.0, "Envir": 0.0, "Vars": "[ 9. 90. 75.  1.  0.  0.]", "Mean": 0.0, "Nsamples": 1, "stop_bool": 0, "per_change": 0}, "envir": {"Value": 0.0, "Profit": 0.0, "Vars": "[ 9. 90. 75.  1.  0.  0.]", "Mean": 0.0, "Nsamples": 1, "stop_bool": 0, "per_change": 0}}}}