{"farmer_1_1": {}, "farmer_1_2": {}, "farmer_1_3": {}, "farmer_2_1": {}, "farmer_2_2": {"25.0": {"profit": {"Value": -246513.9198005023, "Envir": 153850.47539345748, "Vars": "[10.  1.  1. 87.  0.  2.  2.  0.]", "Mean": -116923.35119392132, "Nsamples": 11, "stop_bool": 0, "per_change": 43.142019887850175}, "envir": {"Value": 87168.03101864163, "Profit": -107730.29021598198, "Vars": "[ 6.  9. 82.  2.  2.  1.  0.  0.]", "Mean": -116923.35119392132, "Nsamples": 11, "stop_bool": 0, "per_change": 43.142019887850175}}, "36.0": {"profit": {"Value": -369047.6271316808, "Envir": 97882.0643086131, "Vars": "[55. 27. 59. 47.  0.  2.  2.  2.]", "Mean": -369047.6271316808, "Nsamples": 1, "stop_bool": 0, "per_change": 0}, "envir": {"Value": 97882.0643086131, "Profit": -369047.6271316808, "Vars": "[55. 27. 59. 47.  0.  2.  2.  2.]", "Mean": -369047.6271316808, "Nsamples": 1, "stop_bool": 0, "per_change": 0}}, "47.0": {"profit": {"Value": -1073315.143119349, "Envir": 157773.20042943826, "Vars": "[30.  0. 67.  2.  1.  1.  1.  1.]", "Mean": -697037.3700569742, "Nsamples": 3, "stop_bool": 0, "per_change": 0}, "envir": {"Value": 92530.78276200296, "Profit": -494184.8681768887, "Vars": "[ 3. 27. 70.  0.  1.  2.  0.  1.]", "Mean": -697037.3700569742, "Nsamples": 3, "stop_bool": 0, "per_change": 0}}, "80.0": {"profit": {"Value": -2562160.966955127, "Envir": 183945.28000826563, "Vars": "[12.  1. 52. 35.  2.  1.  1.  2.]", "Mean": -1395240.1580379442, "Nsamples": 4, "stop_bool": 0, "per_change": 0}, "envir": {"Value": 106436.21074662101, "Profit": -525298.4565084929, "Vars": "[ 2. 57.  6. 34.  1.  2.  2.  1.]", "Mean": -1395240.1580379442, "Nsamples": 4, "stop_bool": 0, "per_change": 0}}, "46.0": {"profit": {"Value": -876941.4166909056, "Envir": 184991.05267828828, "Vars": "[ 5.  5.  0. 89.  2.  2.  0.  0.]", "Mean": -514812.0454950244, "Nsamples": 5, "stop_bool": 0, "per_change": 0}, "envir": {"Value": 91612.46537869418, "Profit": -265165.1201030713, "Vars": "[ 8.  9. 80.  2.  2.  2.  2.  1.]", "Mean": -514812.0454950244, "Nsamples": 5, "stop_bool": 0, "per_change": 0}}, "2.0": {"profit": {"Value": 0.0, "Envir": 0.0, "Vars": "[23. 75. 91. 42.  1.  0.  0.  1.]", "Mean": 0.0, "Nsamples": 1, "stop_bool": 0, "per_change": 0}, "envir": {"Value": 0.0, "Profit": 0.0, "Vars": "[23. 75. 91. 42.  1.  0.  0.  1.]", "Mean": 0.0, "Nsamples": 1, "stop_bool": 0, "per_change": 0}}}}