{"farmer_1_1": {}, "farmer_1_2": {}, "farmer_1_3": {}, "farmer_2_1": {}, "farmer_2_2": {}, "farmer_2_3": {}, "farmer_3_1": {"80.0": {"profit": {"Value": -9097975.592335146, "Envir": 195461.6132056004, "Vars": "[  0.   0. 100.   1.   0.   1.]", "Mean": -5727019.376187419, "Nsamples": 13, "stop_bool": 1, "per_change": 1.5623154294845252}, "envir": {"Value": 101202.19820829736, "Profit": -2567972.9533398147, "Vars": "[36.  0. 63.  2.  2.  2.]", "Mean": -5727019.3761874195, "Nsamples": 13, "stop_bool": 1, "per_change": 1.5623154294845418}}, "73.0": {"profit": {"Value": -8283634.316544367, "Envir": 168357.5722252887, "Vars": "[42.  5. 84.  1.  2.  0.]", "Mean": -4181897.9965870744, "Nsamples": 4, "stop_bool": 0, "per_change": 0}, "envir": {"Value": 111594.72313491191, "Profit": -1252002.8844157804, "Vars": "[ 5.  5. 90.  2.  2.  1.]", "Mean": -4181897.996587074, "Nsamples": 4, "stop_bool": 0, "per_change": 0}}, "95.0": {"profit": {"Value": -9355695.846527763, "Envir": 230530.02371876023, "Vars": "[80.  0. 20.  0.  1.  2.]", "Mean": -5465071.359794023, "Nsamples": 10, "stop_bool": 1, "per_change": -24.488149972654387}, "envir": {"Value": 121320.60710845093, "Profit": -372825.14722867706, "Vars": "[ 8.  9. 83.  1.  1.  2.]", "Mean": -5465071.359794024, "Nsamples": 10, "stop_bool": 1, "per_change": -24.488149972654377}}, "28.0": {"profit": {"Value": -522169.51041368366, "Envir": 111207.96014710968, "Vars": "[85.  4. 11.  1.  2.  2.]", "Mean": -288468.89976175304, "Nsamples": 10, "stop_bool": 1, "per_change": -4.83872729548967}, "envir": {"Value": 75403.97223562509, "Profit": -93833.74091361687, "Vars": "[92.  0.  7.  0.  0.  2.]", "Mean": -288468.89976175304, "Nsamples": 10, "stop_bool": 1, "per_change": -4.838727295489651}}, "58.0": {"profit": {"Value": -6035590.632582987, "Envir": 260974.36685056728, "Vars": "[11.  0. 88.  1.  0.  1.]", "Mean": -3905120.131375248, "Nsamples": 3, "stop_bool": 0, "per_change": 0}, "envir": {"Value": 99721.65353355283, "Profit": -423206.76786038396, "Vars": "[64. 67.  5.  0.  1.  0.]", "Mean": -3905120.131375248, "Nsamples": 3, "stop_bool": 0, "per_change": 0}}, "91.0": {"profit": {"Value": -9411374.301671384, "Envir": 140862.255190512, "Vars": "[38. 61.  0.  0.  2.  2.]", "Mean": -5215886.059942727, "Nsamples": 6, "stop_bool": 1, "per_change": -18.12407869191719}, "envir": {"Value": 90532.47840971116, "Profit": -434219.77095309825, "Vars": "[ 4.  1. 94.  2.  2.  2.]", "Mean": -5215886.059942726, "Nsamples": 6, "stop_bool": 1, "per_change": -18.1240786919172}}, "66.0": {"profit": {"Value": -7589554.997201366, "Envir": 156082.76438279724, "Vars": "[17. 12. 71.  1.  1.  2.]", "Mean": -3262700.213348579, "Nsamples": 8, "stop_bool": 0, "per_change": 19.1338288998643}, "envir": {"Value": 104542.52894712312, "Profit": -351096.79423459247, "Vars": "[27.  3. 70.  2.  1.  2.]", "Mean": -3262700.213348579, "Nsamples": 8, "stop_bool": 0, "per_change": 19.1338288998643}}, "92.0": {"profit": {"Value": -9418739.253063804, "Envir": 221641.6723978723, "Vars": "[ 3. 95.  1.  1.  2.  2.]", "Mean": -5920271.501755245, "Nsamples": 14, "stop_bool": 1, "per_change": -16.078549788028837}, "envir": {"Value": 116277.94430905979, "Profit": -414870.1610570929, "Vars": "[ 0.  8. 90.  0.  0.  2.]", "Mean": -5920271.501755245, "Nsamples": 14, "stop_bool": 1, "per_change": -16.078549788028837}}, "63.0": {"profit": {"Value": -6552086.636730454, "Envir": 333307.700692444, "Vars": "[20.  6. 74.  2.  2.  2.]", "Mean": -3987049.939502863, "Nsamples": 10, "stop_bool": 1, "per_change": -11.036545491329983}, "envir": {"Value": 79517.5503998589, "Profit": -419108.7979537005, "Vars": "[ 2.  8. 88.  0.  0.  0.]", "Mean": -3987049.939502863, "Nsamples": 10, "stop_bool": 1, "per_change": -11.036545491330001}}, "1.0": {"profit": {"Value": 0.0, "Envir": 0.0, "Vars": "[10. 93. 87.  0.  1.  2.]", "Mean": 0.0, "Nsamples": 4, "stop_bool": 0, "per_change": NaN}, "envir": {"Value": 0.0, "Profit": 0.0, "Vars": "[10. 93. 87.  0.  1.  2.]", "Mean": 0.0, "Nsamples": 4, "stop_bool": 0, "per_change": NaN}}, "9.0": {"profit": {"Value": -19855.778119190814, "Envir": 107351.27887745606, "Vars": "[75. 23.  2.  0.  2.  2.]", "Mean": -8661.392627775556, "Nsamples": 6, "stop_bool": 1, "per_change": -13.967436675916742}, "envir": {"Value": 38859.05970663551, "Profit": -2236.1011799624794, "Vars": "[92. 30. 12.  2.  0.  0.]", "Mean": -8661.392627775558, "Nsamples": 6, "stop_bool": 1, "per_change": -13.967436675916723}}, "89.0": {"profit": {"Value": -9394404.98148816, "Envir": 135211.88317270446, "Vars": "[43. 54. 22.  2.  1.  1.]", "Mean": -4879238.630599804, "Nsamples": 11, "stop_bool": 0, "per_change": 18.510001231521844}, "envir": {"Value": 121069.5475206814, "Profit": -410728.2584268883, "Vars": "[ 1.  2. 96.  1.  1.  2.]", "Mean": -4879238.630599803, "Nsamples": 11, "stop_bool": 0, "per_change": 18.510001231521823}}, "67.0": {"profit": {"Value": -8162457.879833479, "Envir": 174781.1448583492, "Vars": "[ 6.  4. 90.  2.  1.  1.]", "Mean": -5237230.992826653, "Nsamples": 13, "stop_bool": 1, "per_change": -4.13998442169041}, "envir": {"Value": 52910.32741190329, "Profit": -477379.48872961843, "Vars": "[35.  8. 73.  0.  2.  2.]", "Mean": -5237230.992826652, "Nsamples": 13, "stop_bool": 1, "per_change": -4.139984421690411}}, "76.0": {"profit": {"Value": -8519134.74328264, "Envir": 211894.4346016196, "Vars": "[25.  9. 65.  2.  1.  2.]", "Mean": -5659721.41753129, "Nsamples": 13, "stop_bool": 1, "per_change": 2.850469059081445}, "envir": {"Value": 91118.81185491168, "Profit": -531989.8573789936, "Vars": "[13. 11. 76.  2.  2.  2.]", "Mean": -5659721.417531291, "Nsamples": 13, "stop_bool": 1, "per_change": 2.8504690590814796}}, "2.0": {"profit": {"Value": 0.0, "Envir": 0.0, "Vars": "[38. 55. 20.  1.  1.  0.]", "Mean": 0.0, "Nsamples": 4, "stop_bool": 0, "per_change": NaN}, "envir": {"Value": 0.0, "Profit": 0.0, "Vars": "[38. 55. 20.  1.  1.  0.]", "Mean": 0.0, "Nsamples": 4, "stop_bool": 0, "per_change": NaN}}, "93.0": {"profit": {"Value": -9398852.550617492, "Envir": 154825.60425457015, "Vars": "[89.  0. 10.  2.  0.  2.]", "Mean": -5423654.284096092, "Nsamples": 7, "stop_bool": 1, "per_change": -22.303774192827486}, "envir": {"Value": 96034.80694331157, "Profit": -421807.7996346359, "Vars": "[28. 72.  0.  2.  2.  1.]", "Mean": -5423654.284096093, "Nsamples": 7, "stop_bool": 1, "per_change": -22.303774192827476}}, "3.0": {"profit": {"Value": 0.0, "Envir": 0.0, "Vars": "[88.  5. 30.  0.  2.  2.]", "Mean": 0.0, "Nsamples": 5, "stop_bool": 0, "per_change": NaN}, "envir": {"Value": 0.0, "Profit": 0.0, "Vars": "[88.  5. 30.  0.  2.  2.]", "Mean": 0.0, "Nsamples": 5, "stop_bool": 0, "per_change": NaN}}, "35.0": {"profit": {"Value": -1332455.7692044834, "Envir": 196779.46078992164, "Vars": "[ 6.  3. 91.  0.  1.  2.]", "Mean": -749821.6971539732, "Nsamples": 9, "stop_bool": 1, "per_change": -0.20045687128207906}, "envir": {"Value": 67499.33979567426, "Profit": -215790.40181446535, "Vars": "[88. 52. 82.  2.  0.  1.]", "Mean": -749821.6971539733, "Nsamples": 9, "stop_bool": 1, "per_change": -0.20045687128206358}}, "33.0": {"profit": {"Value": -1250482.182942012, "Envir": 199871.16887578886, "Vars": "[11. 88.  0.  0.  2.  2.]", "Mean": -659575.8272499182, "Nsamples": 10, "stop_bool": 1, "per_change": -4.446999497904878}, "envir": {"Value": 75745.24196373505, "Profit": -192735.0981361256, "Vars": "[ 3.  1. 95.  2.  0.  0.]", "Mean": -659575.8272499181, "Nsamples": 10, "stop_bool": 1, "per_change": -4.446999497904878}}, "97.0": {"profit": {"Value": -9563316.579113428, "Envir": 203011.13585872977, "Vars": "[92.  8.  0.  1.  2.  1.]", "Mean": -3733105.29252569, "Nsamples": 10, "stop_bool": 1, "per_change": -9.064902870578715}, "envir": {"Value": 99138.85598368914, "Profit": -372377.5849493892, "Vars": "[16. 42. 69.  1.  2.  2.]", "Mean": -3733105.29252569, "Nsamples": 10, "stop_bool": 1, "per_change": -9.064902870578724}}, "31.0": {"profit": {"Value": -923661.7301171077, "Envir": 170823.80344474092,