{"farmer_1_1": {}, "farmer_1_2": {}, "farmer_1_3": {}, "farmer_2_1": {}, "farmer_2_2": {}, "farmer_2_3": {}, "farmer_3_1": {}, "farmer_3_2": {}, "farmer_3_3": {"80.0": {"profit": {"Value": -2617169.6214238307, "Envir": 211206.12406754564, "Vars": "[ 0. 93.  7.  1.  2.  0.]", "Mean": -1925968.02577933, "Nsamples": 15, "stop_bool": 1, "per_change": -6.760659332540676}, "envir": {"Value": 56652.74298373638, "Profit": -1234805.5527299922, "Vars": "[24. 65. 10.  1.  2.  1.]", "Mean": -1925968.0257793297, "Nsamples": 15, "stop_bool": 1, "per_change": -6.7606593325406665}}, "73.0": {"profit": {"Value": -2430552.227029802, "Envir": 198974.3085399073, "Vars": "[50.  0. 49.  1.  2.  2.]", "Mean": -1938662.2224578355, "Nsamples": 6, "stop_bool": 0, "per_change": 0}, "envir": {"Value": 119244.890247934, "Profit": -1225124.5253359138, "Vars": "[78.  4. 43.  1.  1.  2.]", "Mean": -1938662.2224578357, "Nsamples": 6, "stop_bool": 0, "per_change": 0}}, "95.0": {"profit": {"Value": -3035804.2295094784, "Envir": 250609.1578410403, "Vars": "[ 1. 64. 35.  1.  0.  2.]", "Mean": -2351027.0005863123, "Nsamples": 21, "stop_bool": 1, "per_change": 0.18823443856099945}, "envir": {"Value": 110759.33720383904, "Profit": -1691661.6732282364, "Vars": "[72.  0. 28.  2.  1.  1.]", "Mean": -2351027.0005863123, "Nsamples": 21, "stop_bool": 1, "per_change": 0.18823443856099945}}, "28.0": {"profit": {"Value": -528500.2423531987, "Envir": 163087.62514316826, "Vars": "[ 0.  7. 92.  2.  2.  2.]", "Mean": -338526.19134762057, "Nsamples": 12, "stop_bool": 0, "per_change": 5.40598424722734}, "envir": {"Value": 79270.66002366907, "Profit": -9975.040510944804, "Vars": "[ 0.  7. 92.  2.  2.  0.]", "Mean": -338526.19134762057, "Nsamples": 12, "stop_bool": 0, "per_change": 5.405984247227359}}, "58.0": {"profit": {"Value": -1913884.233262528, "Envir": 139517.46641194844, "Vars": "[75. 32. 73.  2.  2.  2.]", "Mean": -1106699.2166390668, "Nsamples": 4, "stop_bool": 0, "per_change": 0}, "envir": {"Value": 92112.15188977972, "Profit": -786163.1564151989, "Vars": "[20.  0. 80.  2.  0.  2.]", "Mean": -1106699.2166390668, "Nsamples": 4, "stop_bool": 0, "per_change": 0}}, "91.0": {"profit": {"Value": -2907314.398287316, "Envir": 277141.3152357061, "Vars": "[94. 13. 98.  2.  1.  0.]", "Mean": -2603565.9910981427, "Nsamples": 7, "stop_bool": 0, "per_change": 8.950184979725032}, "envir": {"Value": 130514.33464638924, "Profit": -1268413.2402190939, "Vars": "[ 0. 64. 36.  1.  2.  2.]", "Mean": -2603565.9910981418, "Nsamples": 7, "stop_bool": 0, "per_change": 8.950184979724993}}, "66.0": {"profit": {"Value": -2427265.6070366483, "Envir": 111425.40235241703, "Vars": "[55. 45.  0.  2.  2.  0.]", "Mean": -1822559.952444219, "Nsamples": 8, "stop_bool": 1, "per_change": 2.5190941286503414}, "envir": {"Value": 95756.59298657141, "Profit": -1128286.591185283, "Vars": "[98. 55. 51.  1.  0.  2.]", "Mean": -1822559.952444219, "Nsamples": 8, "stop_bool": 1, "per_change": 2.5190941286503414}}, "92.0": {"profit": {"Value": -3037176.6413056646, "Envir": 224305.01463760575, "Vars": "[28. 71.  1.  0.  0.  1.]", "Mean": -2751598.149177422, "Nsamples": 7, "stop_bool": 1, "per_change": -0.4004323424557985}, "envir": {"Value": 110918.13440159704, "Profit": -2630758.0965658445, "Vars": "[ 0. 65. 35.  1.  0.  1.]", "Mean": -2751598.1491774214, "Nsamples": 7, "stop_bool": 1, "per_change": -0.4004323424558153}}, "63.0": {"profit": {"Value": -2397237.4338036883, "Envir": 171008.84086552495, "Vars": "[73. 16. 36.  0.  1.  1.]", "Mean": -1623832.387481218, "Nsamples": 14, "stop_bool": 1, "per_change": -3.2705631141469316}, "envir": {"Value": 41068.08868642001, "Profit": -1172730.2303548008, "Vars": "[ 2. 89.  7.  1.  0.  0.]", "Mean": -1623832.387481218, "Nsamples": 14, "stop_bool": 1, "per_change": -3.2705631141469316}}, "1.0": {"profit": {"Value": 0.0, "Envir": 0.0, "Vars": "[75. 42. 60.  0.  2.  1.]", "Mean": 0.0, "Nsamples": 4, "stop_bool": 0, "per_change": NaN}, "envir": {"Value": 0.0, "Profit": 0.0, "Vars": "[75. 42. 60.  0.  2.  1.]", "Mean": 0.0, "Nsamples": 4, "stop_bool": 0, "per_change": NaN}}, "9.0": {"profit": {"Value": -50818.2078663204, "Envir": 127487.50497515852, "Vars": "[ 1. 80. 67.  2.  2.  0.]", "Mean": -32113.882704837764, "Nsamples": 3, "stop_bool": 0, "per_change": 41.08724002295747}, "envir": {"Value": 66741.01038441445, "Profit": -4625.774459510546, "Vars": "[89. 20. 65.  0.  2.  1.]", "Mean": -32113.882704837764, "Nsamples": 3, "stop_bool": 0, "per_change": 41.08724002295747}}, "89.0": {"profit": {"Value": -2818429.855946698, "Envir": 251979.12659684452, "Vars": "[18. 79.  3.  1.  2.  1.]", "Mean": -2275623.733254139, "Nsamples": 13, "stop_bool": 1, "per_change": -6.114090679021459}, "envir": {"Value": 124934.14037521943, "Profit": -1202674.6703983399, "Vars": "[ 0. 82. 16.  0.  2.  2.]", "Mean": -2275623.7332541393, "Nsamples": 13, "stop_bool": 1, "per_change": -6.114090679021475}}, "67.0": {"profit": {"Value": -2413517.1506191455, "Envir": 174549.35518965143, "Vars": "[43. 57.  0.  0.  1.  2.]", "Mean": -1736812.240472833, "Nsamples": 11, "stop_bool": 1, "per_change": -4.40056241436755}, "envir": {"Value": 124215.3515885296, "Profit": -1070867.6538777896, "Vars": "[13. 79.  8.  1.  2.  2.]", "Mean": -1736812.240472833, "Nsamples": 11, "stop_bool": 1, "per_change": -4.400562414367537}}, "76.0": {"profit": {"Value": -2532382.548339932, "Envir": 127775.53027163443, "Vars": "[85.  4. 10.  2.  2.  1.]", "Mean": -1806577.291864662, "Nsamples": 10, "stop_bool": 1, "per_change": 0.8061171028902914}, "envir": {"Value": 93526.84623166936, "Profit": -1169063.7844433119, "Vars": "[18. 69. 33.  0.  1.  1.]", "Mean": -1806577.291864662, "Nsamples": 10, "stop_bool": 1, "per_change": 0.8061171028902914}}, "2.0": {"profit": {"Value": 0.0, "Envir": 0.0, "Vars": "[20. 71. 72.  0.  1.  1.]", "Mean": 0.0, "Nsamples": 4, "stop_bool": 0, "per_change": NaN}, "envir": {"Value": 0.0, "Profit": 0.0, "Vars": "[20. 71. 72.  0.  1.  1.]", "Mean": 0.0, "Nsamples": 4, "stop_bool": 0, "per_change": NaN}}, "93.0": {"profit": {"Value": -2959465.6619864227, "Envir": 212447.55154876213, "Vars": "[ 0. 81. 18.  0.  2.  1.]", "Mean": -2526916.4377686847, "Nsamples": 8, "stop_bool": 1, "per_change": -6.838438254846882}, "envir": {"Value": 104822.3599131285, "Profit": -2541178.4159514736, "Vars": "[ 0. 75. 24.  1.  2.  0.]", "Mean": -2526916.4377686847, "Nsamples": 8, "stop_bool": 1, "per_change": -6.838438254846897}}, "3.0": {"profit": {"Value": -597.0443644067818, "Envir": 94293.54036179109, "Vars": "[56. 29. 44.  1.  1.  1.]", "Mean": -298.5221822033909, "Nsamples": 2, "stop_bool": 1, "per_change": -50.0}, "envir": {"Value": 0.0, "Profit": 0.0, "Vars": "[16. 97. 43.  2.  1.  2.]", "Mean": -298.5221822033909, "Nsamples": 2, "stop_bool": 1, "per_change": -50.0}}, "35.0": {"profit": {"Value": -870060.7499045419, "Envir": 179439.66106933856, "Vars": "[48. 51.  0.  2.  1.  1.]", "Mean": -610912.1986627493, "Nsamples": 10, "stop_bool": 1, "per_change": 4.52892223657661}, "envir": {"Value": 88587.80425954884, "Profit": -173213.81898271904, "Vars": "[ 3.  7. 90.  0.  2.  1.]", "Mean": -610912.1986627493, "Nsamples": 10, "stop_bool": 1, "per_change": 4.52892223657661}}, "33.0": {"profit": {"Value": -826740.5492374992, "Envir": 176531.74801892877, "Vars": "[68. 32.  0.  1.  1.  2.]", "Mean": -513063.27698055963, "Nsamples": 11, "stop_bool": 1, "per_change": 1.6870879486876025}, "envir": {"Value": 81058.46122246241, "Profit": -124302.61207269062, "Vars": "[ 3.  3. 93.  0.  0.  0.]", "Mean": -513063.2769805595, "Nsamples": 11, "stop_bool": 1, "per_change": 1.6870879486875914}}, "97.0": {"profit": {"Value": -3159938.8091840986, "Envir": 276500.4717576738, "Vars": "[71.  0. 29.  2.  1.  1.]", "Mean": -2296501.4898041366, "Nsamples": 17, "stop_bool": 0, "per_change": 6.369641474023857}, "envir": {"Value": 108773.59467717283, "Profit": -1480455.192252972, "Vars": "[ 0. 68. 32.  2.  0.  0.]", "Mean": -2296501.4898041356, "Nsamples": 17, "stop_bool": 0,