{"farmer_1_1": {}, "farmer_1_2": {}, "farmer_1_3": {}, "farmer_2_1": {"25.0": {"profit": {"Value": -260976.17986855516, "Envir": 207532.26393219703, "Vars": "[79. 61. 50. 55.  2.  2.  1.  1.]", "Mean": -168506.17059496074, "Nsamples": 5, "stop_bool": 1, "per_change": -9.509752416237953}, "envir": {"Value": 66154.14108805498, "Profit": -20867.511183118553, "Vars": "[ 7. 82.  1.  8.  1.  0.  2.  2.]", "Mean": -168506.17059496074, "Nsamples": 5, "stop_bool": 1, "per_change": -9.509752416237953}}, "79.0": {"profit": {"Value": -5550557.483781619, "Envir": 208924.87994751002, "Vars": "[81. 18.  0.  1.  1.  2.  0.  0.]", "Mean": -2962132.2225524737, "Nsamples": 16, "stop_bool": 1, "per_change": -11.134922700314515}, "envir": {"Value": 97080.44861715825, "Profit": -794182.0914726162, "Vars": "[ 0. 54. 42.  4.  2.  1.  2.  2.]", "Mean": -2962132.222552473, "Nsamples": 16, "stop_bool": 1, "per_change": -11.134922700314542}}, "54.0": {"profit": {"Value": -2532647.6823797356, "Envir": 240436.86314862446, "Vars": "[62.  0. 11. 27.  1.  1.  2.  1.]", "Mean": -1390290.6792848147, "Nsamples": 7, "stop_bool": 1, "per_change": -1.6327387655311019}, "envir": {"Value": 85752.31358283629, "Profit": -337322.1836529543, "Vars": "[19. 11. 63.  6.  1.  2.  2.  2.]", "Mean": -1390290.6792848147, "Nsamples": 7, "stop_bool": 1, "per_change": -1.6327387655311019}}, "0.0": {"profit": {"Value": 0.0, "Envir": 0.0, "Vars": "[ 2.  1.  6. 93.  0.  0.  2.  2.]", "Mean": 0.0, "Nsamples": 1, "stop_bool": 0, "per_change": 0}, "envir": {"Value": 0.0, "Profit": 0.0, "Vars": "[ 2.  1.  6. 93.  0.  0.  2.  2.]", "Mean": 0.0, "Nsamples": 1, "stop_bool": 0, "per_change": 0}}, "61.0": {"profit": {"Value": -4362017.890386816, "Envir": 103825.09052111392, "Vars": "[ 5. 67. 21. 14.  1.  0.  2.  2.]", "Mean": -1522723.0616919193, "Nsamples": 8, "stop_bool": 0, "per_change": 23.113417420094425}, "envir": {"Value": 93302.78002310236, "Profit": -398692.1487078865, "Vars": "[ 2.  1. 90.  6.  1.  1.  2.  2.]", "Mean": -1522723.0616919193, "Nsamples": 8, "stop_bool": 0, "per_change": 23.113417420094446}}, "22.0": {"profit": {"Value": -187747.09633428074, "Envir": 100851.91072914646, "Vars": "[12. 76.  0. 12.  2.  1.  2.  2.]", "Mean": -181658.55690077107, "Nsamples": 2, "stop_bool": 0, "per_change": 0}, "envir": {"Value": 83889.11755120363, "Profit": -175570.0174672614, "Vars": "[ 0. 89. 18.  2.  0.  2.  0.  0.]", "Mean": -181658.55690077107, "Nsamples": 2, "stop_bool": 0, "per_change": 0}}, "89.0": {"profit": {"Value": -6373336.779488034, "Envir": 187993.11532999572, "Vars": "[66.  0. 24.  9.  1.  1.  2.  1.]", "Mean": -3847203.673214816, "Nsamples": 16, "stop_bool": 1, "per_change": -14.661787321938322}, "envir": {"Value": 101392.96095120438, "Profit": -724298.9822361183, "Vars": "[38. 31. 88. 64.  2.  0.  2.  0.]", "Mean": -3847203.673214815, "Nsamples": 16, "stop_bool": 1, "per_change": -14.661787321938341}}, "52.0": {"profit": {"Value": -1783286.4401981486, "Envir": 199299.15914390513, "Vars": "[76. 25. 75. 80.  0.  1.  1.  2.]", "Mean": -839361.9527860129, "Nsamples": 9, "stop_bool": 1, "per_change": -15.859067837929944}, "envir": {"Value": 75982.25621086033, "Profit": -413608.1822415959, "Vars": "[13.  0. 75. 10.  2.  0.  0.  1.]", "Mean": -839361.9527860129, "Nsamples": 9, "stop_bool": 1, "per_change": -15.859067837929944}}, "21.0": {"profit": {"Value": -207013.72562851748, "Envir": 70777.63495154577, "Vars": "[74. 26. 29. 88.  1.  0.  0.  0.]", "Mean": -149883.32389075487, "Nsamples": 4, "stop_bool": 1, "per_change": -27.597397981369664}, "envir": {"Value": 51266.45551077275, "Profit": -94103.38637456951, "Vars": "[58. 79. 26. 63.  2.  2.  2.  1.]", "Mean": -149883.3238907549, "Nsamples": 4, "stop_bool": 1, "per_change": -27.59739798136965}}, "87.0": {"profit": {"Value": -5898359.978320333, "Envir": 189230.91379014953, "Vars": "[42.  1.  4. 53.  1.  2.  2.  0.]", "Mean": -3364869.0898138448, "Nsamples": 4, "stop_bool": 0, "per_change": 0}, "envir": {"Value": 140059.40611711732, "Profit": -779864.6716487142, "Vars": "[66. 20.  2. 12.  2.  1.  2.  0.]", "Mean": -3364869.089813845, "Nsamples": 4, "stop_bool": 0, "per_change": 0}}, "20.0": {"profit": {"Value": -156336.30845682853, "Envir": 146264.07648678304, "Vars": "[73.  0.  3. 23.  1.  2.  2.  2.]", "Mean": -60280.47201161974, "Nsamples": 7, "stop_bool": 1, "per_change": 3.4782293396394146}, "envir": {"Value": 54563.68631672046, "Profit": -8872.981490198097, "Vars": "[ 0. 64.  7. 28.  0.  1.  0.  1.]", "Mean": -60280.47201161974, "Nsamples": 7, "stop_bool": 1, "per_change": 3.4782293396394146}}, "85.0": {"profit": {"Value": -6242644.579253731, "Envir": 225329.49331344402, "Vars": "[38. 71. 52. 50.  2.  0.  2.  1.]", "Mean": -3183587.3425147934, "Nsamples": 20, "stop_bool": 0, "per_change": 7.8742187266774915}, "envir": {"Value": 87298.79733572586, "Profit": -865787.9291648571, "Vars": "[24. 24. 98. 15.  1.  1.  0.  0.]", "Mean": -3183587.3425147934, "Nsamples": 20, "stop_bool": 0, "per_change": 7.8742187266774915}}, "15.0": {"profit": {"Value": -114068.30979526255, "Envir": 134248.35008923901, "Vars": "[ 2. 63. 71. 47.  0.  2.  0.  2.]", "Mean": -46863.48986387396, "Nsamples": 10, "stop_bool": 1, "per_change": -16.68290353395249}, "envir": {"Value": 62360.91247948716, "Profit": -7145.714128529678, "Vars": "[13. 70.  3. 14.  1.  0.  1.  0.]", "Mean": -46863.489863873954, "Nsamples": 10, "stop_bool": 1, "per_change": -16.682903533952494}}, "78.0": {"profit": {"Value": -6039385.683185945, "Envir": 182632.48687742435, "Vars": "[ 7.  1. 68. 24.  0.  2.  2.  1.]", "Mean": -3656111.965862427, "Nsamples": 3, "stop_bool": 0, "per_change": 0}, "envir": {"Value": 109681.43782043092, "Profit": -828813.7254178592, "Vars": "[61. 75. 75. 84.  0.  0.  2.  2.]", "Mean": -3656111.965862427, "Nsamples": 3, "stop_bool": 0, "per_change": 0}}, "71.0": {"profit": {"Value": -5090716.543916358, "Envir": 158228.48359119624, "Vars": "[28.  8. 57.  7.  0.  2.  2.  2.]", "Mean": -1957419.5756518887, "Nsamples": 12, "stop_bool": 1, "per_change": -12.073161955547407}, "envir": {"Value": 94925.09678693741, "Profit": -402088.4445310222, "Vars": "[57.  6.  3. 33.  2.  1.  1.  2.]", "Mean": -1957419.5756518887, "Nsamples": 12, "stop_bool": 1, "per_change": -12.073161955547425}}, "60.0": {"profit": {"Value": -4750304.694212296, "Envir": 249615.59100499342, "Vars": "[20. 13. 64.  3.  0.  1.  2.  0.]", "Mean": -1682495.0701289177, "Nsamples": 21, "stop_bool": 1, "per_change": -12.200684058225475}, "envir": {"Value": 87229.05114497987, "Profit": -417275.0421080918, "Vars": "[27.  9. 21. 46.  1.  2.  1.  1.]", "Mean": -1682495.0701289175, "Nsamples": 21, "stop_bool": 1, "per_change": -12.200684058225477}}, "68.0": {"profit": {"Value": -5151820.450328878, "Envir": 686368.2377685382, "Vars": "[ 3.  4. 10. 93.  2.  0.  1.  0.]", "Mean": -2130745.610715183, "Nsamples": 9, "stop_bool": 1, "per_change": -12.856158140007928}, "envir": {"Value": 96755.16735503907, "Profit": -458076.8730465096, "Vars": "[72.  4.  6. 17.  2.  1.  1.  1.]", "Mean": -2130745.610715183, "Nsamples": 9, "stop_bool": 1, "per_change": -12.856158140007912}}, "36.0": {"profit": {"Value": -909097.0982301024, "Envir": 263523.5807721523, "Vars": "[20. 62. 10.  7.  2.  2.  1.  1.]", "Mean": -305979.3832465125, "Nsamples": 11, "stop_bool": 1, "per_change": -8.948479564679026}, "envir": {"Value": 71103.59532919312, "Profit": -123102.55220660032, "Vars": "[ 8.  7. 78.  7.  0.  0.  2.  1.]", "Mean": -305979.3832465125, "Nsamples": 11, "stop_bool": 1, "per_change": -8.948479564679026}}, "69.0": {"profit": {"Value": -4251552.404474842, "Envir": 118779.31169039746, "Vars": "[ 3. 80. 16. 56.  0.  2.  2.  1.]", "Mean": -2522597.937013837, "Nsamples": 2, "stop_bool": 0, "per_change": 0}, "envir": {"Value": 110410.33021991132, "Profit": -793643.4695528314, "Vars": "[14.  4. 79.  2.  2.  1.  2.  1.]", "Mean": -2522597.937013837, "Nsamples": 2, "stop_bool": 0, "per_change": 0}}, "49.0": {"profit": {"Value": -2980695.7579274494,