{"farmer_1_1": {}, "farmer_1_2": {}, "farmer_1_3": {}, "farmer_2_1": {}, "farmer_2_2": {}, "farmer_2_3": {}, "farmer_3_1": {}, "farmer_3_2": {"80.0": {"profit": {"Value": -7806703.640976331, "Envir": 175206.26570433337, "Vars": "[ 4. 94.  2.  2.  2.  1.]", "Mean": -5566568.689261367, "Nsamples": 7, "stop_bool": 1, "per_change": -1.1319532051118903}, "envir": {"Value": 97704.49783884462, "Profit": -836986.1549575788, "Vars": "[ 4. 94.  2.  2.  2.  0.]", "Mean": -5566568.689261368, "Nsamples": 7, "stop_bool": 1, "per_change": -1.131953205111874}}, "73.0": {"profit": {"Value": -6809924.7555831345, "Envir": 255033.67269236158, "Vars": "[ 2. 74. 23.  1.  1.  1.]", "Mean": -4787786.390970669, "Nsamples": 5, "stop_bool": 0, "per_change": 0}, "envir": {"Value": 92735.07577901045, "Profit": -429953.3628248567, "Vars": "[ 9. 83.  8.  1.  0.  0.]", "Mean": -4787786.390970669, "Nsamples": 5, "stop_bool": 0, "per_change": 0}}, "95.0": {"profit": {"Value": -8171986.026245117, "Envir": 236514.71188967413, "Vars": "[ 7. 86.  6.  2.  2.  2.]", "Mean": -6991650.56053946, "Nsamples": 8, "stop_bool": 1, "per_change": -10.579047505905208}, "envir": {"Value": 106214.61631476242, "Profit": -444528.9515145044, "Vars": "[ 3. 87. 10.  1.  2.  2.]", "Mean": -6991650.560539461, "Nsamples": 8, "stop_bool": 1, "per_change": -10.579047505905196}}, "28.0": {"profit": {"Value": -534399.2903717876, "Envir": 165532.88061236337, "Vars": "[95.  4.  1.  1.  1.  1.]", "Mean": -395425.0892099239, "Nsamples": 7, "stop_bool": 1, "per_change": 4.006407970328082}, "envir": {"Value": 60339.2266546522, "Profit": -206104.44677137866, "Vars": "[68. 34. 34.  2.  2.  1.]", "Mean": -395425.08920992387, "Nsamples": 7, "stop_bool": 1, "per_change": 4.006407970328067}}, "58.0": {"profit": {"Value": -3934051.202776057, "Envir": 252560.94114569528, "Vars": "[ 0. 83. 16.  2.  2.  0.]", "Mean": -3478844.3650083006, "Nsamples": 5, "stop_bool": 0, "per_change": 0}, "envir": {"Value": 122686.00762891545, "Profit": -2844294.8327770988, "Vars": "[ 2. 75. 22.  2.  1.  1.]", "Mean": -3478844.3650082997, "Nsamples": 5, "stop_bool": 0, "per_change": 0}}, "91.0": {"profit": {"Value": -8129020.555490263, "Envir": 202336.28483415302, "Vars": "[19. 81.  0.  2.  2.  2.]", "Mean": -8018141.601050051, "Nsamples": 5, "stop_bool": 1, "per_change": 0.6736376476546526}, "envir": {"Value": 102248.47954845133, "Profit": -8027540.000795019, "Vars": "[ 0. 84. 16.  2.  2.  0.]", "Mean": -8018141.601050051, "Nsamples": 5, "stop_bool": 1, "per_change": 0.6736376476546526}}, "66.0": {"profit": {"Value": -6687335.207313349, "Envir": 171855.3015343827, "Vars": "[ 7. 92.  1.  1.  2.  1.]", "Mean": -3840988.7825317373, "Nsamples": 9, "stop_bool": 1, "per_change": -15.422406295213678}, "envir": {"Value": 96668.69617234083, "Profit": -353445.79546406056, "Vars": "[64.  4. 40.  2.  0.  2.]", "Mean": -3840988.782531738, "Nsamples": 9, "stop_bool": 1, "per_change": -15.422406295213667}}, "92.0": {"profit": {"Value": -8041278.340984617, "Envir": 192683.92380061687, "Vars": "[46. 67. 88.  0.  1.  1.]", "Mean": -5478792.155815761, "Nsamples": 15, "stop_bool": 0, "per_change": 17.875307706815295}, "envir": {"Value": 89113.2286239436, "Profit": -380404.3810082274, "Vars": "[21. 79.  0.  1.  1.  1.]", "Mean": -5478792.15581576, "Nsamples": 15, "stop_bool": 0, "per_change": 17.875307706815274}}, "63.0": {"profit": {"Value": -6768055.142351011, "Envir": 219452.45362511795, "Vars": "[ 6.  0. 93.  0.  2.  2.]", "Mean": -2335068.4371686415, "Nsamples": 14, "stop_bool": 1, "per_change": 0.34962212624505673}, "envir": {"Value": 119348.61023836369, "Profit": -369857.5964374177, "Vars": "[65.  2. 33.  2.  1.  2.]", "Mean": -2335068.4371686415, "Nsamples": 14, "stop_bool": 1, "per_change": 0.34962212624505673}}, "1.0": {"profit": {"Value": 0.0, "Envir": 0.0, "Vars": "[41. 94. 23.  0.  0.  0.]", "Mean": 0.0, "Nsamples": 4, "stop_bool": 0, "per_change": NaN}, "envir": {"Value": 0.0, "Profit": 0.0, "Vars": "[41. 94. 23.  0.  0.  0.]", "Mean": 0.0, "Nsamples": 4, "stop_bool": 0, "per_change": NaN}}, "9.0": {"profit": {"Value": -47001.175752362724, "Envir": 186325.44177030964, "Vars": "[ 7. 19. 73.  2.  1.  0.]", "Mean": -21119.99503705831, "Nsamples": 8, "stop_bool": 1, "per_change": -6.748142264981327}, "envir": {"Value": 62354.66662489441, "Profit": -7549.853933371598, "Vars": "[ 6.  6. 87.  0.  0.  0.]", "Mean": -21119.99503705831, "Nsamples": 8, "stop_bool": 1, "per_change": -6.748142264981312}}, "89.0": {"profit": {"Value": -8125887.9991151625, "Envir": 187225.9376272275, "Vars": "[94. 26. 72.  1.  0.  2.]", "Mean": -5278285.797991179, "Nsamples": 6, "stop_bool": 0, "per_change": 16.933175093855823}, "envir": {"Value": 104479.62644713538, "Profit": -2403703.65542542, "Vars": "[ 0. 92.  7.  2.  2.  0.]", "Mean": -5278285.797991178, "Nsamples": 6, "stop_bool": 0, "per_change": 16.933175093855827}}, "67.0": {"profit": {"Value": -6963918.815534618, "Envir": 154232.3578426438, "Vars": "[42. 85. 28.  2.  2.  0.]", "Mean": -4164188.9201500774, "Nsamples": 9, "stop_bool": 1, "per_change": 2.5339120633016186}, "envir": {"Value": 105101.47866983424, "Profit": -1315389.2555144227, "Vars": "[ 4. 95.  0.  2.  0.  1.]", "Mean": -4164188.9201500774, "Nsamples": 9, "stop_bool": 1, "per_change": 2.5339120633016066}}, "76.0": {"profit": {"Value": -7441885.549738221, "Envir": 143178.87500882006, "Vars": "[92.  8.  0.  2.  1.  2.]", "Mean": -4705342.038578256, "Nsamples": 8, "stop_bool": 1, "per_change": -14.513749053407455}, "envir": {"Value": 79578.90734751639, "Profit": -434670.9139354296, "Vars": "[ 7. 90.  3.  2.  2.  2.]", "Mean": -4705342.038578256, "Nsamples": 8, "stop_bool": 1, "per_change": -14.513749053407455}}, "2.0": {"profit": {"Value": 0.0, "Envir": 0.0, "Vars": "[89. 62.  1.  0.  2.  2.]", "Mean": 0.0, "Nsamples": 4, "stop_bool": 0, "per_change": NaN}, "envir": {"Value": 0.0, "Profit": 0.0, "Vars": "[89. 62.  1.  0.  2.  2.]", "Mean": 0.0, "Nsamples": 4, "stop_bool": 0, "per_change": NaN}}, "93.0": {"profit": {"Value": -8111824.019222298, "Envir": 176982.88843231517, "Vars": "[ 1. 90.  9.  0.  2.  1.]", "Mean": -4547158.03516681, "Nsamples": 13, "stop_bool": 1, "per_change": -0.410499723376449}, "envir": {"Value": 125718.34229345783, "Profit": -452168.4862390294, "Vars": "[88. 99. 55.  1.  2.  2.]", "Mean": -4547158.03516681, "Nsamples": 13, "stop_bool": 1, "per_change": -0.410499723376449}}, "3.0": {"profit": {"Value": -1418.7327433023488, "Envir": 126758.0586914559, "Vars": "[87. 33.  0.  2.  0.  2.]", "Mean": -283.7465486604698, "Nsamples": 5, "stop_bool": 1, "per_change": -Infinity}, "envir": {"Value": 0.0, "Profit": 0.0, "Vars": "[15. 73. 74.  1.  0.  2.]", "Mean": -283.7465486604698, "Nsamples": 5, "stop_bool": 1, "per_change": -Infinity}}, "35.0": {"profit": {"Value": -1338565.5332764762, "Envir": 200853.44380431704, "Vars": "[10.  5. 84.  1.  2.  2.]", "Mean": -804604.6889749215, "Nsamples": 10, "stop_bool": 1, "per_change": -9.396278472848687}, "envir": {"Value": 91217.17887482661, "Profit": -536161.4116654446, "Vars": "[ 1. 90.  9.  1.  2.  0.]", "Mean": -804604.6889749214, "Nsamples": 10, "stop_bool": 1, "per_change": -9.3962784728487}}, "33.0": {"profit": {"Value": -1162559.2680594972, "Envir": 189647.20154439117, "Vars": "[ 7. 93. 83.  0.  1.  2.]", "Mean": -602780.2218423166, "Nsamples": 8, "stop_bool": 1, "per_change": -8.72371524199071}, "envir": {"Value": 76656.00181109254, "Profit": -193502.0543779576, "Vars": "[16.  0. 84.  2.  1.  2.]", "Mean": -602780.2218423166, "Nsamples": 8, "stop_bool": 1, "per_change": -8.72371524199071}}, "97.0": {"profit": {"Value": -8066729.191891063, "Envir": 274641.63598601264, "Vars": "[ 2. 65. 47.  1.  1.  1.]", "Mean": -6622729.787827281, "Nsamples": 7, "stop_bool": 1, "per_change": -7.314099129465959}, "envir": {"Value": 109988.10746934806, "Profit": -5705604.1366759855, "Vars": "[46.  4. 81.  2.  1.  1.]", "Mean": -6622729.78782728, "Nsamples": 7, "stop_bool": 1, "per_change": -7.314099129465973}},