{"farmer_1_1": {}, "farmer_1_2": {}, "farmer_1_3": {}, "farmer_2_1": {}, "farmer_2_2": {"25.0": {"profit": {"Value": -309540.56830725993, "Envir": 174208.17005038584, "Vars": "[ 5.  2. 92.  0.  0.  0.  2.  1.]", "Mean": -139285.98802519028, "Nsamples": 9, "stop_bool": 0, "per_change": 7.060017591609438}, "envir": {"Value": 75628.14334125748, "Profit": -123118.38563688294, "Vars": "[17.  2. 74.  6.  0.  0.  0.  0.]", "Mean": -139285.98802519028, "Nsamples": 9, "stop_bool": 0, "per_change": 7.0600175916094505}}, "79.0": {"profit": {"Value": -2543690.6092700628, "Envir": 146309.6054925883, "Vars": "[73. 22.  2.  3.  2.  2.  2.  2.]", "Mean": -1391266.2137689856, "Nsamples": 14, "stop_bool": 1, "per_change": -9.208053494007768}, "envir": {"Value": 114960.24618085034, "Profit": -392321.92608810525, "Vars": "[ 2.  9.  3. 85.  1.  2.  2.  1.]", "Mean": -1391266.2137689858, "Nsamples": 14, "stop_bool": 1, "per_change": -9.208053494007752}}, "54.0": {"profit": {"Value": -1645948.9848145233, "Envir": 249117.78175137064, "Vars": "[22. 72.  1.  4.  1.  1.  0.  2.]", "Mean": -813891.3454343076, "Nsamples": 15, "stop_bool": 1, "per_change": -19.124921316728667}, "envir": {"Value": 82687.00877273199, "Profit": -278055.20361187414, "Vars": "[19. 58.  0. 23.  1.  2.  0.  1.]", "Mean": -813891.3454343076, "Nsamples": 15, "stop_bool": 1, "per_change": -19.124921316728667}}, "0.0": {"profit": {"Value": 0.0, "Envir": 0.0, "Vars": "[16. 12. 72. 25.  0.  2.  0.  0.]", "Mean": 0.0, "Nsamples": 1, "stop_bool": 0, "per_change": 0}, "envir": {"Value": 0.0, "Profit": 0.0, "Vars": "[16. 12. 72. 25.  0.  2.  0.  0.]", "Mean": 0.0, "Nsamples": 1, "stop_bool": 0, "per_change": 0}}, "61.0": {"profit": {"Value": -1823097.0045126379, "Envir": 240130.36945234024, "Vars": "[27. 67.  3.  2.  1.  2.  2.  2.]", "Mean": -1480894.5125880581, "Nsamples": 4, "stop_bool": 0, "per_change": 6.395931125328748}, "envir": {"Value": 117997.21490477624, "Profit": -1391871.3779041448, "Vars": "[ 7. 88. 14. 74.  1.  2.  1.  0.]", "Mean": -1480894.5125880581, "Nsamples": 4, "stop_bool": 0, "per_change": 6.395931125328748}}, "22.0": {"profit": {"Value": -139956.03107438862, "Envir": 81963.54563229377, "Vars": "[73. 88.  6. 37.  2.  2.  0.  1.]", "Mean": -139956.03107438862, "Nsamples": 1, "stop_bool": 0, "per_change": 0}, "envir": {"Value": 81963.54563229377, "Profit": -139956.03107438862, "Vars": "[73. 88.  6. 37.  2.  2.  0.  1.]", "Mean": -139956.03107438862, "Nsamples": 1, "stop_bool": 0, "per_change": 0}}, "89.0": {"profit": {"Value": -2528773.1544676055, "Envir": 254888.63307704142, "Vars": "[ 0.  0. 46. 54.  0.  1.  2.  1.]", "Mean": -1527521.5889791853, "Nsamples": 11, "stop_bool": 1, "per_change": -7.589723713601355}, "envir": {"Value": 75372.97420865989, "Profit": -550781.5008116189, "Vars": "[19. 75.  3.  3.  1.  0.  0.  0.]", "Mean": -1527521.5889791853, "Nsamples": 11, "stop_bool": 1, "per_change": -7.589723713601355}}, "52.0": {"profit": {"Value": -1480133.947592909, "Envir": 195899.20335615275, "Vars": "[ 0.  7. 88.  4.  1.  2.  1.  2.]", "Mean": -774728.8795782854, "Nsamples": 9, "stop_bool": 1, "per_change": -1.531485720971307}, "envir": {"Value": 87011.74893623128, "Profit": -194004.66883253533, "Vars": "[ 4. 23. 68.  4.  1.  2.  2.  2.]", "Mean": -774728.8795782854, "Nsamples": 9, "stop_bool": 1, "per_change": -1.531485720971307}}, "21.0": {"profit": {"Value": -111191.98087685082, "Envir": 116055.04146936059, "Vars": "[28. 73. 94.  3.  0.  2.  2.  0.]", "Mean": -69470.14216594449, "Nsamples": 4, "stop_bool": 0, "per_change": 15.031175277529723}, "envir": {"Value": 57249.78780058524, "Profit": -96703.22609119926, "Vars": "[89. 44. 38. 95.  2.  2.  2.  2.]", "Mean": -69470.14216594449, "Nsamples": 4, "stop_bool": 0, "per_change": 15.031175277529723}}, "87.0": {"profit": {"Value": -2409999.6121507944, "Envir": 212150.7970755766, "Vars": "[ 3.  0.  9. 88.  0.  1.  1.  1.]", "Mean": -1366897.7120062117, "Nsamples": 5, "stop_bool": 0, "per_change": 0}, "envir": {"Value": 114128.48399929995, "Profit": -485331.30112519464, "Vars": "[73. 17. 85. 79.  0.  1.  2.  1.]", "Mean": -1366897.712006212, "Nsamples": 5, "stop_bool": 0, "per_change": 0}}, "20.0": {"profit": {"Value": -102858.5933653918, "Envir": 191297.802750242, "Vars": "[14.  1.  3. 82.  1.  2.  0.  1.]", "Mean": -71008.8670698138, "Nsamples": 8, "stop_bool": 0, "per_change": 6.613627544958653}, "envir": {"Value": 58137.23116316501, "Profit": -31379.732402559628, "Vars": "[26. 17. 57.  0.  0.  0.  0.  2.]", "Mean": -71008.8670698138, "Nsamples": 8, "stop_bool": 0, "per_change": 6.613627544958653}}, "85.0": {"profit": {"Value": -2574082.5928789894, "Envir": 236665.04419716384, "Vars": "[14. 82.  1.  3.  0.  2.  2.  1.]", "Mean": -1588439.5413762468, "Nsamples": 15, "stop_bool": 1, "per_change": -37.04404663475131}, "envir": {"Value": 120419.09221023245, "Profit": -2446833.022101866, "Vars": "[74. 87. 43. 94.  2.  2.  1.  0.]", "Mean": -1588439.5413762468, "Nsamples": 15, "stop_bool": 1, "per_change": -37.04404663475131}}, "15.0": {"profit": {"Value": -104007.3950337365, "Envir": 132615.15392338182, "Vars": "[ 0. 88.  3.  8.  2.  1.  1.  2.]", "Mean": -36726.25513130983, "Nsamples": 14, "stop_bool": 1, "per_change": -2.1291488635756197}, "envir": {"Value": 62956.98532852823, "Profit": -8271.823404538718, "Vars": "[ 4.  5. 63. 28.  0.  0.  0.  0.]", "Mean": -36726.25513130983, "Nsamples": 14, "stop_bool": 1, "per_change": -2.1291488635756197}}, "78.0": {"profit": {"Value": -2434076.3398881895, "Envir": 140790.43401939268, "Vars": "[71. 43. 40. 36.  0.  0.  0.  1.]", "Mean": -1244183.6265705498, "Nsamples": 3, "stop_bool": 0, "per_change": 0}, "envir": {"Value": 106163.66361060287, "Profit": -430405.652541671, "Vars": "[16. 81.  2.  0.  1.  1.  2.  0.]", "Mean": -1244183.6265705498, "Nsamples": 3, "stop_bool": 0, "per_change": 0}}, "71.0": {"profit": {"Value": -2090419.9790316941, "Envir": 202617.1102546512, "Vars": "[25. 68.  0.  7.  1.  1.  1.  0.]", "Mean": -1117495.8778305058, "Nsamples": 17, "stop_bool": 1, "per_change": 4.387397348544048}, "envir": {"Value": 113444.32163570572, "Profit": -319634.5185989168, "Vars": "[ 7. 77.  2. 13.  0.  0.  1.  2.]", "Mean": -1117495.8778305058, "Nsamples": 17, "stop_bool": 1, "per_change": 4.387397348544048}}, "60.0": {"profit": {"Value": -1877306.9928243763, "Envir": 183044.85050349086, "Vars": "[25.  2. 66.  7.  0.  1.  2.  1.]", "Mean": -931475.1213140353, "Nsamples": 10, "stop_bool": 1, "per_change": -7.154527089321429}, "envir": {"Value": 117984.40689966994, "Profit": -253142.3656181792, "Vars": "[18. 70. 11.  0.  1.  0.  1.  1.]", "Mean": -931475.1213140353, "Nsamples": 10, "stop_bool": 1, "per_change": -7.154527089321429}}, "68.0": {"profit": {"Value": -1995529.9109381393, "Envir": 153443.745418906, "Vars": "[42. 50.  6.  1.  2.  2.  2.  1.]", "Mean": -1095406.9679081477, "Nsamples": 7, "stop_bool": 1, "per_change": -26.59318779770053}, "envir": {"Value": 117165.41893943568, "Profit": -259839.19911026573, "Vars": "[ 4. 65.  6. 25.  2.  0.  1.  2.]", "Mean": -1095406.967908148, "Nsamples": 7, "stop_bool": 1, "per_change": -26.593187797700512}}, "36.0": {"profit": {"Value": -745848.7740314136, "Envir": 111014.84209349452, "Vars": "[86. 10.  3.  0.  1.  1.  1.  0.]", "Mean": -396564.82018678816, "Nsamples": 5, "stop_bool": 1, "per_change": -2.3780267411826657}, "envir": {"Value": 75111.80652021027, "Profit": -128301.27497382197, "Vars": "[17.  0. 71. 11.  2.  0.  2.  2.]", "Mean": -396564.82018678816, "Nsamples": 5, "stop_bool": 1, "per_change": -2.3780267411826657}}, "69.0": {"profit": {"Value": -1693947.7913078698, "Envir": 247342.07663174052, "Vars": "[47. 48. 36.  0.  1.  2.  0.  1.]", "Mean": -958703.1443683776, "Nsamples": 7, "stop_bool": 0, "per_change": 0}, "envir": {"Value": 96372.62346418467, "Profit": -454939.04946311377, "Vars": "[ 7. 45. 24. 24.  1.  1.  2.  0.]", "Mean": -958703.1443683779, "Nsamples": 7, "stop_bool": 0, "per_change": 0}},