{"farmer_1_1": {}, "farmer_1_2": {}, "farmer_1_3": {"60.0": {"profit": {"Value": -4245905.522143248, "Envir": 153919.90308586552, "Vars": "[32. 76. 72.  1.  0.  0.]", "Mean": -2715737.760504883, "Nsamples": 8, "stop_bool": 0, "per_change": 8.148724023731772}, "envir": {"Value": 64955.34366295245, "Profit": -859532.5659563745, "Vars": "[95.  0.  3.  1.  1.  0.]", "Mean": -2715737.7605048832, "Nsamples": 8, "stop_bool": 0, "per_change": 8.148724023731772}}, "16.0": {"profit": {"Value": -226208.0877127757, "Envir": 175801.48966043157, "Vars": "[67.  1. 78.  2.  0.  1.]", "Mean": -116476.45463138029, "Nsamples": 12, "stop_bool": 1, "per_change": -5.160482099806888}, "envir": {"Value": 59704.040745907194, "Profit": -6671.598973263988, "Vars": "[ 1. 91.  8.  0.  0.  2.]", "Mean": -116476.4546313803, "Nsamples": 12, "stop_bool": 1, "per_change": -5.160482099806864}}, "6.0": {"profit": {"Value": -40512.219311098954, "Envir": 116787.78490974102, "Vars": "[45. 89. 19.  1.  1.  0.]", "Mean": -25902.467785362805, "Nsamples": 5, "stop_bool": 1, "per_change": 0.7796324694054878}, "envir": {"Value": 116787.78490974102, "Profit": -40512.219311098954, "Vars": "[45. 89. 19.  1.  1.  0.]", "Mean": -25902.467785362805, "Nsamples": 5, "stop_bool": 1, "per_change": 0.7796324694054878}}, "55.0": {"profit": {"Value": -3047709.122282725, "Envir": 165893.18439197872, "Vars": "[73.  2. 24.  2.  2.  2.]", "Mean": -1837571.446353923, "Nsamples": 8, "stop_bool": 1, "per_change": -14.555828234066661}, "envir": {"Value": 92356.24235816777, "Profit": -759886.664113908, "Vars": "[95.  3.  1.  2.  0.  0.]", "Mean": -1837571.4463539233, "Nsamples": 8, "stop_bool": 1, "per_change": -14.555828234066666}}, "15.0": {"profit": {"Value": -200320.8029368117, "Envir": 155493.6449368571, "Vars": "[ 0. 73. 26.  0.  1.  2.]", "Mean": -109023.75971440991, "Nsamples": 9, "stop_bool": 1, "per_change": -7.275873865717316}, "envir": {"Value": 59821.26350609829, "Profit": -5761.546497132893, "Vars": "[14. 84.  1.  2.  1.  2.]", "Mean": -109023.75971440991, "Nsamples": 9, "stop_bool": 1, "per_change": -7.275873865717316}}, "23.0": {"profit": {"Value": -427897.7183272671, "Envir": 245928.74094677772, "Vars": "[14. 12. 73.  1.  2.  1.]", "Mean": -240219.68478739806, "Nsamples": 17, "stop_bool": 1, "per_change": 4.39051931654986}, "envir": {"Value": 67212.40934423554, "Profit": -78637.06377446244, "Vars": "[25. 66.  8.  2.  2.  1.]", "Mean": -240219.68478739806, "Nsamples": 17, "stop_bool": 1, "per_change": 4.390519316549847}}, "62.0": {"profit": {"Value": -4162510.6624781843, "Envir": 81407.62964513215, "Vars": "[87. 41. 75.  1.  0.  2.]", "Mean": -4162510.6624781843, "Nsamples": 1, "stop_bool": 0, "per_change": 0}, "envir": {"Value": 81407.62964513215, "Profit": -4162510.6624781843, "Vars": "[87. 41. 75.  1.  0.  2.]", "Mean": -4162510.6624781843, "Nsamples": 1, "stop_bool": 0, "per_change": 0}}, "22.0": {"profit": {"Value": -449807.6113410918, "Envir": 164157.02620639643, "Vars": "[17. 83.  0.  1.  1.  2.]", "Mean": -226322.4821962353, "Nsamples": 19, "stop_bool": 1, "per_change": 2.985096670798313}, "envir": {"Value": 66456.80519242783, "Profit": -74772.12242599517, "Vars": "[14. 84.  2.  0.  2.  1.]", "Mean": -226322.48219623527, "Nsamples": 19, "stop_bool": 1, "per_change": 2.9850966707982995}}, "38.0": {"profit": {"Value": -1179055.8306646883, "Envir": 115507.15412553764, "Vars": "[62. 21. 21.  1.  2.  0.]", "Mean": -715496.5250467658, "Nsamples": 3, "stop_bool": 0, "per_change": 0}, "envir": {"Value": 78905.95803083197, "Profit": -467151.5062139117, "Vars": "[95.  0.  5.  0.  0.  0.]", "Mean": -715496.5250467658, "Nsamples": 3, "stop_bool": 0, "per_change": 0}}, "28.0": {"profit": {"Value": -618698.0729491527, "Envir": 176352.43346639216, "Vars": "[ 2. 12. 86.  1.  1.  1.]", "Mean": -362406.30149196944, "Nsamples": 8, "stop_bool": 1, "per_change": -9.972463992220817}, "envir": {"Value": 73263.74737344756, "Profit": -301776.37694915256, "Vars": "[ 5. 95.  0.  2.  2.  1.]", "Mean": -362406.30149196944, "Nsamples": 8, "stop_bool": 1, "per_change": -9.972463992220817}}, "7.0": {"profit": {"Value": -44892.93505011847, "Envir": 125145.46683695064, "Vars": "[ 1. 75. 74.  0.  2.  1.]", "Mean": -44892.93505011847, "Nsamples": 1, "stop_bool": 0, "per_change": 0}, "envir": {"Value": 125145.46683695064, "Profit": -44892.93505011847, "Vars": "[ 1. 75. 74.  0.  2.  1.]", "Mean": -44892.93505011847, "Nsamples": 1, "stop_bool": 0, "per_change": 0}}, "13.0": {"profit": {"Value": -131100.20716707024, "Envir": 179129.8189432298, "Vars": "[21. 86. 63.  1.  1.  1.]", "Mean": -109423.23746536013, "Nsamples": 2, "stop_bool": 0, "per_change": 0}, "envir": {"Value": 86658.37888666382, "Profit": -87746.26776365002, "Vars": "[ 9. 89.  1.  0.  0.  2.]", "Mean": -109423.23746536013, "Nsamples": 2, "stop_bool": 0, "per_change": 0}}, "14.0": {"profit": {"Value": -182298.38740295244, "Envir": 174886.51443973964, "Vars": "[ 0. 57. 43.  1.  1.  2.]", "Mean": -86026.10394261718, "Nsamples": 7, "stop_bool": 1, "per_change": -3.373631306457302}, "envir": {"Value": 77569.33186655917, "Profit": -2852.5425479930273, "Vars": "[ 0. 95.  5.  1.  1.  0.]", "Mean": -86026.10394261718, "Nsamples": 7, "stop_bool": 1, "per_change": -3.373631306457302}}, "34.0": {"profit": {"Value": -872561.1472061239, "Envir": 177611.46056871995, "Vars": "[ 7. 93.  0.  2.  2.  0.]", "Mean": -654332.2737411533, "Nsamples": 4, "stop_bool": 0, "per_change": 0}, "envir": {"Value": 72923.06141533524, "Profit": -318667.43529576616, "Vars": "[94.  5.  1.  0.  0.  2.]", "Mean": -654332.2737411533, "Nsamples": 4, "stop_bool": 0, "per_change": 0}}, "50.0": {"profit": {"Value": -1649786.1478267459, "Envir": 150556.20008564903, "Vars": "[56.  0. 44.  1.  2.  0.]", "Mean": -915198.8595248406, "Nsamples": 6, "stop_bool": 0, "per_change": 0}, "envir": {"Value": 90072.3055427183, "Profit": -376835.5780014015, "Vars": "[98. 52. 69.  1.  1.  2.]", "Mean": -915198.8595248406, "Nsamples": 6, "stop_bool": 0, "per_change": 0}}, "2.0": {"profit": {"Value": 0.0, "Envir": 0.0, "Vars": "[92. 23. 66.  0.  2.  2.]", "Mean": 0.0, "Nsamples": 4, "stop_bool": 0, "per_change": NaN}, "envir": {"Value": 0.0, "Profit": 0.0, "Vars": "[92. 23. 66.  0.  2.  2.]", "Mean": 0.0, "Nsamples": 4, "stop_bool": 0, "per_change": NaN}}, "8.0": {"profit": {"Value": -54342.21697622952, "Envir": 138599.39927764336, "Vars": "[ 1. 90.  8.  2.  1.  2.]", "Mean": -25552.39247417313, "Nsamples": 9, "stop_bool": 1, "per_change": 0.8617685276303398}, "envir": {"Value": 63919.55892614552, "Profit": -11392.854609822985, "Vars": "[ 0. 82. 17.  0.  0.  2.]", "Mean": -25552.39247417313, "Nsamples": 9, "stop_bool": 1, "per_change": 0.8617685276303398}}, "24.0": {"profit": {"Value": -504527.28055861907, "Envir": 169934.17138180832, "Vars": "[ 0. 81. 18.  1.  1.  2.]", "Mean": -252179.93113897354, "Nsamples": 11, "stop_bool": 1, "per_change": -0.5911043967665063}, "envir": {"Value": 53747.21465445732, "Profit": -15313.662052025888, "Vars": "[ 2. 94.  4.  2.  0.  1.]", "Mean": -252179.93113897354, "Nsamples": 11, "stop_bool": 1, "per_change": -0.5911043967665063}}, "82.0": {"profit": {"Value": -5098906.1070064185, "Envir": 189466.00942741707, "Vars": "[84. 84. 16.  1.  1.  0.]", "Mean": -3768066.536115758, "Nsamples": 3, "stop_bool": 0, "per_change": 0}, "envir": {"Value": 71977.73004791632, "Profit": -1237870.2780715143, "Vars": "[88.  0. 11.  1.  1.  0.]", "Mean": -3768066.536115758, "Nsamples": 3, "stop_bool": 0, "per_change": 0}}, "3.0": {"profit": {"Value": -1015.1935593220369, "Envir": 111417.98279479443, "Vars": "[17. 39. 75.  0.  2.  0.]", "Mean": -507.59677966101845, "Nsamples": 2, "stop_bool": 1, "per_change": -50.0}, "envir": {"Value": 0.0, "Profit": 0.0, "Vars": "[23. 55. 32.  1.  2.  2.]", "Mean": -507.59677966101845, "Nsamples": 2, "stop_bool": 1, "per_change": -50.0}}, "0.0": {"profit": {"Value": 0.0, "Envir": 0.0, "Vars": "[90. 11. 57.  0.  2.  2.]", "Mean": 0.0, "Nsamples": 3, "stop_bool": 0,