{"farmer_1_1": {}, "farmer_1_2": {}, "farmer_1_3": {}, "farmer_2_1": {}, "farmer_2_2": {}, "farmer_2_3": {"25.0": {"profit": {"Value": -289043.1120268485, "Envir": 143050.55711439, "Vars": "[ 3. 83. 13.  1.  2.  1.  1.  1.]", "Mean": -140791.61915094173, "Nsamples": 8, "stop_bool": 0, "per_change": 26.031002937791243}, "envir": {"Value": 78065.4181584473, "Profit": -21343.844503402128, "Vars": "[28. 11. 60.  1.  1.  1.  2.  2.]", "Mean": -140791.61915094175, "Nsamples": 8, "stop_bool": 0, "per_change": 26.03100293779127}}, "36.0": {"profit": {"Value": -535415.2726952004, "Envir": 208640.65467845235, "Vars": "[33. 13.  1. 53.  2.  2.  1.  2.]", "Mean": -290776.1230115962, "Nsamples": 8, "stop_bool": 0, "per_change": 0}, "envir": {"Value": 89681.30109886787, "Profit": -61896.66311639847, "Vars": "[69. 91.  8. 40.  1.  2.  2.  0.]", "Mean": -290776.1230115962, "Nsamples": 8, "stop_bool": 0, "per_change": 0}}, "47.0": {"profit": {"Value": -901534.9006077825, "Envir": 223699.14345702462, "Vars": "[ 0. 66.  7. 26.  0.  0.  2.  0.]", "Mean": -745546.4453795244, "Nsamples": 4, "stop_bool": 0, "per_change": 0}, "envir": {"Value": 98361.83780677732, "Profit": -411336.1200791101, "Vars": "[ 8. 78.  2. 10.  0.  2.  0.  2.]", "Mean": -745546.4453795244, "Nsamples": 4, "stop_bool": 0, "per_change": 0}}, "80.0": {"profit": {"Value": -2379502.239131254, "Envir": 240879.67622162777, "Vars": "[97. 99. 94. 82.  2.  1.  0.  1.]", "Mean": -1680051.4269205253, "Nsamples": 5, "stop_bool": 0, "per_change": 0}, "envir": {"Value": 102472.29189598824, "Profit": -1112037.7827640655, "Vars": "[ 5. 75.  8. 12.  1.  0.  0.  2.]", "Mean": -1680051.426920525, "Nsamples": 5, "stop_bool": 0, "per_change": 0}}, "46.0": {"profit": {"Value": -1052420.3014141114, "Envir": 112832.04201018556, "Vars": "[28.  6. 29. 75.  2.  1.  2.  0.]", "Mean": -1037239.2456772211, "Nsamples": 2, "stop_bool": 0, "per_change": 0}, "envir": {"Value": 95509.39721229186, "Profit": -1022058.1899403308, "Vars": "[18. 79.  3.  0.  1.  1.  1.  2.]", "Mean": -1037239.2456772211, "Nsamples": 2, "stop_bool": 0, "per_change": 0}}, "2.0": {"profit": {"Value": 0.0, "Envir": 0.0, "Vars": "[29. 59. 40. 76.  1.  0.  2.  1.]", "Mean": 0.0, "Nsamples": 1, "stop_bool": 0, "per_change": 0}, "envir": {"Value": 0.0, "Profit": 0.0, "Vars": "[29. 59. 40. 76.  1.  0.  2.  1.]", "Mean": 0.0, "Nsamples": 1, "stop_bool": 0, "per_change": 0}}}}