{"farmer_1_1": {}, "farmer_1_2": {}, "farmer_1_3": {}, "farmer_2_1": {"25.0": {"profit": {"Value": -225428.4701446024, "Envir": 158420.43449707166, "Vars": "[ 5. 28.  0. 66.  1.  1.  1.  2.]", "Mean": -122578.90982821624, "Nsamples": 10, "stop_bool": 1, "per_change": -7.439809235228342}, "envir": {"Value": 74321.26572390931, "Profit": -21166.96467526802, "Vars": "[ 1. 85.  0. 12.  0.  1.  0.  1.]", "Mean": -122578.90982821626, "Nsamples": 10, "stop_bool": 1, "per_change": -7.439809235228352}}, "36.0": {"profit": {"Value": -741374.0679280256, "Envir": 233579.91748940124, "Vars": "[56.  0.  1. 42.  0.  2.  2.  1.]", "Mean": -447290.78217565286, "Nsamples": 5, "stop_bool": 0, "per_change": 0}, "envir": {"Value": 80345.00480076311, "Profit": -154929.09974093936, "Vars": "[75. 51. 53. 88.  0.  1.  2.  2.]", "Mean": -447290.782175653, "Nsamples": 5, "stop_bool": 0, "per_change": 0}}, "47.0": {"profit": {"Value": -1377204.572785675, "Envir": 618557.3445676946, "Vars": "[52. 63. 28. 54.  1.  1.  0.  1.]", "Mean": -754887.5187073192, "Nsamples": 8, "stop_bool": 0, "per_change": 0}, "envir": {"Value": 108231.10696402163, "Profit": -415609.630177913, "Vars": "[ 0. 66.  5. 29.  2.  2.  2.  2.]", "Mean": -754887.5187073192, "Nsamples": 8, "stop_bool": 0, "per_change": 0}}, "80.0": {"profit": {"Value": -5236016.457066741, "Envir": 707648.4049548202, "Vars": "[23. 15. 56. 66.  1.  1.  2.  1.]", "Mean": -2563771.105321137, "Nsamples": 7, "stop_bool": 0, "per_change": 0}, "envir": {"Value": 140923.63154732872, "Profit": -424695.7533429689, "Vars": "[ 6. 11. 77.  3.  0.  1.  0.  0.]", "Mean": -2563771.1053211363, "Nsamples": 7, "stop_bool": 0, "per_change": 0}}, "46.0": {"profit": {"Value": -1093158.6480738109, "Envir": 103369.34108868398, "Vars": "[54. 95. 37. 54.  1.  0.  0.  0.]", "Mean": -1093158.6480738109, "Nsamples": 1, "stop_bool": 0, "per_change": 0}, "envir": {"Value": 103369.34108868398, "Profit": -1093158.6480738109, "Vars": "[54. 95. 37. 54.  1.  0.  0.  0.]", "Mean": -1093158.6480738109, "Nsamples": 1, "stop_bool": 0, "per_change": 0}}, "2.0": {"profit": {"Value": 0.0, "Envir": 0.0, "Vars": "[61. 87. 28. 91.  2.  1.  1.  0.]", "Mean": 0.0, "Nsamples": 1, "stop_bool": 0, "per_change": 0}, "envir": {"Value": 0.0, "Profit": 0.0, "Vars": "[61. 87. 28. 91.  2.  1.  1.  0.]", "Mean": 0.0, "Nsamples": 1, "stop_bool": 0, "per_change": 0}}}}