{"desvar_nd": [[16.0, 79.0, 66.0], [2.0, 36.0, 63.0], [2.0, 85.0, 3.0], [2.0, 36.0, 97.0], [8.0, 15.0, 3.0], [14.0, 49.0, 93.0], [3.0, 36.0, 97.0], [4.0, 95.0, 59.0], [0.0, 81.0, 3.0], [4.0, 17.0, 3.0], [1.0, 95.0, 43.0], [76.0, 2.0, 37.0], [52.0, 13.0, 75.0], [65.0, 3.0, 33.0]], "nd_obj": [[-27821429.211591966, 767446.25498382], [-18002334.12087979, 515791.72581337753], [-11137145.546783121, 437828.90826972853], [-22939332.998744465, 583249.4364972946], [-414704.8994216668, 339327.8952738518], [-25589379.40095804, 696253.4989600814], [-23096012.725828327, 643722.9203753967], [-24858886.797313746, 650132.1720252307], [-10885369.185634129, 342330.06993463973], [-277153.40153339336, 215473.7111315917], [-18409074.873121675, 582814.5581180326], [-17099941.075299256, 496646.6380051378], [-25435019.46348353, 690036.2008075616], [-15350330.785283936, 484340.2270785741]]}