{"desvar_nd": [[70.0, 11.0, 52.0, 85.0, 15.0, 0.0, 0.0, 100.0, 37.0, 63.0, 14.0, 12.0, 20.0, 1.0, 2.0, 2.0, 2.0, 0.0, 1.0, 0.0, 2.0, 0.0, 1.0], [78.0, 0.0, 74.0, 95.0, 5.0, 0.0, 0.0, 100.0, 94.0, 41.0, 14.0, 86.0, 2.0, 0.0, 0.0, 2.0, 0.0, 2.0, 0.0, 0.0, 1.0, 1.0, 0.0], [66.0, 23.0, 60.0, 95.0, 5.0, 0.0, 0.0, 100.0, 90.0, 43.0, 14.0, 86.0, 2.0, 0.0, 0.0, 2.0, 0.0, 2.0, 0.0, 0.0, 1.0, 1.0, 0.0], [65.0, 23.0, 62.0, 95.0, 5.0, 0.0, 0.0, 100.0, 90.0, 42.0, 14.0, 82.0, 2.0, 0.0, 0.0, 2.0, 0.0, 2.0, 0.0, 0.0, 1.0, 1.0, 0.0], [95.0, 4.0, 66.0, 69.0, 31.0, 0.0, 0.0, 100.0, 32.0, 35.0, 22.0, 91.0, 74.0, 2.0, 2.0, 2.0, 1.0, 1.0, 1.0, 2.0, 0.0, 1.0, 2.0], [68.0, 15.0, 49.0, 92.0, 8.0, 0.0, 0.0, 100.0, 20.0, 4.0, 89.0, 54.0, 91.0, 0.0, 1.0, 2.0, 2.0, 1.0, 2.0, 0.0, 0.0, 1.0, 1.0], [66.0, 4.0, 44.0, 91.0, 9.0, 0.0, 0.0, 100.0, 15.0, 30.0, 22.0, 99.0, 57.0, 1.0, 2.0, 2.0, 2.0, 0.0, 0.0, 0.0, 1.0, 0.0, 0.0], [76.0, 10.0, 79.0, 84.0, 16.0, 0.0, 0.0, 100.0, 12.0, 68.0, 78.0, 71.0, 91.0, 0.0, 2.0, 2.0, 2.0, 0.0, 0.0, 0.0, 1.0, 2.0, 1.0], [92.0, 23.0, 26.0, 76.0, 24.0, 0.0, 0.0, 100.0, 80.0, 41.0, 89.0, 4.0, 24.0, 1.0, 2.0, 2.0, 2.0, 0.0, 1.0, 0.0, 0.0, 2.0, 2.0], [98.0, 5.0, 54.0, 92.0, 8.0, 0.0, 0.0, 100.0, 7.0, 68.0, 14.0, 42.0, 74.0, 2.0, 2.0, 2.0, 0.0, 0.0, 1.0, 0.0, 1.0, 0.0, 0.0], [80.0, 6.0, 80.0, 95.0, 5.0, 0.0, 0.0, 100.0, 43.0, 28.0, 71.0, 23.0, 74.0, 2.0, 2.0, 2.0, 0.0, 0.0, 2.0, 1.0, 0.0, 0.0, 2.0], [85.0, 29.0, 38.0, 78.0, 22.0, 0.0, 0.0, 100.0, 41.0, 19.0, 12.0, 11.0, 14.0, 1.0, 0.0, 2.0, 2.0, 0.0, 2.0, 1.0, 1.0, 1.0, 1.0], [81.0, 17.0, 34.0, 96.0, 4.0, 0.0, 0.0, 100.0, 70.0, 53.0, 67.0, 83.0, 67.0, 0.0, 0.0, 2.0, 1.0, 0.0, 2.0, 0.0, 1.0, 0.0, 1.0], [74.0, 1.0, 80.0, 98.0, 2.0, 0.0, 0.0, 100.0, 50.0, 36.0, 65.0, 27.0, 66.0, 1.0, 1.0, 2.0, 0.0, 0.0, 1.0, 1.0, 1.0, 0.0, 2.0], [74.0, 6.0, 50.0, 94.0, 6.0, 0.0, 0.0, 100.0, 54.0, 84.0, 38.0, 90.0, 78.0, 2.0, 1.0, 2.0, 0.0, 0.0, 0.0, 0.0, 0.0, 2.0, 1.0], [91.0, 12.0, 0.0, 64.0, 36.0, 0.0, 0.0, 100.0, 19.0, 71.0, 34.0, 28.0, 78.0, 0.0, 0.0, 2.0, 1.0, 2.0, 2.0, 0.0, 1.0, 2.0, 0.0], [87.0, 9.0, 64.0, 92.0, 8.0, 0.0, 0.0, 100.0, 93.0, 11.0, 4.0, 62.0, 40.0, 2.0, 0.0, 2.0, 0.0, 2.0, 2.0, 0.0, 2.0, 1.0, 0.0]], "nd_obj": [[-9644063.182527624, 7398.785562854353], [-13864739.331956465, 8224.868313455383], [-12198396.821742881, 7723.333927491923], [-12395242.709302576, 7799.682857338841], [-13846960.360757988, 7947.355093321534], [-9025299.799714493, 7268.055941568931], [-7795848.757860271, 7037.12459281309], [-14035943.640495924, 8387.79030883076], [-5742349.750630505, 6009.681303554368], [-11167407.880133282, 7483.031360652234], [-14659722.748018928, 28419.50256267569], [-7218529.543114835, 6734.331894842801], [-6326142.127134309, 6513.330451041946], [-14431848.130257353, 8419.50256267569], [-9634944.415602162, 7312.24002411585], [-5483079.858668126, 0.0], [-13438571.013042869, 7874.326703181023]]}