{"desvar_nd": [[8.0, 0.0, 95.0], [40.0, 0.0, 122.0], [32.0, 3.0, 1.0], [11.0, 88.0, 62.0], [1.0, 96.0, 59.0], [11.0, 4.0, 1.0], [46.0, 0.0, 1.0], [27.0, 0.0, 1.0], [67.0, 14.0, 71.0]], "nd_obj": [[-9407913.149901785, 4423.027713847474], [-12021468.814073246, 7585.238629065313], [-1066811.3771409825, 3061.0136891425286], [-13549798.641692087, 10843.265024503024], [-12218866.841236532, 10804.262818253545], [-7718.369332187773, 0.0], [-2131231.2278184798, 3355.620185040533], [-716868.0863860032, 2757.616255429468], [-13051007.746557418, 10830.639791729907]]}