{"desvar_nd": [[48.0, 1.0, 8.0], [2.0, 11.0, 6.0], [57.0, 1.0, 77.0], [98.0, 0.0, 100.0], [50.0, 0.0, 77.0], [9.0, 3.0, 84.0], [33.0, 5.0, 4.0], [100.0, 94.0, 85.0], [65.0, 3.0, 77.0], [38.0, 4.0, 11.0], [98.0, 40.0, 84.0], [83.0, 3.0, 84.0], [27.0, 5.0, 14.0], [59.0, 4.0, 7.0], [57.0, 4.0, 7.0], [99.0, 5.0, 84.0], [15.0, 0.0, 100.0], [25.0, 5.0, 7.0], [43.0, 5.0, 84.0], [67.0, 5.0, 84.0], [2.0, 4.0, 92.0], [28.0, 0.0, 83.0], [60.0, 3.0, 17.0], [38.0, 3.0, 77.0], [21.0, 0.0, 13.0], [19.0, 1.0, 11.0], [23.0, 1.0, 11.0], [7.0, 2.0, 100.0], [30.0, 1.0, 9.0], [22.0, 3.0, 15.0], [4.0, 3.0, 83.0], [6.0, 2.0, 44.0], [40.0, 0.0, 11.0], [26.0, 1.0, 79.0], [2.0, 1.0, 77.0], [20.0, 3.0, 13.0], [16.0, 5.0, 11.0], [21.0, 3.0, 88.0], [82.0, 1.0, 77.0], [67.0, 1.0, 73.0], [63.0, 4.0, 88.0], [38.0, 5.0, 79.0], [0.0, 1.0, 64.0], [67.0, 3.0, 75.0], [13.0, 1.0, 5.0], [6.0, 5.0, 79.0], [100.0, 4.0, 92.0], [61.0, 1.0, 64.0], [55.0, 3.0, 13.0], [29.0, 1.0, 14.0], [32.0, 3.0, 13.0], [37.0, 1.0, 17.0], [91.0, 5.0, 77.0], [7.0, 5.0, 88.0], [8.0, 14.0, 13.0], [61.0, 0.0, 73.0], [95.0, 67.0, 88.0], [54.0, 5.0, 11.0], [32.0, 2.0, 75.0], [40.0, 3.0, 84.0], [7.0, 3.0, 74.0], [13.0, 3.0, 73.0], [72.0, 3.0, 84.0], [93.0, 4.0, 77.0], [35.0, 0.0, 0.0], [65.0, 4.0, 79.0], [32.0, 5.0, 73.0], [51.0, 4.0, 7.0], [34.0, 4.0, 2.0], [29.0, 3.0, 73.0], [95.0, 73.0, 83.0], [47.0, 0.0, 8.0], [97.0, 83.0, 96.0], [98.0, 32.0, 75.0], [28.0, 2.0, 4.0], [99.0, 48.0, 85.0], [3.0, 8.0, 13.0], [26.0, 1.0, 4.0], [99.0, 1.0, 73.0], [99.0, 17.0, 92.0], [99.0, 85.0, 92.0], [34.0, 4.0, 77.0], [48.0, 0.0, 77.0], [100.0, 86.0, 88.0], [96.0, 79.0, 79.0]], "nd_obj": [[-2659971.7155916593, 2407.7453559008704], [-96591.39117160042, 1547.5902615518926], [-10505337.416184442, 5309.636649602169], [-13066796.385883555, 7472.888667336154], [-9389399.745326048, 5211.917628377428], [-6742709.633129077, 2847.8818545235013], [-1293192.263179333, 2151.7527397481167], [-14854936.466627225, 11628.115708275169], [-11189538.17801323, 5411.516794245195], [-1654718.7948949463, 2244.777298280934], [-13634657.283534763, 8110.144388190738], [-12133550.459865138, 5685.55003502028], [-866893.8103756933, 2026.0367182328791], [-4354445.559525112, 2561.496614074137], [-4049384.2457705243, 2535.132362596692], [-12902212.328434866, 5839.65556106687], [-7092315.277669297, 4699.307854053488], [-700912.3886708845, 1979.7948274400255], [-8749715.803557882, 5177.467702385337], [-11561755.935222413, 5508.978352631062], [-6759803.586562379, 2926.6752228112987], [-7640518.290656453, 4885.9305773309225], [-4527959.509367727, 2574.4446424973075], [-8102180.031196546, 5019.281585286411], [-419424.5566257909, 1878.9013179951703], [-306933.17972350225, 1823.3257398147643], [-547797.9770366321, 1930.885554381266], [-6970473.521830821, 3000.8078182424415], [-1081861.67304538, 2091.0988301549105], [-497230.44073329173, 1905.30710465661], [-6739166.003432104, 2837.668180496779], [-2399811.4659769717, 2345.7081976043632], [-1787317.8812257547, 2279.587044220265], [-7324830.571441975, 4799.157204128376], [-6470398.729939029, 2774.5042870054776], [-362817.51140201517, 1851.600039370538], [-197334.9605561197, 1731.7060628096006], [-7143354.201580765, 4766.806860813155], [-11994680.77450788, 5601.872286956795], [-11147911.284136582, 5391.551606616094], [-11369061.553845078, 5500.309587450758], [-8225010.6854777485, 5040.70740122452], [-5790057.916738265, 2624.7755677270075], [-11222529.001053005, 5413.781785627627], [-57081.50626318051, 0.0], [-6597526.814510006, 2795.9301029435865], [-13024847.772756241, 5927.48304105374], [-10325319.443984484, 5212.018046751244], [-3744937.3270702185, 2508.112366361552], [-1008255.5049816453, 2069.9391658511145], [-1228694.5714660627, 2131.9802447835605], [-1590678.1950924266, 2226.889665772868], [-12249195.829097025, 5691.599471555506], [-6759702.713648248, 2887.905542817985], [-171989.98087948136, 1663.7060401949], [-10881295.141641257, 5317.69758753277], [-13858854.758245654, 8503.986929076054], [-3600824.6114191986, 2494.343786884078], [-7622146.605856491, 4884.665532303627], [-8513956.476316871, 5127.468898743766], [-6407036.86370338, 2741.6227711517945], [-6405518.4226431055, 2730.4551085085336], [-11806566.827988092, 5567.061693570626], [-12366824.94612465, 5710.686931162474], [-1414117.0038272282, 2190.073024555948], [-11302066.655542107, 5432.942610183304], [-7573292.381871412, 4862.435353292094], [-3097713.7553589004, 2451.9365948340123], [-1355150.8681069543, 2171.110150347315], [-7337663.701093469, 4800.394274359648], [-13955671.488948468, 8523.108177155822], [-2526671.707780989, 2392.5859055462256], [-14352751.076729825, 8775.462475072429], [-13121940.726145798, 7867.341021750599], [-907270.6640047906, 2048.262396834144], [-13789996.314362995, 8257.529828010875], [-70670.74737483403, 1456.3529064938639], [-750390.7660642039, 2003.2271011847895], [-12498456.086002007, 5722.2288150519025], [-13131991.464629292, 7988.669211895574], [-14542980.19989134, 9485.755328617028], [-7957203.411998533, 4945.614437352793], [-9254828.455787228, 5182.2496429063485], [-14651364.3209682, 9813.81767424929], [-13998235.537158763, 8556.142449561696]]}