{"desvar_nd": [[60.0, 5.0, 81.0], [66.0, 2.0, 66.0], [0.0, 4.0, 87.0], [92.0, 2.0, 61.0], [66.0, 4.0, 0.0], [70.0, 3.0, 84.0], [82.0, 2.0, 67.0], [95.0, 4.0, 2.0], [58.0, 1.0, 90.0], [44.0, 5.0, 2.0], [2.0, 3.0, 5.0], [3.0, 3.0, 3.0], [82.0, 3.0, 81.0], [51.0, 5.0, 76.0], [1.0, 5.0, 10.0], [40.0, 0.0, 1.0], [28.0, 3.0, 1.0], [91.0, 2.0, 67.0], [92.0, 4.0, 3.0], [58.0, 1.0, 61.0], [65.0, 0.0, 78.0], [25.0, 4.0, 1.0], [1.0, 4.0, 98.0], [58.0, 3.0, 71.0], [1.0, 5.0, 81.0], [92.0, 0.0, 67.0], [1.0, 1.0, 76.0], [83.0, 1.0, 82.0], [73.0, 4.0, 61.0], [81.0, 4.0, 1.0], [17.0, 3.0, 3.0], [84.0, 0.0, 82.0], [12.0, 5.0, 1.0], [75.0, 2.0, 81.0], [70.0, 0.0, 86.0], [73.0, 1.0, 0.0], [1.0, 1.0, 100.0], [0.0, 0.0, 99.0]], "nd_obj": [[-30546733.092377145, 499314.5475361424], [-29930155.77759003, 490791.77151644224], [-20274198.0099794, 310139.9568873259], [-29642625.657339368, 487757.57521767856], [-12674634.74294799, 210638.05679426534], [-33041654.955639724, 526141.3835252692], [-31604504.012054373, 507987.17300728563], [-15366211.493155463, 263306.00806928246], [-30182431.132443786, 495648.4528392166], [-4789065.256215816, 191994.03392765688], [-48073.56010841724, 75954.01169622075], [-11662.914901962164, 0.0], [-33462197.423169598, 531350.5444348643], [-25379800.35099277, 437165.195364026], [-168773.9466264141, 120900.88904469924], [-3600369.945764193, 185348.1255979819], [-1996101.674466856, 178507.61881196243], [-32293801.333630867, 509333.8768606324], [-14958978.098173749, 250717.75177763475], [-24480509.084381852, 415439.0629844895], [-30764881.36483803, 501112.056355839], [-1526850.2402777888, 162403.87222921467], [-20759546.29324632, 352129.9432770282], [-27307536.953699406, 458535.84311350394], [-19421350.478518795, 271896.54413443746], [-32481019.000849452, 519250.92448449356], [-18620818.676760774, 266830.8017111429], [-33949832.911893144, 577879.8625026748], [-27762689.471826617, 474383.60653926607], [-14417135.505541475, 249106.51985790412], [-699622.3149397526, 156107.9182053985], [-34281013.23319398, 602808.4991184294], [-255081.17651822697, 155982.7452109108], [-32615713.11595949, 523237.40540456004], [-33157866.18015435, 528950.4322818877], [-13066203.400726315, 237343.78309922226], [-20858229.9746126, 354633.3782619039], [-20726528.37478309, 312263.14809131285]]}