{"desvar_nd": [[1.0, 25.0, 0.0, 65.0, 1.0, 72.0, 11.0, 17.0, 2.0, 13.0, 1.0, 37.0, 83.0, 0.0, 0.0, 0.0, 0.0, 0.0, 0.0, 0.0, 0.0, 0.0, 0.0], [92.0, 26.0, 40.0, 33.0, 0.0, 65.0, 15.0, 17.0, 0.0, 29.0, 0.0, 53.0, 83.0, 0.0, 0.0, 2.0, 0.0, 1.0, 0.0, 0.0, 2.0, 1.0, 0.0], [36.0, 27.0, 75.0, 35.0, 0.0, 65.0, 15.0, 17.0, 4.0, 29.0, 32.0, 53.0, 81.0, 0.0, 0.0, 2.0, 0.0, 1.0, 0.0, 0.0, 2.0, 1.0, 0.0], [36.0, 55.0, 0.0, 64.0, 1.0, 67.0, 0.0, 32.0, 1.0, 25.0, 19.0, 67.0, 0.0, 2.0, 2.0, 1.0, 0.0, 2.0, 1.0, 0.0, 1.0, 0.0, 0.0], [18.0, 95.0, 2.0, 64.0, 1.0, 67.0, 0.0, 32.0, 1.0, 25.0, 22.0, 67.0, 1.0, 2.0, 2.0, 1.0, 0.0, 2.0, 1.0, 0.0, 1.0, 0.0, 0.0], [2.0, 95.0, 51.0, 64.0, 1.0, 67.0, 0.0, 32.0, 1.0, 31.0, 59.0, 67.0, 0.0, 2.0, 2.0, 1.0, 0.0, 2.0, 1.0, 0.0, 1.0, 0.0, 0.0], [30.0, 27.0, 86.0, 65.0, 0.0, 67.0, 0.0, 33.0, 90.0, 1.0, 89.0, 5.0, 2.0, 0.0, 1.0, 0.0, 0.0, 0.0, 2.0, 0.0, 0.0, 1.0, 2.0], [72.0, 7.0, 74.0, 12.0, 20.0, 67.0, 0.0, 32.0, 37.0, 89.0, 21.0, 16.0, 8.0, 1.0, 0.0, 1.0, 0.0, 1.0, 0.0, 2.0, 1.0, 1.0, 0.0]], "nd_obj": [[1000000000.0, 0.0], [8277058.6589939855, 10928860.246157069], [8991324.965674996, 10375417.123987049], [499286357.5801098, 20000.0], [498816791.7055701, 112711.48697301291], [498587770.55294985, 321226.1338514757], [498394765.7044875, 609578.179241808], [498458128.3796556, 411978.7244777295]]}